번호,사업명,권역,연도,월,주차,수거일,지역1,지역2,환경,방법,종,개체수,채집기간,Index,실험개체수,Pool No.,양성 Pools,비고,확정,확정일자,입력일자,입력자(아이디),조사년도,조사월,조사주
1,일본뇌염예측,강원도보건환경연구원,2026,7,2주,2026-07-07,강원,횡성군 하대리,축사,LED1,Mansonia uniformis,1,1,1,0,0,0,,N,,2026-07-10,최연희(chldusgmlek),2026년,07월,2주
2,일본뇌염예측,강원도보건환경연구원,2026,7,2주,2026-07-07,강원,횡성군 하대리,축사,LED1,Aedes vexans,528,1,528,0,0,0,,N,,2026-07-10,최연희(chldusgmlek),2026년,07월,2주
3,일본뇌염예측,강원도보건환경연구원,2026,7,2주,2026-07-07,강원,횡성군 하대리,축사,LED1,Anopheles spp.,104,1,104,0,0,0,,N,,2026-07-10,최연희(chldusgmlek),2026년,07월,2주
4,일본뇌염예측,강원도보건환경연구원,2026,7,2주,2026-07-07,강원,횡성군 하대리,축사,LED1,Culex pipiens,15,1,15,15,1,0,,N,,2026-07-10,최연희(chldusgmlek),2026년,07월,2주
5,일본뇌염예측,강원도보건환경연구원,2026,7,2주,2026-07-06,강원,횡성군 하대리,축사,LED1,Culex orientalis,3,1,3,3,1,0,,N,,2026-07-10,최연희(chldusgmlek),2026년,07월,2주
6,일본뇌염예측,강원도보건환경연구원,2026,7,2주,2026-07-06,강원,횡성군 하대리,축사,LED1,Armigeres subalbatus,3,1,3,0,0,0,,N,,2026-07-10,최연희(chldusgmlek),2026년,07월,2주
7,일본뇌염예측,강원도보건환경연구원,2026,7,2주,2026-07-06,강원,횡성군 하대리,축사,LED1,Ochlerotatus koreicus,2,1,2,0,0,0,,N,,2026-07-10,최연희(chldusgmlek),2026년,07월,2주
8,일본뇌염예측,강원도보건환경연구원,2026,7,2주,2026-07-06,강원,횡성군 하대리,축사,LED1,Mansonia uniformis,1,1,1,0,0,0,,N,,2026-07-10,최연희(chldusgmlek),2026년,07월,2주
9,일본뇌염예측,강원도보건환경연구원,2026,7,2주,2026-07-06,강원,횡성군 하대리,축사,LED1,Aedes vexans,327,1,327,0,0,0,,N,,2026-07-10,최연희(chldusgmlek),2026년,07월,2주
10,일본뇌염예측,강원도보건환경연구원,2026,7,2주,2026-07-06,강원,횡성군 하대리,축사,LED1,Anopheles spp.,104,1,104,0,0,0,,N,,2026-07-10,최연희(chldusgmlek),2026년,07월,2주
11,일본뇌염예측,강원도보건환경연구원,2026,7,2주,2026-07-06,강원,횡성군 하대리,축사,LED1,Culex pipiens,9,1,9,9,1,0,,N,,2026-07-10,최연희(chldusgmlek),2026년,07월,2주
12,일본뇌염예측,강원도보건환경연구원,2026,7,2주,2026-07-06,강원,횡성군 하대리,축사,LED1,Culex orientalis,1,1,1,1,1,0,,N,,2026-07-10,최연희(chldusgmlek),2026년,07월,2주
13,일본뇌염예측,강원도보건환경연구원,2026,7,2주,2026-07-08,강원,강릉시 산대월리,축사,LED1,Culex tritaeniorhynchus,1,1,1,1,1,0,,N,,2026-07-10,최연희(chldusgmlek),2026년,07월,2주
14,일본뇌염예측,강원도보건환경연구원,2026,7,2주,2026-07-08,강원,강릉시 산대월리,축사,LED1,Armigeres subalbatus,22,1,22,0,0,0,,N,,2026-07-10,최연희(chldusgmlek),2026년,07월,2주
15,일본뇌염예측,강원도보건환경연구원,2026,7,2주,2026-07-08,강원,강릉시 산대월리,축사,LED1,Ochlerotatus koreicus,5,1,5,0,0,0,,N,,2026-07-10,최연희(chldusgmlek),2026년,07월,2주
16,일본뇌염예측,강원도보건환경연구원,2026,7,2주,2026-07-08,강원,강릉시 산대월리,축사,LED1,Aedes vexans,2353,1,2353,0,0,0,,N,,2026-07-10,최연희(chldusgmlek),2026년,07월,2주
17,일본뇌염예측,강원도보건환경연구원,2026,7,2주,2026-07-08,강원,강릉시 산대월리,축사,LED1,Anopheles spp.,126,1,126,0,0,0,,N,,2026-07-10,최연희(chldusgmlek),2026년,07월,2주
18,일본뇌염예측,강원도보건환경연구원,2026,7,2주,2026-07-08,강원,강릉시 산대월리,축사,LED1,Culex pipiens,11,1,11,11,1,0,,N,,2026-07-10,최연희(chldusgmlek),2026년,07월,2주
19,일본뇌염예측,강원도보건환경연구원,2026,7,2주,2026-07-07,강원,강릉시 산대월리,축사,LED1,Mansonia uniformis,2,1,2,0,0,0,,N,,2026-07-10,최연희(chldusgmlek),2026년,07월,2주
20,일본뇌염예측,강원도보건환경연구원,2026,7,2주,2026-07-07,강원,강릉시 산대월리,축사,LED1,Armigeres subalbatus,23,1,23,0,0,0,,N,,2026-07-10,최연희(chldusgmlek),2026년,07월,2주
21,일본뇌염예측,강원도보건환경연구원,2026,7,2주,2026-07-07,강원,강릉시 산대월리,축사,LED1,Ochlerotatus koreicus,2,1,2,0,0,0,,N,,2026-07-10,최연희(chldusgmlek),2026년,07월,2주
22,일본뇌염예측,강원도보건환경연구원,2026,7,2주,2026-07-07,강원,강릉시 산대월리,축사,LED1,Aedes vexans,2545,1,2545,0,0,0,,N,,2026-07-10,최연희(chldusgmlek),2026년,07월,2주
23,일본뇌염예측,강원도보건환경연구원,2026,7,2주,2026-07-07,강원,강릉시 산대월리,축사,LED1,Anopheles spp.,87,1,87,0,0,0,,N,,2026-07-10,최연희(chldusgmlek),2026년,07월,2주
24,일본뇌염예측,강원도보건환경연구원,2026,7,2주,2026-07-07,강원,강릉시 산대월리,축사,LED1,Culex pipiens,8,1,8,8,1,0,,N,,2026-07-10,최연희(chldusgmlek),2026년,07월,2주
25,일본뇌염예측,강원도보건환경연구원,2026,7,2주,2026-07-08,강원,춘천시 산천리,축사,LED1,Culex orientalis,1,1,1,1,1,0,,N,,2026-07-10,최연희(chldusgmlek),2026년,07월,2주
26,일본뇌염예측,강원도보건환경연구원,2026,7,2주,2026-07-08,강원,춘천시 산천리,축사,LED1,Armigeres subalbatus,21,1,21,0,0,0,,N,,2026-07-10,최연희(chldusgmlek),2026년,07월,2주
27,일본뇌염예측,강원도보건환경연구원,2026,7,2주,2026-07-08,강원,춘천시 산천리,축사,LED1,Ochlerotatus koreicus,1,1,1,0,0,0,,N,,2026-07-10,최연희(chldusgmlek),2026년,07월,2주
28,일본뇌염예측,강원도보건환경연구원,2026,7,2주,2026-07-08,강원,춘천시 산천리,축사,LED1,Aedes vexans,9,1,9,0,0,0,,N,,2026-07-10,최연희(chldusgmlek),2026년,07월,2주
29,일본뇌염예측,강원도보건환경연구원,2026,7,2주,2026-07-08,강원,춘천시 산천리,축사,LED1,Anopheles spp.,3,1,3,0,0,0,,N,,2026-07-10,최연희(chldusgmlek),2026년,07월,2주
30,일본뇌염예측,강원도보건환경연구원,2026,7,2주,2026-07-08,강원,춘천시 산천리,축사,LED1,Culex pipiens,6,1,6,6,1,0,,N,,2026-07-10,최연희(chldusgmlek),2026년,07월,2주
31,일본뇌염예측,강원도보건환경연구원,2026,7,2주,2026-07-07,강원,춘천시 산천리,축사,LED1,Culex orientalis,2,1,2,2,1,0,,N,,2026-07-10,최연희(chldusgmlek),2026년,07월,2주
32,일본뇌염예측,강원도보건환경연구원,2026,7,2주,2026-07-07,강원,춘천시 산천리,축사,LED1,Aedes albopictus,1,1,1,0,0,0,,N,,2026-07-10,최연희(chldusgmlek),2026년,07월,2주
33,일본뇌염예측,강원도보건환경연구원,2026,7,2주,2026-07-07,강원,춘천시 산천리,축사,LED1,Armigeres subalbatus,7,1,7,0,0,0,,N,,2026-07-10,최연희(chldusgmlek),2026년,07월,2주
34,일본뇌염예측,강원도보건환경연구원,2026,7,2주,2026-07-07,강원,춘천시 산천리,축사,LED1,Culex pipiens,8,1,8,8,1,0,,N,,2026-07-10,최연희(chldusgmlek),2026년,07월,2주
35,일본뇌염예측,강원도보건환경연구원,2026,7,2주,2026-07-07,강원,춘천시 산천리,축사,LED1,Aedes vexans,6,1,6,0,0,0,,N,,2026-07-10,최연희(chldusgmlek),2026년,07월,2주
36,일본뇌염예측,강원도보건환경연구원,2026,7,2주,2026-07-07,강원,춘천시 산천리,축사,LED1,Anopheles spp.,12,1,12,0,0,0,춘천시 신북읍 유포리 927 채집지점변경,N,,2026-07-10,최연희(chldusgmlek),2026년,07월,2주
37,일본뇌염예측,강원도보건환경연구원,2026,6,1주,2026-06-30,강원,횡성군 하대리,축사,LED1,Mansonia uniformis,1,1,1,0,0,0,,N,,2026-07-03,최연희(chldusgmlek),2026년,07월,1주
38,일본뇌염예측,강원도보건환경연구원,2026,6,1주,2026-06-30,강원,횡성군 하대리,축사,LED1,Aedes vexans,252,1,252,0,0,0,,N,,2026-07-03,최연희(chldusgmlek),2026년,07월,1주
39,일본뇌염예측,강원도보건환경연구원,2026,6,1주,2026-06-30,강원,횡성군 하대리,축사,LED1,Anopheles spp.,50,1,50,0,0,0,,N,,2026-07-03,최연희(chldusgmlek),2026년,07월,1주
40,일본뇌염예측,강원도보건환경연구원,2026,6,1주,2026-06-30,강원,횡성군 하대리,축사,LED1,Culex pipiens,5,1,5,5,1,0,,N,,2026-07-03,최연희(chldusgmlek),2026년,07월,1주
41,일본뇌염예측,강원도보건환경연구원,2026,6,1주,2026-06-29,강원,횡성군 하대리,축사,LED1,Aedes vexans,261,1,261,0,0,0,,N,,2026-07-03,최연희(chldusgmlek),2026년,07월,1주
42,일본뇌염예측,강원도보건환경연구원,2026,6,1주,2026-06-29,강원,횡성군 하대리,축사,LED1,Anopheles spp.,67,1,67,0,0,0,,N,,2026-07-03,최연희(chldusgmlek),2026년,07월,1주
43,일본뇌염예측,강원도보건환경연구원,2026,6,1주,2026-06-29,강원,횡성군 하대리,축사,LED1,Culex pipiens,14,1,14,14,1,0,,N,,2026-07-03,최연희(chldusgmlek),2026년,07월,1주
44,일본뇌염예측,강원도보건환경연구원,2026,6,1주,2026-06-29,강원,횡성군 하대리,축사,LED1,Culex orientalis,1,1,1,1,1,0,,N,,2026-07-03,최연희(chldusgmlek),2026년,07월,1주
45,일본뇌염예측,강원도보건환경연구원,2026,7,1주,2026-07-01,강원,강릉시 산대월리,축사,LED1,Armigeres subalbatus,13,1,13,0,0,0,,N,,2026-07-03,최연희(chldusgmlek),2026년,07월,1주
46,일본뇌염예측,강원도보건환경연구원,2026,7,1주,2026-07-01,강원,강릉시 산대월리,축사,LED1,Ochlerotatus koreicus,4,1,4,0,0,0,,N,,2026-07-03,최연희(chldusgmlek),2026년,07월,1주
47,일본뇌염예측,강원도보건환경연구원,2026,7,1주,2026-07-01,강원,강릉시 산대월리,축사,LED1,Aedes vexans,572,1,572,0,0,0,,N,,2026-07-03,최연희(chldusgmlek),2026년,07월,1주
48,일본뇌염예측,강원도보건환경연구원,2026,7,1주,2026-07-01,강원,강릉시 산대월리,축사,LED1,Anopheles spp.,33,1,33,0,0,0,,N,,2026-07-03,최연희(chldusgmlek),2026년,07월,1주
49,일본뇌염예측,강원도보건환경연구원,2026,7,1주,2026-07-01,강원,강릉시 산대월리,축사,LED1,Culex pipiens,8,1,8,8,1,0,,N,,2026-07-03,최연희(chldusgmlek),2026년,07월,1주
50,일본뇌염예측,강원도보건환경연구원,2026,6,1주,2026-06-30,강원,강릉시 산대월리,축사,LED1,Armigeres subalbatus,14,1,14,0,0,0,,N,,2026-07-03,최연희(chldusgmlek),2026년,07월,1주
51,일본뇌염예측,강원도보건환경연구원,2026,6,1주,2026-06-30,강원,강릉시 산대월리,축사,LED1,Ochlerotatus koreicus,2,1,2,0,0,0,,N,,2026-07-03,최연희(chldusgmlek),2026년,07월,1주
52,일본뇌염예측,강원도보건환경연구원,2026,6,1주,2026-06-30,강원,강릉시 산대월리,축사,LED1,Aedes vexans,213,1,213,0,0,0,,N,,2026-07-03,최연희(chldusgmlek),2026년,07월,1주
53,일본뇌염예측,강원도보건환경연구원,2026,6,1주,2026-06-30,강원,강릉시 산대월리,축사,LED1,Anopheles spp.,41,1,41,0,0,0,,N,,2026-07-03,최연희(chldusgmlek),2026년,07월,1주
54,일본뇌염예측,강원도보건환경연구원,2026,6,1주,2026-06-30,강원,강릉시 산대월리,축사,LED1,Culex pipiens,7,1,7,7,1,0,,N,,2026-07-03,최연희(chldusgmlek),2026년,07월,1주
55,일본뇌염예측,강원도보건환경연구원,2026,7,1주,2026-07-01,강원,춘천시 산천리,축사,LED1,Armigeres subalbatus,2,1,2,0,0,0,,N,,2026-07-03,최연희(chldusgmlek),2026년,07월,1주
56,일본뇌염예측,강원도보건환경연구원,2026,7,1주,2026-07-01,강원,춘천시 산천리,축사,LED1,Ochlerotatus koreicus,3,1,3,0,0,0,,N,,2026-07-03,최연희(chldusgmlek),2026년,07월,1주
57,일본뇌염예측,강원도보건환경연구원,2026,7,1주,2026-07-01,강원,춘천시 산천리,축사,LED1,Aedes vexans,24,1,24,0,0,0,,N,,2026-07-03,최연희(chldusgmlek),2026년,07월,1주
58,일본뇌염예측,강원도보건환경연구원,2026,7,1주,2026-07-01,강원,춘천시 산천리,축사,LED1,Anopheles spp.,329,1,329,0,0,0,,N,,2026-07-03,최연희(chldusgmlek),2026년,07월,1주
59,일본뇌염예측,강원도보건환경연구원,2026,7,1주,2026-07-01,강원,춘천시 산천리,축사,LED1,Culex pipiens,3,1,3,3,1,0,,N,,2026-07-03,최연희(chldusgmlek),2026년,07월,1주
60,일본뇌염예측,강원도보건환경연구원,2026,6,1주,2026-06-30,강원,춘천시 산천리,축사,LED1,Ochlerotatus koreicus,6,1,6,0,0,0,,N,,2026-07-03,최연희(chldusgmlek),2026년,07월,1주
61,일본뇌염예측,강원도보건환경연구원,2026,6,1주,2026-06-30,강원,춘천시 산천리,축사,LED1,Aedes albopictus,1,1,1,0,0,0,,N,,2026-07-03,최연희(chldusgmlek),2026년,07월,1주
62,일본뇌염예측,강원도보건환경연구원,2026,6,1주,2026-06-30,강원,춘천시 산천리,축사,LED1,Armigeres subalbatus,1,1,1,0,0,0,,N,,2026-07-03,최연희(chldusgmlek),2026년,07월,1주
63,일본뇌염예측,강원도보건환경연구원,2026,6,1주,2026-06-30,강원,춘천시 산천리,축사,LED1,Culex pipiens,6,1,6,6,1,0,,N,,2026-07-03,최연희(chldusgmlek),2026년,07월,1주
64,일본뇌염예측,강원도보건환경연구원,2026,6,1주,2026-06-30,강원,춘천시 산천리,축사,LED1,Aedes vexans,562,1,562,0,0,0,,N,,2026-07-03,최연희(chldusgmlek),2026년,07월,1주
65,일본뇌염예측,강원도보건환경연구원,2026,6,1주,2026-06-30,강원,춘천시 산천리,축사,LED1,Anopheles spp.,437,1,437,0,0,0,,N,,2026-07-03,최연희(chldusgmlek),2026년,07월,1주
66,일본뇌염예측,강원도보건환경연구원,2026,6,4주,2026-06-23,강원,횡성군 하대리,축사,LED1,Mansonia uniformis,2,1,2,0,0,0,,N,,2026-06-26,최연희(chldusgmlek),2026년,06월,4주
67,일본뇌염예측,강원도보건환경연구원,2026,6,4주,2026-06-23,강원,횡성군 하대리,축사,LED1,Ochlerotatus koreicus,1,1,1,0,0,0,,N,,2026-06-26,최연희(chldusgmlek),2026년,06월,4주
68,일본뇌염예측,강원도보건환경연구원,2026,6,4주,2026-06-23,강원,횡성군 하대리,축사,LED1,Aedes vexans,93,1,93,0,0,0,,N,,2026-06-26,최연희(chldusgmlek),2026년,06월,4주
69,일본뇌염예측,강원도보건환경연구원,2026,6,4주,2026-06-23,강원,횡성군 하대리,축사,LED1,Anopheles spp.,109,1,109,0,0,0,,N,,2026-06-26,최연희(chldusgmlek),2026년,06월,4주
70,일본뇌염예측,강원도보건환경연구원,2026,6,4주,2026-06-23,강원,횡성군 하대리,축사,LED1,Culex pipiens,1,1,1,1,1,0,,N,,2026-06-26,최연희(chldusgmlek),2026년,06월,4주
71,일본뇌염예측,강원도보건환경연구원,2026,6,4주,2026-06-22,강원,횡성군 하대리,축사,LED1,Aedes vexans,84,1,84,0,0,0,,N,,2026-06-26,최연희(chldusgmlek),2026년,06월,4주
72,일본뇌염예측,강원도보건환경연구원,2026,6,4주,2026-06-22,강원,횡성군 하대리,축사,LED1,Anopheles spp.,71,1,71,0,0,0,,N,,2026-06-26,최연희(chldusgmlek),2026년,06월,4주
73,일본뇌염예측,강원도보건환경연구원,2026,6,4주,2026-06-22,강원,횡성군 하대리,축사,LED1,Culex pipiens,3,1,3,3,1,0,,N,,2026-06-26,최연희(chldusgmlek),2026년,06월,4주
74,일본뇌염예측,강원도보건환경연구원,2026,6,4주,2026-06-22,강원,횡성군 하대리,축사,LED1,Culex orientalis,1,1,1,1,1,0,,N,,2026-06-26,최연희(chldusgmlek),2026년,06월,4주
75,일본뇌염예측,강원도보건환경연구원,2026,6,4주,2026-06-22,강원,횡성군 하대리,축사,LED1,Culex bitaeniorhynchus,1,1,1,1,1,0,,N,,2026-06-26,최연희(chldusgmlek),2026년,06월,4주
76,일본뇌염예측,강원도보건환경연구원,2026,6,4주,2026-06-24,강원,강릉시 산대월리,축사,LED1,Mansonia uniformis,1,1,1,0,0,0,,N,,2026-06-26,최연희(chldusgmlek),2026년,06월,4주
77,일본뇌염예측,강원도보건환경연구원,2026,6,4주,2026-06-24,강원,강릉시 산대월리,축사,LED1,Culex tritaeniorhynchus,2,1,2,2,1,0,,N,,2026-06-26,최연희(chldusgmlek),2026년,06월,4주
78,일본뇌염예측,강원도보건환경연구원,2026,6,4주,2026-06-24,강원,강릉시 산대월리,축사,LED1,Culex orientalis,2,1,2,2,1,0,,N,,2026-06-26,최연희(chldusgmlek),2026년,06월,4주
79,일본뇌염예측,강원도보건환경연구원,2026,6,4주,2026-06-24,강원,강릉시 산대월리,축사,LED1,Armigeres subalbatus,7,1,7,0,0,0,,N,,2026-06-26,최연희(chldusgmlek),2026년,06월,4주
80,일본뇌염예측,강원도보건환경연구원,2026,6,4주,2026-06-24,강원,강릉시 산대월리,축사,LED1,Ochlerotatus koreicus,3,1,3,0,0,0,,N,,2026-06-26,최연희(chldusgmlek),2026년,06월,4주
81,일본뇌염예측,강원도보건환경연구원,2026,6,4주,2026-06-24,강원,강릉시 산대월리,축사,LED1,Aedes vexans,102,1,102,0,0,0,,N,,2026-06-26,최연희(chldusgmlek),2026년,06월,4주
82,일본뇌염예측,강원도보건환경연구원,2026,6,4주,2026-06-24,강원,강릉시 산대월리,축사,LED1,Anopheles spp.,27,1,27,0,0,0,,N,,2026-06-26,최연희(chldusgmlek),2026년,06월,4주
83,일본뇌염예측,강원도보건환경연구원,2026,6,4주,2026-06-24,강원,강릉시 산대월리,축사,LED1,Culex pipiens,6,1,6,6,1,0,,N,,2026-06-26,최연희(chldusgmlek),2026년,06월,4주
84,일본뇌염예측,강원도보건환경연구원,2026,6,4주,2026-06-23,강원,강릉시 산대월리,축사,LED1,Armigeres subalbatus,12,1,12,0,0,0,,N,,2026-06-26,최연희(chldusgmlek),2026년,06월,4주
85,일본뇌염예측,강원도보건환경연구원,2026,6,4주,2026-06-23,강원,강릉시 산대월리,축사,LED1,Culex tritaeniorhynchus,3,1,3,3,1,0,,N,,2026-06-26,최연희(chldusgmlek),2026년,06월,4주
86,일본뇌염예측,강원도보건환경연구원,2026,6,4주,2026-06-23,강원,강릉시 산대월리,축사,LED1,Ochlerotatus koreicus,3,1,3,0,0,0,,N,,2026-06-26,최연희(chldusgmlek),2026년,06월,4주
87,일본뇌염예측,강원도보건환경연구원,2026,6,4주,2026-06-23,강원,강릉시 산대월리,축사,LED1,Aedes vexans,245,1,245,0,0,0,,N,,2026-06-26,최연희(chldusgmlek),2026년,06월,4주
88,일본뇌염예측,강원도보건환경연구원,2026,6,4주,2026-06-23,강원,강릉시 산대월리,축사,LED1,Anopheles spp.,12,1,12,0,0,0,,N,,2026-06-26,최연희(chldusgmlek),2026년,06월,4주
89,일본뇌염예측,강원도보건환경연구원,2026,6,4주,2026-06-23,강원,강릉시 산대월리,축사,LED1,Culex pipiens,14,1,14,14,1,0,,N,,2026-06-26,최연희(chldusgmlek),2026년,06월,4주
90,일본뇌염예측,강원도보건환경연구원,2026,6,4주,2026-06-24,강원,춘천시 산천리,축사,LED1,Culex orientalis,1,1,1,1,1,0,,N,,2026-06-26,최연희(chldusgmlek),2026년,06월,4주
91,일본뇌염예측,강원도보건환경연구원,2026,6,4주,2026-06-24,강원,춘천시 산천리,축사,LED1,Ochlerotatus koreicus,4,1,4,0,0,0,,N,,2026-06-26,최연희(chldusgmlek),2026년,06월,4주
92,일본뇌염예측,강원도보건환경연구원,2026,6,4주,2026-06-24,강원,춘천시 산천리,축사,LED1,Aedes vexans,81,1,81,0,0,0,,N,,2026-06-26,최연희(chldusgmlek),2026년,06월,4주
93,일본뇌염예측,강원도보건환경연구원,2026,6,4주,2026-06-24,강원,춘천시 산천리,축사,LED1,Anopheles spp.,128,1,128,0,0,0,,N,,2026-06-26,최연희(chldusgmlek),2026년,06월,4주
94,일본뇌염예측,강원도보건환경연구원,2026,6,4주,2026-06-24,강원,춘천시 산천리,축사,LED1,Culex pipiens,7,1,7,7,1,0,,N,,2026-06-26,최연희(chldusgmlek),2026년,06월,4주
95,일본뇌염예측,강원도보건환경연구원,2026,6,4주,2026-06-23,강원,춘천시 산천리,축사,LED1,Armigeres subalbatus,2,1,2,0,0,0,,N,,2026-06-26,최연희(chldusgmlek),2026년,06월,4주
96,일본뇌염예측,강원도보건환경연구원,2026,6,4주,2026-06-23,강원,춘천시 산천리,축사,LED1,Culex pipiens,14,1,14,14,1,0,,N,,2026-06-26,최연희(chldusgmlek),2026년,06월,4주
97,일본뇌염예측,강원도보건환경연구원,2026,6,4주,2026-06-23,강원,춘천시 산천리,축사,LED1,Aedes vexans,69,1,69,0,0,0,,N,,2026-06-26,최연희(chldusgmlek),2026년,06월,4주
98,일본뇌염예측,강원도보건환경연구원,2026,6,4주,2026-06-23,강원,춘천시 산천리,축사,LED1,Anopheles spp.,368,1,368,0,0,0,,N,,2026-06-26,최연희(chldusgmlek),2026년,06월,4주
99,일본뇌염예측,강원도보건환경연구원,2026,6,3주,2026-06-16,강원,횡성군 하대리,축사,LED1,Aedes vexans,196,1,196,0,0,0,,N,,2026-06-19,최연희(chldusgmlek),2026년,06월,3주
100,일본뇌염예측,강원도보건환경연구원,2026,6,3주,2026-06-16,강원,횡성군 하대리,축사,LED1,Anopheles spp.,38,1,38,0,0,0,,N,,2026-06-19,최연희(chldusgmlek),2026년,06월,3주
101,일본뇌염예측,강원도보건환경연구원,2026,6,3주,2026-06-16,강원,횡성군 하대리,축사,LED1,Culex pipiens,4,1,4,4,1,0,,N,,2026-06-19,최연희(chldusgmlek),2026년,06월,3주
102,일본뇌염예측,강원도보건환경연구원,2026,6,3주,2026-06-15,강원,횡성군 하대리,축사,LED1,Aedes vexans,67,1,67,0,0,0,,N,,2026-06-19,최연희(chldusgmlek),2026년,06월,3주
103,일본뇌염예측,강원도보건환경연구원,2026,6,3주,2026-06-15,강원,횡성군 하대리,축사,LED1,Anopheles spp.,5,1,5,0,0,0,,N,,2026-06-19,최연희(chldusgmlek),2026년,06월,3주
104,일본뇌염예측,강원도보건환경연구원,2026,6,3주,2026-06-17,강원,강릉시 산대월리,축사,LED1,Armigeres subalbatus,27,1,27,0,0,0,,N,,2026-06-19,최연희(chldusgmlek),2026년,06월,3주
105,일본뇌염예측,강원도보건환경연구원,2026,6,3주,2026-06-17,강원,강릉시 산대월리,축사,LED1,Culex orientalis,1,1,1,1,1,0,,N,,2026-06-19,최연희(chldusgmlek),2026년,06월,3주
106,일본뇌염예측,강원도보건환경연구원,2026,6,3주,2026-06-17,강원,강릉시 산대월리,축사,LED1,Aedes vexans,399,1,399,0,0,0,,N,,2026-06-19,최연희(chldusgmlek),2026년,06월,3주
107,일본뇌염예측,강원도보건환경연구원,2026,6,3주,2026-06-17,강원,강릉시 산대월리,축사,LED1,Anopheles spp.,16,1,16,0,0,0,,N,,2026-06-19,최연희(chldusgmlek),2026년,06월,3주
108,일본뇌염예측,강원도보건환경연구원,2026,6,3주,2026-06-17,강원,강릉시 산대월리,축사,LED1,Culex pipiens,21,1,21,21,1,0,,N,,2026-06-19,최연희(chldusgmlek),2026년,06월,3주
109,일본뇌염예측,강원도보건환경연구원,2026,6,3주,2026-06-16,강원,강릉시 산대월리,축사,LED1,Ochlerotatus koreicus,1,1,1,0,0,0,,N,,2026-06-19,최연희(chldusgmlek),2026년,06월,3주
110,일본뇌염예측,강원도보건환경연구원,2026,6,3주,2026-06-16,강원,강릉시 산대월리,축사,LED1,Aedes vexans,88,1,88,0,0,0,,N,,2026-06-19,최연희(chldusgmlek),2026년,06월,3주
111,일본뇌염예측,강원도보건환경연구원,2026,6,3주,2026-06-16,강원,강릉시 산대월리,축사,LED1,Anopheles spp.,4,1,4,0,0,0,,N,,2026-06-19,최연희(chldusgmlek),2026년,06월,3주
112,일본뇌염예측,강원도보건환경연구원,2026,6,3주,2026-06-16,강원,강릉시 산대월리,축사,LED1,Culex pipiens,1,1,1,1,1,0,,N,,2026-06-19,최연희(chldusgmlek),2026년,06월,3주
113,일본뇌염예측,강원도보건환경연구원,2026,6,3주,2026-06-17,강원,춘천시 산천리,축사,LED1,Culex orientalis,2,1,2,2,1,0,,N,,2026-06-19,최연희(chldusgmlek),2026년,06월,3주
114,일본뇌염예측,강원도보건환경연구원,2026,6,3주,2026-06-17,강원,춘천시 산천리,축사,LED1,Armigeres subalbatus,2,1,2,0,0,0,,N,,2026-06-19,최연희(chldusgmlek),2026년,06월,3주
115,일본뇌염예측,강원도보건환경연구원,2026,6,3주,2026-06-17,강원,춘천시 산천리,축사,LED1,Ochlerotatus koreicus,1,1,1,0,0,0,,N,,2026-06-19,최연희(chldusgmlek),2026년,06월,3주
116,일본뇌염예측,강원도보건환경연구원,2026,6,3주,2026-06-17,강원,춘천시 산천리,축사,LED1,Aedes albopictus,1,1,1,0,0,0,,N,,2026-06-19,최연희(chldusgmlek),2026년,06월,3주
117,일본뇌염예측,강원도보건환경연구원,2026,6,3주,2026-06-17,강원,춘천시 산천리,축사,LED1,Aedes vexans,197,1,197,0,0,0,,N,,2026-06-19,최연희(chldusgmlek),2026년,06월,3주
118,일본뇌염예측,강원도보건환경연구원,2026,6,3주,2026-06-17,강원,춘천시 산천리,축사,LED1,Anopheles spp.,272,1,272,0,0,0,,N,,2026-06-19,최연희(chldusgmlek),2026년,06월,3주
119,일본뇌염예측,강원도보건환경연구원,2026,6,3주,2026-06-17,강원,춘천시 산천리,축사,LED1,Culex pipiens,10,1,10,10,1,0,,N,,2026-06-19,최연희(chldusgmlek),2026년,06월,3주
120,일본뇌염예측,강원도보건환경연구원,2026,6,3주,2026-06-16,강원,춘천시 산천리,축사,LED1,Armigeres subalbatus,2,1,2,0,0,0,,N,,2026-06-19,최연희(chldusgmlek),2026년,06월,3주
121,일본뇌염예측,강원도보건환경연구원,2026,6,3주,2026-06-16,강원,춘천시 산천리,축사,LED1,Ochlerotatus koreicus,1,1,1,0,0,0,,N,,2026-06-19,최연희(chldusgmlek),2026년,06월,3주
122,일본뇌염예측,강원도보건환경연구원,2026,6,3주,2026-06-16,강원,춘천시 산천리,축사,LED1,Aedes albopictus,1,1,1,0,0,0,,N,,2026-06-19,최연희(chldusgmlek),2026년,06월,3주
123,일본뇌염예측,강원도보건환경연구원,2026,6,3주,2026-06-16,강원,춘천시 산천리,축사,LED1,Culex pipiens,4,1,4,4,1,0,,N,,2026-06-19,최연희(chldusgmlek),2026년,06월,3주
124,일본뇌염예측,강원도보건환경연구원,2026,6,3주,2026-06-16,강원,춘천시 산천리,축사,LED1,Aedes vexans,225,1,225,0,0,0,,N,,2026-06-19,최연희(chldusgmlek),2026년,06월,3주
125,일본뇌염예측,강원도보건환경연구원,2026,6,3주,2026-06-16,강원,춘천시 산천리,축사,LED1,Anopheles spp.,214,1,214,0,0,0,,N,,2026-06-19,최연희(chldusgmlek),2026년,06월,3주
126,일본뇌염예측,강원도보건환경연구원,2026,6,2주,2026-06-09,강원,횡성군 하대리,축사,LED1,Aedes vexans,137,1,137,0,0,0,,N,,2026-06-12,최연희(chldusgmlek),2026년,06월,2주
127,일본뇌염예측,강원도보건환경연구원,2026,6,2주,2026-06-09,강원,횡성군 하대리,축사,LED1,Anopheles spp.,12,1,12,0,0,0,,N,,2026-06-12,최연희(chldusgmlek),2026년,06월,2주
128,일본뇌염예측,강원도보건환경연구원,2026,6,2주,2026-06-09,강원,횡성군 하대리,축사,LED1,Culex pipiens,7,1,7,7,1,0,,N,,2026-06-12,최연희(chldusgmlek),2026년,06월,2주
129,일본뇌염예측,강원도보건환경연구원,2026,6,2주,2026-06-08,강원,횡성군 하대리,축사,LED1,Aedes vexans,101,1,101,0,0,0,,N,,2026-06-12,최연희(chldusgmlek),2026년,06월,2주
130,일본뇌염예측,강원도보건환경연구원,2026,6,2주,2026-06-08,강원,횡성군 하대리,축사,LED1,Anopheles spp.,9,1,9,0,0,0,,N,,2026-06-12,최연희(chldusgmlek),2026년,06월,2주
131,일본뇌염예측,강원도보건환경연구원,2026,6,2주,2026-06-08,강원,횡성군 하대리,축사,LED1,Culex pipiens,3,1,3,3,1,0,,N,,2026-06-12,최연희(chldusgmlek),2026년,06월,2주
132,일본뇌염예측,강원도보건환경연구원,2026,6,2주,2026-06-10,강원,강릉시 산대월리,축사,LED1,Armigeres subalbatus,12,1,12,0,0,0,,N,,2026-06-12,최연희(chldusgmlek),2026년,06월,2주
133,일본뇌염예측,강원도보건환경연구원,2026,6,2주,2026-06-10,강원,강릉시 산대월리,축사,LED1,Ochlerotatus koreicus,2,1,2,0,0,0,,N,,2026-06-12,최연희(chldusgmlek),2026년,06월,2주
134,일본뇌염예측,강원도보건환경연구원,2026,6,2주,2026-06-10,강원,강릉시 산대월리,축사,LED1,Aedes vexans,292,1,292,0,0,0,,N,,2026-06-12,최연희(chldusgmlek),2026년,06월,2주
135,일본뇌염예측,강원도보건환경연구원,2026,6,2주,2026-06-10,강원,강릉시 산대월리,축사,LED1,Anopheles spp.,5,1,5,0,0,0,,N,,2026-06-12,최연희(chldusgmlek),2026년,06월,2주
136,일본뇌염예측,강원도보건환경연구원,2026,6,2주,2026-06-10,강원,강릉시 산대월리,축사,LED1,Culex pipiens,8,1,8,8,1,0,,N,,2026-06-12,최연희(chldusgmlek),2026년,06월,2주
137,일본뇌염예측,강원도보건환경연구원,2026,6,2주,2026-06-09,강원,강릉시 산대월리,축사,LED1,Armigeres subalbatus,1,1,1,0,0,0,,N,,2026-06-12,최연희(chldusgmlek),2026년,06월,2주
138,일본뇌염예측,강원도보건환경연구원,2026,6,2주,2026-06-09,강원,강릉시 산대월리,축사,LED1,Aedes vexans,102,1,102,0,0,0,,N,,2026-06-12,최연희(chldusgmlek),2026년,06월,2주
139,일본뇌염예측,강원도보건환경연구원,2026,6,2주,2026-06-09,강원,강릉시 산대월리,축사,LED1,Anopheles spp.,3,1,3,0,0,0,,N,,2026-06-12,최연희(chldusgmlek),2026년,06월,2주
140,일본뇌염예측,강원도보건환경연구원,2026,6,2주,2026-06-09,강원,강릉시 산대월리,축사,LED1,Culex pipiens,4,1,4,4,1,0,,N,,2026-06-12,최연희(chldusgmlek),2026년,06월,2주
141,일본뇌염예측,강원도보건환경연구원,2026,6,2주,2026-06-10,강원,춘천시 산천리,축사,LED1,Aedes vexans,162,1,162,0,0,0,,N,,2026-06-12,최연희(chldusgmlek),2026년,06월,2주
142,일본뇌염예측,강원도보건환경연구원,2026,6,2주,2026-06-10,강원,춘천시 산천리,축사,LED1,Anopheles spp.,110,1,110,0,0,0,,N,,2026-06-12,최연희(chldusgmlek),2026년,06월,2주
143,일본뇌염예측,강원도보건환경연구원,2026,6,2주,2026-06-10,강원,춘천시 산천리,축사,LED1,Culex pipiens,7,1,7,7,1,0,,N,,2026-06-12,최연희(chldusgmlek),2026년,06월,2주
144,일본뇌염예측,강원도보건환경연구원,2026,6,2주,2026-06-10,강원,춘천시 산천리,축사,LED1,Armigeres subalbatus,2,1,2,0,0,0,,N,,2026-06-12,최연희(chldusgmlek),2026년,06월,2주
145,일본뇌염예측,강원도보건환경연구원,2026,6,2주,2026-06-09,강원,춘천시 산천리,축사,LED1,Culex pipiens,7,1,7,7,1,0,,N,,2026-06-12,최연희(chldusgmlek),2026년,06월,2주
146,일본뇌염예측,강원도보건환경연구원,2026,6,2주,2026-06-09,강원,춘천시 산천리,축사,LED1,Aedes vexans,99,1,99,0,0,0,,N,,2026-06-12,최연희(chldusgmlek),2026년,06월,2주
147,일본뇌염예측,강원도보건환경연구원,2026,6,2주,2026-06-09,강원,춘천시 산천리,축사,LED1,Anopheles spp.,62,1,62,0,0,0,,N,,2026-06-12,최연희(chldusgmlek),2026년,06월,2주
148,일본뇌염예측,강원도보건환경연구원,2026,6,1주,2026-06-02,강원,횡성군 하대리,축사,LED1,Armigeres subalbatus,1,1,1,0,0,0,,N,,2026-06-05,최연희(chldusgmlek),2026년,06월,1주
149,일본뇌염예측,강원도보건환경연구원,2026,6,1주,2026-06-02,강원,횡성군 하대리,축사,LED1,Aedes vexans,87,1,87,0,0,0,,N,,2026-06-05,최연희(chldusgmlek),2026년,06월,1주
150,일본뇌염예측,강원도보건환경연구원,2026,6,1주,2026-06-02,강원,횡성군 하대리,축사,LED1,Anopheles spp.,6,1,6,0,0,0,,N,,2026-06-05,최연희(chldusgmlek),2026년,06월,1주
151,일본뇌염예측,강원도보건환경연구원,2026,6,1주,2026-06-02,강원,횡성군 하대리,축사,LED1,Culex pipiens,5,1,5,5,1,0,,N,,2026-06-05,최연희(chldusgmlek),2026년,06월,1주
152,일본뇌염예측,강원도보건환경연구원,2026,6,1주,2026-06-01,강원,횡성군 하대리,축사,LED1,Aedes vexans,115,1,115,0,0,0,,N,,2026-06-05,최연희(chldusgmlek),2026년,06월,1주
153,일본뇌염예측,강원도보건환경연구원,2026,6,1주,2026-06-01,강원,횡성군 하대리,축사,LED1,Anopheles spp.,3,1,3,0,0,0,,N,,2026-06-05,최연희(chldusgmlek),2026년,06월,1주
154,일본뇌염예측,강원도보건환경연구원,2026,6,1주,2026-06-01,강원,횡성군 하대리,축사,LED1,Culex pipiens,4,1,4,4,1,0,,N,,2026-06-05,최연희(chldusgmlek),2026년,06월,1주
155,일본뇌염예측,강원도보건환경연구원,2026,6,1주,2026-06-01,강원,횡성군 하대리,축사,LED1,Culex orientalis,1,1,1,1,1,0,,N,,2026-06-05,최연희(chldusgmlek),2026년,06월,1주
156,일본뇌염예측,강원도보건환경연구원,2026,6,1주,2026-06-04,강원,강릉시 산대월리,축사,LED1,Armigeres subalbatus,1,1,1,0,0,0,,N,,2026-06-05,최연희(chldusgmlek),2026년,06월,1주
157,일본뇌염예측,강원도보건환경연구원,2026,6,1주,2026-06-04,강원,강릉시 산대월리,축사,LED1,Ochlerotatus koreicus,1,1,1,0,0,0,,N,,2026-06-05,최연희(chldusgmlek),2026년,06월,1주
158,일본뇌염예측,강원도보건환경연구원,2026,6,1주,2026-06-04,강원,강릉시 산대월리,축사,LED1,Aedes vexans,379,1,379,0,0,0,,N,,2026-06-05,최연희(chldusgmlek),2026년,06월,1주
159,일본뇌염예측,강원도보건환경연구원,2026,6,1주,2026-06-04,강원,강릉시 산대월리,축사,LED1,Anopheles spp.,14,1,14,0,0,0,,N,,2026-06-05,최연희(chldusgmlek),2026년,06월,1주
160,일본뇌염예측,강원도보건환경연구원,2026,6,1주,2026-06-04,강원,강릉시 산대월리,축사,LED1,Culex pipiens,7,1,7,7,1,0,,N,,2026-06-05,최연희(chldusgmlek),2026년,06월,1주
161,일본뇌염예측,강원도보건환경연구원,2026,6,1주,2026-06-03,강원,강릉시 산대월리,축사,LED1,Armigeres subalbatus,3,1,3,0,0,0,,N,,2026-06-05,최연희(chldusgmlek),2026년,06월,1주
162,일본뇌염예측,강원도보건환경연구원,2026,6,1주,2026-06-03,강원,강릉시 산대월리,축사,LED1,Ochlerotatus dorsalis,1,1,1,0,0,0,,N,,2026-06-05,최연희(chldusgmlek),2026년,06월,1주
163,일본뇌염예측,강원도보건환경연구원,2026,6,1주,2026-06-03,강원,강릉시 산대월리,축사,LED1,Aedes vexans,524,1,524,0,0,0,,N,,2026-06-05,최연희(chldusgmlek),2026년,06월,1주
164,일본뇌염예측,강원도보건환경연구원,2026,6,1주,2026-06-03,강원,강릉시 산대월리,축사,LED1,Anopheles spp.,9,1,9,0,0,0,,N,,2026-06-05,최연희(chldusgmlek),2026년,06월,1주
165,일본뇌염예측,강원도보건환경연구원,2026,6,1주,2026-06-03,강원,강릉시 산대월리,축사,LED1,Culex pipiens,12,1,12,12,1,0,,N,,2026-06-05,최연희(chldusgmlek),2026년,06월,1주
166,일본뇌염예측,강원도보건환경연구원,2026,6,1주,2026-06-03,강원,춘천시 산천리,축사,LED1,Aedes vexans,201,1,201,0,0,0,,N,,2026-06-05,최연희(chldusgmlek),2026년,06월,1주
167,일본뇌염예측,강원도보건환경연구원,2026,6,1주,2026-06-03,강원,춘천시 산천리,축사,LED1,Anopheles spp.,191,1,191,0,0,0,,N,,2026-06-05,최연희(chldusgmlek),2026년,06월,1주
168,일본뇌염예측,강원도보건환경연구원,2026,6,1주,2026-06-03,강원,춘천시 산천리,축사,LED1,Culex pipiens,3,1,3,3,1,0,,N,,2026-06-05,최연희(chldusgmlek),2026년,06월,1주
169,일본뇌염예측,강원도보건환경연구원,2026,6,1주,2026-06-03,강원,춘천시 산천리,축사,LED1,Culex orientalis,1,1,1,1,1,0,,N,,2026-06-05,최연희(chldusgmlek),2026년,06월,1주
170,일본뇌염예측,강원도보건환경연구원,2026,6,1주,2026-06-02,강원,춘천시 산천리,축사,LED1,Ochlerotatus koreicus,1,1,1,0,0,0,,N,,2026-06-05,최연희(chldusgmlek),2026년,06월,1주
171,일본뇌염예측,강원도보건환경연구원,2026,6,1주,2026-06-02,강원,춘천시 산천리,축사,LED1,Aedes vexans,330,1,330,0,0,0,,N,,2026-06-05,최연희(chldusgmlek),2026년,06월,1주
172,일본뇌염예측,강원도보건환경연구원,2026,6,1주,2026-06-02,강원,춘천시 산천리,축사,LED1,Anopheles spp.,210,1,210,0,0,0,,N,,2026-06-05,최연희(chldusgmlek),2026년,06월,1주
173,일본뇌염예측,강원도보건환경연구원,2026,5,4주,2026-05-26,강원,횡성군 하대리,축사,LED1,Aedes vexans,175,1,175,0,0,0,,N,,2026-05-28,오유경(yuyu66),2026년,05월,4주
174,일본뇌염예측,강원도보건환경연구원,2026,5,4주,2026-05-26,강원,횡성군 하대리,축사,LED1,Culex pipiens,4,1,4,4,1,0,,N,,2026-05-28,오유경(yuyu66),2026년,05월,4주
175,일본뇌염예측,강원도보건환경연구원,2026,5,4주,2026-05-25,강원,횡성군 하대리,축사,LED1,Aedes vexans,240,1,240,0,0,0,,N,,2026-05-28,오유경(yuyu66),2026년,05월,4주
176,일본뇌염예측,강원도보건환경연구원,2026,5,4주,2026-05-25,강원,횡성군 하대리,축사,LED1,Anopheles spp.,1,1,1,0,0,0,,N,,2026-05-28,오유경(yuyu66),2026년,05월,4주
177,일본뇌염예측,강원도보건환경연구원,2026,5,4주,2026-05-25,강원,횡성군 하대리,축사,LED1,Culex pipiens,5,1,5,5,1,0,,N,,2026-05-28,오유경(yuyu66),2026년,05월,4주
178,일본뇌염예측,강원도보건환경연구원,2026,5,4주,2026-05-28,강원,강릉시 산대월리,축사,LED1,Armigeres subalbatus,1,1,1,0,0,0,,N,,2026-05-28,오유경(yuyu66),2026년,05월,4주
179,일본뇌염예측,강원도보건환경연구원,2026,5,4주,2026-05-28,강원,강릉시 산대월리,축사,LED1,Ochlerotatus koreicus,1,1,1,0,0,0,,N,,2026-05-28,오유경(yuyu66),2026년,05월,4주
180,일본뇌염예측,강원도보건환경연구원,2026,5,4주,2026-05-28,강원,강릉시 산대월리,축사,LED1,Aedes vexans,312,1,312,0,0,0,,N,,2026-05-28,오유경(yuyu66),2026년,05월,4주
181,일본뇌염예측,강원도보건환경연구원,2026,5,4주,2026-05-28,강원,강릉시 산대월리,축사,LED1,Culex pipiens,40,1,40,40,2,0,,N,,2026-05-28,오유경(yuyu66),2026년,05월,4주
182,일본뇌염예측,강원도보건환경연구원,2026,5,4주,2026-05-27,강원,강릉시 산대월리,축사,LED1,Ochlerotatus koreicus,2,1,2,0,0,0,,N,,2026-05-28,오유경(yuyu66),2026년,05월,4주
183,일본뇌염예측,강원도보건환경연구원,2026,5,4주,2026-05-27,강원,강릉시 산대월리,축사,LED1,Aedes vexans,238,1,238,0,0,0,,N,,2026-05-28,오유경(yuyu66),2026년,05월,4주
184,일본뇌염예측,강원도보건환경연구원,2026,5,4주,2026-05-27,강원,강릉시 산대월리,축사,LED1,Culex pipiens,31,1,31,31,2,0,,N,,2026-05-28,오유경(yuyu66),2026년,05월,4주
185,일본뇌염예측,강원도보건환경연구원,2026,5,4주,2026-05-28,강원,춘천시 산천리,축사,LED1,Aedes vexans,139,1,139,0,0,0,,N,,2026-05-28,오유경(yuyu66),2026년,05월,4주
186,일본뇌염예측,강원도보건환경연구원,2026,5,4주,2026-05-28,강원,춘천시 산천리,축사,LED1,Anopheles spp.,108,1,108,0,0,0,,N,,2026-05-28,오유경(yuyu66),2026년,05월,4주
187,일본뇌염예측,강원도보건환경연구원,2026,5,4주,2026-05-28,강원,춘천시 산천리,축사,LED1,Culex pipiens,2,1,2,2,1,0,,N,,2026-05-28,오유경(yuyu66),2026년,05월,4주
188,일본뇌염예측,강원도보건환경연구원,2026,5,4주,2026-05-27,강원,춘천시 산천리,축사,LED1,Aedes vexans,347,1,347,0,0,0,,N,,2026-05-28,오유경(yuyu66),2026년,05월,4주
189,일본뇌염예측,강원도보건환경연구원,2026,5,4주,2026-05-27,강원,춘천시 산천리,축사,LED1,Anopheles spp.,47,1,47,0,0,0,,N,,2026-05-28,오유경(yuyu66),2026년,05월,4주
190,일본뇌염예측,강원도보건환경연구원,2026,5,4주,2026-05-27,강원,춘천시 산천리,축사,LED1,Culex pipiens,2,1,2,2,1,0,,N,,2026-05-28,오유경(yuyu66),2026년,05월,4주
191,일본뇌염예측,강원도보건환경연구원,2026,5,3주,2026-05-19,강원,횡성군 하대리,축사,LED1,Aedes vexans,69,1,69,0,0,0,,N,,2026-05-22,오유경(yuyu66),2026년,05월,3주
192,일본뇌염예측,강원도보건환경연구원,2026,5,3주,2026-05-19,강원,횡성군 하대리,축사,LED1,Culex pipiens,10,1,10,10,1,0,,N,,2026-05-22,오유경(yuyu66),2026년,05월,3주
193,일본뇌염예측,강원도보건환경연구원,2026,5,3주,2026-05-18,강원,횡성군 하대리,축사,LED1,Aedes vexans,50,1,50,0,0,0,,N,,2026-05-22,오유경(yuyu66),2026년,05월,3주
194,일본뇌염예측,강원도보건환경연구원,2026,5,3주,2026-05-18,강원,횡성군 하대리,축사,LED1,Culex pipiens,3,1,3,3,1,0,,N,,2026-05-22,오유경(yuyu66),2026년,05월,3주
195,일본뇌염예측,강원도보건환경연구원,2026,5,3주,2026-05-20,강원,강릉시 산대월리,축사,LED1,Armigeres subalbatus,1,1,1,0,0,0,,N,,2026-05-22,오유경(yuyu66),2026년,05월,3주
196,일본뇌염예측,강원도보건환경연구원,2026,5,3주,2026-05-20,강원,강릉시 산대월리,축사,LED1,Aedes vexans,1000,1,1000,0,0,0,,N,,2026-05-22,오유경(yuyu66),2026년,05월,3주
197,일본뇌염예측,강원도보건환경연구원,2026,5,3주,2026-05-20,강원,강릉시 산대월리,축사,LED1,Anopheles spp.,1,1,1,0,0,0,,N,,2026-05-22,오유경(yuyu66),2026년,05월,3주
198,일본뇌염예측,강원도보건환경연구원,2026,5,3주,2026-05-20,강원,강릉시 산대월리,축사,LED1,Culex pipiens,25,1,25,25,1,0,,N,,2026-05-22,오유경(yuyu66),2026년,05월,3주
199,일본뇌염예측,강원도보건환경연구원,2026,5,3주,2026-05-19,강원,강릉시 산대월리,축사,LED1,Armigeres subalbatus,5,1,5,0,0,0,,N,,2026-05-22,오유경(yuyu66),2026년,05월,3주
200,일본뇌염예측,강원도보건환경연구원,2026,5,3주,2026-05-19,강원,강릉시 산대월리,축사,LED1,Ochlerotatus koreicus,1,1,1,0,0,0,,N,,2026-05-22,오유경(yuyu66),2026년,05월,3주
201,일본뇌염예측,강원도보건환경연구원,2026,5,3주,2026-05-19,강원,강릉시 산대월리,축사,LED1,Aedes vexans,2567,1,2567,0,0,0,,N,,2026-05-22,오유경(yuyu66),2026년,05월,3주
202,일본뇌염예측,강원도보건환경연구원,2026,5,3주,2026-05-19,강원,강릉시 산대월리,축사,LED1,Anopheles spp.,1,1,1,0,0,0,,N,,2026-05-22,오유경(yuyu66),2026년,05월,3주
203,일본뇌염예측,강원도보건환경연구원,2026,5,3주,2026-05-19,강원,강릉시 산대월리,축사,LED1,Culex pipiens,21,1,21,21,1,0,,N,,2026-05-22,오유경(yuyu66),2026년,05월,3주
204,일본뇌염예측,강원도보건환경연구원,2026,5,3주,2026-05-20,강원,춘천시 산천리,축사,LED1,Aedes vexans,59,1,59,0,0,0,,N,,2026-05-22,오유경(yuyu66),2026년,05월,3주
205,일본뇌염예측,강원도보건환경연구원,2026,5,3주,2026-05-20,강원,춘천시 산천리,축사,LED1,Anopheles spp.,2,1,2,0,0,0,,N,,2026-05-22,오유경(yuyu66),2026년,05월,3주
206,일본뇌염예측,강원도보건환경연구원,2026,5,3주,2026-05-20,강원,춘천시 산천리,축사,LED1,Culex pipiens,2,1,2,2,1,0,,N,,2026-05-22,오유경(yuyu66),2026년,05월,3주
207,일본뇌염예측,강원도보건환경연구원,2026,5,3주,2026-05-19,강원,춘천시 산천리,축사,LED1,Aedes vexans,78,1,78,0,0,0,,N,,2026-05-22,오유경(yuyu66),2026년,05월,3주
208,일본뇌염예측,강원도보건환경연구원,2026,5,3주,2026-05-19,강원,춘천시 산천리,축사,LED1,Anopheles spp.,5,1,5,0,0,0,,N,,2026-05-22,오유경(yuyu66),2026년,05월,3주
209,일본뇌염예측,강원도보건환경연구원,2026,5,3주,2026-05-19,강원,춘천시 산천리,축사,LED1,Culex pipiens,3,1,3,3,1,0,,N,,2026-05-22,오유경(yuyu66),2026년,05월,3주
210,일본뇌염예측,강원도보건환경연구원,2026,5,2주,2026-05-12,강원,횡성군 하대리,축사,LED1,Aedes vexans,17,1,17,0,0,0,,N,,2026-05-14,오유경(yuyu66),2026년,05월,2주
211,일본뇌염예측,강원도보건환경연구원,2026,5,2주,2026-05-12,강원,횡성군 하대리,축사,LED1,Anopheles spp.,2,1,2,0,0,0,,N,,2026-05-14,오유경(yuyu66),2026년,05월,2주
212,일본뇌염예측,강원도보건환경연구원,2026,5,2주,2026-05-12,강원,횡성군 하대리,축사,LED1,Culex pipiens,2,1,2,2,1,0,,N,,2026-05-14,오유경(yuyu66),2026년,05월,2주
213,일본뇌염예측,강원도보건환경연구원,2026,5,2주,2026-05-11,강원,횡성군 하대리,축사,LED1,Aedes vexans,19,1,19,0,0,0,,N,,2026-05-14,오유경(yuyu66),2026년,05월,2주
214,일본뇌염예측,강원도보건환경연구원,2026,5,2주,2026-05-11,강원,횡성군 하대리,축사,LED1,Anopheles spp.,1,1,1,0,0,0,,N,,2026-05-14,오유경(yuyu66),2026년,05월,2주
215,일본뇌염예측,강원도보건환경연구원,2026,5,2주,2026-05-11,강원,횡성군 하대리,축사,LED1,Culex pipiens,2,1,2,2,1,0,,N,,2026-05-14,오유경(yuyu66),2026년,05월,2주
216,일본뇌염예측,강원도보건환경연구원,2026,5,2주,2026-05-13,강원,강릉시 산대월리,축사,LED1,Armigeres subalbatus,2,1,2,0,0,0,,N,,2026-05-14,오유경(yuyu66),2026년,05월,2주
217,일본뇌염예측,강원도보건환경연구원,2026,5,2주,2026-05-13,강원,강릉시 산대월리,축사,LED1,Aedes vexans,313,1,313,0,0,0,,N,,2026-05-14,오유경(yuyu66),2026년,05월,2주
218,일본뇌염예측,강원도보건환경연구원,2026,5,2주,2026-05-13,강원,강릉시 산대월리,축사,LED1,Anopheles spp.,2,1,2,0,0,0,,N,,2026-05-14,오유경(yuyu66),2026년,05월,2주
219,일본뇌염예측,강원도보건환경연구원,2026,5,2주,2026-05-13,강원,강릉시 산대월리,축사,LED1,Culex pipiens,16,1,16,16,1,0,,N,,2026-05-14,오유경(yuyu66),2026년,05월,2주
220,일본뇌염예측,강원도보건환경연구원,2026,5,2주,2026-05-12,강원,강릉시 산대월리,축사,LED1,Armigeres subalbatus,5,1,5,0,0,0,,N,,2026-05-14,오유경(yuyu66),2026년,05월,2주
221,일본뇌염예측,강원도보건환경연구원,2026,5,2주,2026-05-12,강원,강릉시 산대월리,축사,LED1,Aedes vexans,290,1,290,0,0,0,,N,,2026-05-14,오유경(yuyu66),2026년,05월,2주
222,일본뇌염예측,강원도보건환경연구원,2026,5,2주,2026-05-12,강원,강릉시 산대월리,축사,LED1,Culex pipiens,14,1,14,14,1,0,,N,,2026-05-14,오유경(yuyu66),2026년,05월,2주
223,일본뇌염예측,강원도보건환경연구원,2026,5,2주,2026-05-13,강원,춘천시 산천리,축사,LED1,Ochlerotatus koreicus,2,1,2,0,0,0,,N,,2026-05-14,오유경(yuyu66),2026년,05월,2주
224,일본뇌염예측,강원도보건환경연구원,2026,5,2주,2026-05-13,강원,춘천시 산천리,축사,LED1,Aedes vexans,47,1,47,0,0,0,,N,,2026-05-14,오유경(yuyu66),2026년,05월,2주
225,일본뇌염예측,강원도보건환경연구원,2026,5,2주,2026-05-13,강원,춘천시 산천리,축사,LED1,Anopheles spp.,16,1,16,0,0,0,,N,,2026-05-14,오유경(yuyu66),2026년,05월,2주
226,일본뇌염예측,강원도보건환경연구원,2026,5,2주,2026-05-13,강원,춘천시 산천리,축사,LED1,Culex pipiens,4,1,4,4,1,0,,N,,2026-05-14,오유경(yuyu66),2026년,05월,2주
227,일본뇌염예측,강원도보건환경연구원,2026,5,2주,2026-05-12,강원,춘천시 산천리,축사,LED1,Aedes vexans,4,1,4,0,0,0,,N,,2026-05-14,오유경(yuyu66),2026년,05월,2주
228,일본뇌염예측,강원도보건환경연구원,2026,5,2주,2026-05-12,강원,춘천시 산천리,축사,LED1,Anopheles spp.,6,1,6,0,0,0,,N,,2026-05-14,오유경(yuyu66),2026년,05월,2주
229,일본뇌염예측,강원도보건환경연구원,2026,5,2주,2026-05-12,강원,춘천시 산천리,축사,LED1,Culex pipiens,8,1,8,8,1,0,,N,,2026-05-14,오유경(yuyu66),2026년,05월,2주
230,일본뇌염예측,강원도보건환경연구원,2026,5,1주,2026-05-05,강원,횡성군 하대리,축사,LED1,미채집,0,1,0,0,0,0,,N,,2026-05-11,오유경(yuyu66),2026년,05월,1주
231,일본뇌염예측,강원도보건환경연구원,2026,5,1주,2026-05-04,강원,횡성군 하대리,축사,LED1,Culex pipiens,1,1,1,1,1,0,,N,,2026-05-11,오유경(yuyu66),2026년,05월,1주
232,일본뇌염예측,강원도보건환경연구원,2026,5,1주,2026-05-08,강원,강릉시 산대월리,축사,LED1,Armigeres subalbatus,1,1,1,0,0,0,,N,,2026-05-11,오유경(yuyu66),2026년,05월,1주
233,일본뇌염예측,강원도보건환경연구원,2026,5,1주,2026-05-08,강원,강릉시 산대월리,축사,LED1,Aedes vexans,583,1,583,0,0,0,,N,,2026-05-11,오유경(yuyu66),2026년,05월,1주
234,일본뇌염예측,강원도보건환경연구원,2026,5,1주,2026-05-08,강원,강릉시 산대월리,축사,LED1,Anopheles spp.,2,1,2,0,0,0,,N,,2026-05-11,오유경(yuyu66),2026년,05월,1주
235,일본뇌염예측,강원도보건환경연구원,2026,5,1주,2026-05-08,강원,강릉시 산대월리,축사,LED1,Culex pipiens,4,1,4,4,1,0,,N,,2026-05-11,오유경(yuyu66),2026년,05월,1주
236,일본뇌염예측,강원도보건환경연구원,2026,5,1주,2026-05-07,강원,강릉시 산대월리,축사,LED1,Armigeres subalbatus,1,1,1,0,0,0,,N,,2026-05-11,오유경(yuyu66),2026년,05월,1주
237,일본뇌염예측,강원도보건환경연구원,2026,5,1주,2026-05-07,강원,강릉시 산대월리,축사,LED1,Ochlerotatus koreicus,1,1,1,0,0,0,,N,,2026-05-11,오유경(yuyu66),2026년,05월,1주
238,일본뇌염예측,강원도보건환경연구원,2026,5,1주,2026-05-07,강원,강릉시 산대월리,축사,LED1,Aedes vexans,346,1,346,0,0,0,,N,,2026-05-11,오유경(yuyu66),2026년,05월,1주
239,일본뇌염예측,강원도보건환경연구원,2026,5,1주,2026-05-07,강원,강릉시 산대월리,축사,LED1,Culex pipiens,14,1,14,14,1,0,,N,,2026-05-11,오유경(yuyu66),2026년,05월,1주
240,일본뇌염예측,강원도보건환경연구원,2026,5,1주,2026-05-08,강원,춘천시 산천리,축사,LED1,Aedes vexans,1,1,1,0,0,0,,N,,2026-05-11,오유경(yuyu66),2026년,05월,1주
241,일본뇌염예측,강원도보건환경연구원,2026,5,1주,2026-05-08,강원,춘천시 산천리,축사,LED1,Anopheles spp.,5,1,5,0,0,0,,N,,2026-05-11,오유경(yuyu66),2026년,05월,1주
242,일본뇌염예측,강원도보건환경연구원,2026,5,1주,2026-05-07,강원,춘천시 산천리,축사,LED1,Armigeres subalbatus,1,1,1,0,0,0,,N,,2026-05-11,오유경(yuyu66),2026년,05월,1주
243,일본뇌염예측,강원도보건환경연구원,2026,5,1주,2026-05-07,강원,춘천시 산천리,축사,LED1,Anopheles spp.,15,1,15,0,0,0,,N,,2026-05-11,오유경(yuyu66),2026년,05월,1주
244,일본뇌염예측,강원도보건환경연구원,2026,4,4주,2026-04-27,강원,횡성군 하대리,축사,LED1,Anopheles spp.,1,1,1,0,0,0,,N,,2026-04-30,오유경(yuyu66),2026년,04월,4주
245,일본뇌염예측,강원도보건환경연구원,2026,4,4주,2026-04-26,강원,횡성군 하대리,축사,LED1,Culex pipiens,2,1,2,2,1,0,,N,,2026-04-30,오유경(yuyu66),2026년,04월,4주
246,일본뇌염예측,강원도보건환경연구원,2026,4,4주,2026-04-28,강원,강릉시 산대월리,축사,LED1,Aedes vexans,2,1,2,0,0,0,,N,,2026-04-30,오유경(yuyu66),2026년,04월,4주
247,일본뇌염예측,강원도보건환경연구원,2026,4,4주,2026-04-27,강원,강릉시 산대월리,축사,LED1,미채집,0,1,0,0,0,0,,N,,2026-04-30,오유경(yuyu66),2026년,04월,4주
248,일본뇌염예측,강원도보건환경연구원,2026,4,4주,2026-04-28,강원,춘천시 산천리,축사,LED1,미채집,0,1,0,0,0,0,,N,,2026-04-30,오유경(yuyu66),2026년,04월,4주
249,일본뇌염예측,강원도보건환경연구원,2026,4,4주,2026-04-27,강원,춘천시 산천리,축사,LED1,Aedes vexans,2,1,2,0,0,0,,N,,2026-04-30,오유경(yuyu66),2026년,04월,4주
250,일본뇌염예측,강원도보건환경연구원,2026,4,4주,2026-04-21,강원,횡성군 하대리,축사,LED1,미채집,0,1,0,0,0,0,,N,,2026-04-24,오유경(yuyu66),2026년,04월,4주
251,일본뇌염예측,강원도보건환경연구원,2026,4,4주,2026-04-20,강원,횡성군 하대리,축사,LED1,Culex vagans,1,1,1,1,1,0,,N,,2026-04-24,오유경(yuyu66),2026년,04월,4주
252,일본뇌염예측,강원도보건환경연구원,2026,4,4주,2026-04-20,강원,횡성군 하대리,축사,LED1,Culex pipiens,1,1,1,1,1,0,,N,,2026-04-24,오유경(yuyu66),2026년,04월,4주
253,일본뇌염예측,강원도보건환경연구원,2026,4,4주,2026-04-22,강원,강릉시 산대월리,축사,LED1,Aedes vexans,2,1,2,0,0,0,,N,,2026-04-24,오유경(yuyu66),2026년,04월,4주
254,일본뇌염예측,강원도보건환경연구원,2026,4,4주,2026-04-22,강원,강릉시 산대월리,축사,LED1,Culex pipiens,1,1,1,1,1,0,,N,,2026-04-24,오유경(yuyu66),2026년,04월,4주
255,일본뇌염예측,강원도보건환경연구원,2026,4,4주,2026-04-21,강원,강릉시 산대월리,축사,LED1,Aedes vexans,6,1,6,0,0,0,,N,,2026-04-24,오유경(yuyu66),2026년,04월,4주
256,일본뇌염예측,강원도보건환경연구원,2026,4,4주,2026-04-21,강원,강릉시 산대월리,축사,LED1,Culex pipiens,3,1,3,3,1,0,,N,,2026-04-24,오유경(yuyu66),2026년,04월,4주
257,일본뇌염예측,강원도보건환경연구원,2026,4,4주,2026-04-23,강원,춘천시 산천리,축사,LED1,Aedes vexans,2,1,2,0,0,0,,N,,2026-04-24,오유경(yuyu66),2026년,04월,4주
258,일본뇌염예측,강원도보건환경연구원,2026,4,4주,2026-04-21,강원,춘천시 산천리,축사,LED1,미채집,0,1,0,0,0,0,,N,,2026-04-24,오유경(yuyu66),2026년,04월,4주
259,일본뇌염예측,강원도보건환경연구원,2026,4,3주,2026-04-14,강원,횡성군 하대리,축사,LED1,Anopheles spp.,3,1,3,0,0,0,,N,,2026-04-16,오유경(yuyu66),2026년,04월,3주
260,일본뇌염예측,강원도보건환경연구원,2026,4,3주,2026-04-13,강원,횡성군 하대리,축사,LED1,Anopheles spp.,1,1,1,0,0,0,,N,,2026-04-16,오유경(yuyu66),2026년,04월,3주
261,일본뇌염예측,강원도보건환경연구원,2026,4,3주,2026-04-13,강원,횡성군 하대리,축사,LED1,Culex pipiens,1,1,1,1,1,0,,N,,2026-04-16,오유경(yuyu66),2026년,04월,3주
262,일본뇌염예측,강원도보건환경연구원,2026,4,3주,2026-04-15,강원,강릉시 산대월리,축사,LED1,Culex pipiens,1,1,1,1,1,0,,N,,2026-04-16,오유경(yuyu66),2026년,04월,3주
263,일본뇌염예측,강원도보건환경연구원,2026,4,3주,2026-04-14,강원,강릉시 산대월리,축사,LED1,Culex pipiens,5,1,5,5,1,0,,N,,2026-04-16,오유경(yuyu66),2026년,04월,3주
264,일본뇌염예측,강원도보건환경연구원,2026,4,3주,2026-04-15,강원,춘천시 산천리,축사,LED1,Anopheles spp.,1,1,1,0,0,0,,N,,2026-04-16,오유경(yuyu66),2026년,04월,3주
265,일본뇌염예측,강원도보건환경연구원,2026,4,3주,2026-04-15,강원,춘천시 산천리,축사,LED1,Culex pipiens,2,1,2,2,1,0,,N,,2026-04-16,오유경(yuyu66),2026년,04월,3주
266,일본뇌염예측,강원도보건환경연구원,2026,4,3주,2026-04-15,강원,춘천시 산천리,축사,LED1,Culex orientalis,1,1,1,1,1,0,,N,,2026-04-16,오유경(yuyu66),2026년,04월,3주
267,일본뇌염예측,강원도보건환경연구원,2026,4,3주,2026-04-14,강원,춘천시 산천리,축사,LED1,Anopheles spp.,4,1,4,0,0,0,,N,,2026-04-16,오유경(yuyu66),2026년,04월,3주
268,일본뇌염예측,강원도보건환경연구원,2026,4,3주,2026-04-14,강원,춘천시 산천리,축사,LED1,Culex pipiens,1,1,1,1,1,0,,N,,2026-04-16,오유경(yuyu66),2026년,04월,3주
269,일본뇌염예측,강원도보건환경연구원,2026,4,3주,2026-04-14,강원,춘천시 산천리,축사,LED1,Culex orientalis,1,1,1,1,1,0,,N,,2026-04-16,오유경(yuyu66),2026년,04월,3주
270,일본뇌염예측,강원도보건환경연구원,2026,4,2주,2026-04-06,강원,횡성군 하대리,축사,LED1,미채집,0,1,0,0,0,0,,N,,2026-04-10,오유경(yuyu66),2026년,04월,2주
271,일본뇌염예측,강원도보건환경연구원,2026,4,2주,2026-04-05,강원,횡성군 하대리,축사,LED1,미채집,0,1,0,0,0,0,,N,,2026-04-10,오유경(yuyu66),2026년,04월,2주
272,일본뇌염예측,강원도보건환경연구원,2026,4,2주,2026-04-07,강원,강릉시 산대월리,축사,LED1,미채집,0,1,0,0,0,0,,N,,2026-04-10,오유경(yuyu66),2026년,04월,2주
273,일본뇌염예측,강원도보건환경연구원,2026,4,2주,2026-04-06,강원,강릉시 산대월리,축사,LED1,미채집,0,1,0,0,0,0,,N,,2026-04-10,오유경(yuyu66),2026년,04월,2주
274,일본뇌염예측,강원도보건환경연구원,2026,4,2주,2026-04-07,강원,춘천시 산천리,축사,LED1,미채집,0,1,0,0,0,0,,N,,2026-04-10,오유경(yuyu66),2026년,04월,2주
275,일본뇌염예측,강원도보건환경연구원,2026,4,2주,2026-04-06,강원,춘천시 산천리,축사,LED1,미채집,0,1,0,0,0,0,,N,,2026-04-10,오유경(yuyu66),2026년,04월,2주
276,일본뇌염예측,강원도보건환경연구원,2026,4,1주,2026-04-01,강원,횡성군 하대리,축사,LED1,미채집,0,1,0,0,0,0,,N,,2026-04-06,오유경(yuyu66),2026년,04월,1주
277,일본뇌염예측,강원도보건환경연구원,2026,3,1주,2026-03-31,강원,횡성군 하대리,축사,LED1,미채집,0,1,0,0,0,0,,N,,2026-04-06,오유경(yuyu66),2026년,04월,1주
278,일본뇌염예측,강원도보건환경연구원,2026,4,1주,2026-04-01,강원,강릉시 산대월리,축사,LED1,미채집,0,1,0,0,0,0,,N,,2026-04-06,오유경(yuyu66),2026년,04월,1주
279,일본뇌염예측,강원도보건환경연구원,2026,3,1주,2026-03-31,강원,강릉시 산대월리,축사,LED1,미채집,0,1,0,0,0,0,,N,,2026-04-06,오유경(yuyu66),2026년,04월,1주
280,일본뇌염예측,강원도보건환경연구원,2026,4,1주,2026-04-01,강원,춘천시 산천리,축사,LED1,Anopheles spp.,1,1,1,0,0,0,,N,,2026-04-06,오유경(yuyu66),2026년,04월,1주
281,일본뇌염예측,강원도보건환경연구원,2026,3,1주,2026-03-31,강원,춘천시 산천리,축사,LED1,Anopheles spp.,5,1,5,0,0,0,,N,,2026-04-06,오유경(yuyu66),2026년,04월,1주
282,일본뇌염예측,강원도보건환경연구원,2025,10,4주,2025-10-22,강원,춘천시 산천리,축사,BLT1,Culex tritaeniorhynchus,1,1,1,1,1,1,,N,,2025-11-13,오유경(yuyu66),2025년,10월,4주
283,일본뇌염예측,강원도보건환경연구원,2025,10,4주,2025-10-28,강원,횡성군 하대리,축사,BLT1,미채집,0,1,0,0,0,0,,N,,2025-10-30,오유경(yuyu66),2025년,10월,4주
284,일본뇌염예측,강원도보건환경연구원,2025,10,4주,2025-10-27,강원,횡성군 하대리,축사,BLT1,미채집,0,1,0,0,0,0,,N,,2025-10-30,오유경(yuyu66),2025년,10월,4주
285,일본뇌염예측,강원도보건환경연구원,2025,10,4주,2025-10-29,강원,강릉시 산대월리,축사,BLT1,미채집,0,1,0,0,0,0,,N,,2025-10-30,오유경(yuyu66),2025년,10월,4주
286,일본뇌염예측,강원도보건환경연구원,2025,10,4주,2025-10-28,강원,강릉시 산대월리,축사,BLT1,미채집,0,1,0,0,0,0,,N,,2025-10-30,오유경(yuyu66),2025년,10월,4주
287,일본뇌염예측,강원도보건환경연구원,2025,10,4주,2025-10-29,강원,춘천시 산천리,축사,BLT1,미채집,0,1,0,0,0,0,,N,,2025-10-30,오유경(yuyu66),2025년,10월,4주
288,일본뇌염예측,강원도보건환경연구원,2025,10,4주,2025-10-28,강원,춘천시 산천리,축사,BLT1,미채집,0,1,0,0,0,0,,N,,2025-10-30,오유경(yuyu66),2025년,10월,4주
289,일본뇌염예측,강원도보건환경연구원,2025,10,4주,2025-10-21,강원,횡성군 하대리,축사,BLT1,Aedes vexans,6,1,6,6,1,0,,N,,2025-10-28,오유경(yuyu66),2025년,10월,4주
290,일본뇌염예측,강원도보건환경연구원,2025,10,4주,2025-10-20,강원,횡성군 하대리,축사,BLT1,Aedes vexans,14,1,14,14,1,0,,N,,2025-10-28,오유경(yuyu66),2025년,10월,4주
291,일본뇌염예측,강원도보건환경연구원,2025,10,4주,2025-10-20,강원,횡성군 하대리,축사,BLT1,Anopheles spp.,1,1,1,0,0,0,,N,,2025-10-28,오유경(yuyu66),2025년,10월,4주
292,일본뇌염예측,강원도보건환경연구원,2025,10,4주,2025-10-20,강원,횡성군 하대리,축사,BLT1,Mansonia uniformis,1,1,1,1,1,0,,N,,2025-10-28,오유경(yuyu66),2025년,10월,4주
293,일본뇌염예측,강원도보건환경연구원,2025,10,4주,2025-10-20,강원,횡성군 하대리,축사,BLT1,Culex tritaeniorhynchus,2,1,2,2,1,0,,N,,2025-10-28,오유경(yuyu66),2025년,10월,4주
294,일본뇌염예측,강원도보건환경연구원,2025,10,4주,2025-10-20,강원,횡성군 하대리,축사,BLT1,Culex pipiens,2,1,2,2,1,0,,N,,2025-10-28,오유경(yuyu66),2025년,10월,4주
295,일본뇌염예측,강원도보건환경연구원,2025,10,4주,2025-10-22,강원,강릉시 산대월리,축사,BLT1,Armigeres subalbatus,1,1,1,1,1,0,,N,,2025-10-28,오유경(yuyu66),2025년,10월,4주
296,일본뇌염예측,강원도보건환경연구원,2025,10,4주,2025-10-22,강원,강릉시 산대월리,축사,BLT1,Aedes vexans,16,1,16,16,1,0,,N,,2025-10-28,오유경(yuyu66),2025년,10월,4주
297,일본뇌염예측,강원도보건환경연구원,2025,10,4주,2025-10-21,강원,강릉시 산대월리,축사,BLT1,Aedes vexans,2,1,2,2,1,0,,N,,2025-10-28,오유경(yuyu66),2025년,10월,4주
298,일본뇌염예측,강원도보건환경연구원,2025,10,4주,2025-10-22,강원,춘천시 산천리,축사,BLT1,Aedes vexans,4,1,4,4,1,0,,N,,2025-10-28,오유경(yuyu66),2025년,10월,4주
299,일본뇌염예측,강원도보건환경연구원,2025,10,4주,2025-10-21,강원,춘천시 산천리,축사,BLT1,Aedes vexans,3,1,3,3,1,0,,N,,2025-10-28,오유경(yuyu66),2025년,10월,4주
300,일본뇌염예측,강원도보건환경연구원,2025,10,3주,2025-10-14,강원,횡성군 하대리,축사,BLT1,Aedes vexans,5,1,5,5,1,0,,N,,2025-10-28,오유경(yuyu66),2025년,10월,3주
301,일본뇌염예측,강원도보건환경연구원,2025,10,3주,2025-10-14,강원,횡성군 하대리,축사,BLT1,Culex tritaeniorhynchus,1,1,1,1,1,0,,N,,2025-10-28,오유경(yuyu66),2025년,10월,3주
302,일본뇌염예측,강원도보건환경연구원,2025,10,3주,2025-10-14,강원,횡성군 하대리,축사,BLT1,Culex pipiens,1,1,1,1,1,0,,N,,2025-10-28,오유경(yuyu66),2025년,10월,3주
303,일본뇌염예측,강원도보건환경연구원,2025,10,3주,2025-10-13,강원,횡성군 하대리,축사,BLT1,Armigeres subalbatus,1,1,1,1,1,0,,N,,2025-10-28,오유경(yuyu66),2025년,10월,3주
304,일본뇌염예측,강원도보건환경연구원,2025,10,3주,2025-10-13,강원,횡성군 하대리,축사,BLT1,Aedes vexans,71,1,71,71,3,0,,N,,2025-10-28,오유경(yuyu66),2025년,10월,3주
305,일본뇌염예측,강원도보건환경연구원,2025,10,3주,2025-10-13,강원,횡성군 하대리,축사,BLT1,Anopheles spp.,4,1,4,0,0,0,,N,,2025-10-28,오유경(yuyu66),2025년,10월,3주
306,일본뇌염예측,강원도보건환경연구원,2025,10,3주,2025-10-13,강원,횡성군 하대리,축사,BLT1,Culex tritaeniorhynchus,1,1,1,1,1,0,,N,,2025-10-28,오유경(yuyu66),2025년,10월,3주
307,일본뇌염예측,강원도보건환경연구원,2025,10,3주,2025-10-13,강원,횡성군 하대리,축사,BLT1,Culex pipiens,2,1,2,2,1,0,,N,,2025-10-28,오유경(yuyu66),2025년,10월,3주
308,일본뇌염예측,강원도보건환경연구원,2025,10,3주,2025-10-15,강원,강릉시 산대월리,축사,BLT1,Armigeres subalbatus,11,1,11,11,1,0,,N,,2025-10-28,오유경(yuyu66),2025년,10월,3주
309,일본뇌염예측,강원도보건환경연구원,2025,10,3주,2025-10-15,강원,강릉시 산대월리,축사,BLT1,Aedes vexans,93,1,93,93,4,0,,N,,2025-10-28,오유경(yuyu66),2025년,10월,3주
310,일본뇌염예측,강원도보건환경연구원,2025,10,3주,2025-10-15,강원,강릉시 산대월리,축사,BLT1,Culex tritaeniorhynchus,8,1,8,8,1,0,,N,,2025-10-28,오유경(yuyu66),2025년,10월,3주
311,일본뇌염예측,강원도보건환경연구원,2025,10,3주,2025-10-15,강원,강릉시 산대월리,축사,BLT1,Culex pipiens,2,1,2,2,1,0,,N,,2025-10-28,오유경(yuyu66),2025년,10월,3주
312,일본뇌염예측,강원도보건환경연구원,2025,10,3주,2025-10-14,강원,강릉시 산대월리,축사,BLT1,Armigeres subalbatus,1,1,1,1,1,0,,N,,2025-10-28,오유경(yuyu66),2025년,10월,3주
313,일본뇌염예측,강원도보건환경연구원,2025,10,3주,2025-10-14,강원,강릉시 산대월리,축사,BLT1,Aedes vexans,107,1,107,107,4,0,,N,,2025-10-28,오유경(yuyu66),2025년,10월,3주
314,일본뇌염예측,강원도보건환경연구원,2025,10,3주,2025-10-15,강원,춘천시 산천리,축사,BLT1,Armigeres subalbatus,5,1,5,5,1,0,,N,,2025-10-28,오유경(yuyu66),2025년,10월,3주
315,일본뇌염예측,강원도보건환경연구원,2025,10,3주,2025-10-15,강원,춘천시 산천리,축사,BLT1,Ochlerotatus koreicus,1,1,1,1,1,0,,N,,2025-10-28,오유경(yuyu66),2025년,10월,3주
316,일본뇌염예측,강원도보건환경연구원,2025,10,3주,2025-10-15,강원,춘천시 산천리,축사,BLT1,Aedes vexans,40,1,40,40,2,0,,N,,2025-10-28,오유경(yuyu66),2025년,10월,3주
317,일본뇌염예측,강원도보건환경연구원,2025,10,3주,2025-10-15,강원,춘천시 산천리,축사,BLT1,Anopheles spp.,1,1,1,0,0,0,,N,,2025-10-28,오유경(yuyu66),2025년,10월,3주
318,일본뇌염예측,강원도보건환경연구원,2025,10,3주,2025-10-15,강원,춘천시 산천리,축사,BLT1,Culex tritaeniorhynchus,35,1,35,35,2,0,,N,,2025-10-28,오유경(yuyu66),2025년,10월,3주
319,일본뇌염예측,강원도보건환경연구원,2025,10,3주,2025-10-14,강원,춘천시 산천리,축사,BLT1,Armigeres subalbatus,1,1,1,1,1,0,,N,,2025-10-28,오유경(yuyu66),2025년,10월,3주
320,일본뇌염예측,강원도보건환경연구원,2025,10,3주,2025-10-14,강원,춘천시 산천리,축사,BLT1,Aedes vexans,18,1,18,18,1,0,,N,,2025-10-28,오유경(yuyu66),2025년,10월,3주
321,일본뇌염예측,강원도보건환경연구원,2025,10,3주,2025-10-14,강원,춘천시 산천리,축사,BLT1,Aedes albopictus,1,1,1,1,1,0,,N,,2025-10-28,오유경(yuyu66),2025년,10월,3주
322,일본뇌염예측,강원도보건환경연구원,2025,10,3주,2025-10-14,강원,춘천시 산천리,축사,BLT1,Anopheles spp.,2,1,2,0,0,0,,N,,2025-10-28,오유경(yuyu66),2025년,10월,3주
323,일본뇌염예측,강원도보건환경연구원,2025,10,3주,2025-10-14,강원,춘천시 산천리,축사,BLT1,Culex tritaeniorhynchus,8,1,8,8,1,0,,N,,2025-10-28,오유경(yuyu66),2025년,10월,3주
324,일본뇌염예측,강원도보건환경연구원,2025,9,1주,2025-09-30,강원,횡성군 하대리,축사,BLT1,Armigeres subalbatus,2,1,2,2,1,0,,N,,2025-10-28,오유경(yuyu66),2025년,10월,1주
325,일본뇌염예측,강원도보건환경연구원,2025,9,1주,2025-09-30,강원,횡성군 하대리,축사,BLT1,Aedes vexans,208,1,208,208,7,0,,N,,2025-10-28,오유경(yuyu66),2025년,10월,1주
326,일본뇌염예측,강원도보건환경연구원,2025,9,1주,2025-09-30,강원,횡성군 하대리,축사,BLT1,Anopheles spp.,6,1,6,0,0,0,,N,,2025-10-28,오유경(yuyu66),2025년,10월,1주
327,일본뇌염예측,강원도보건환경연구원,2025,9,1주,2025-09-30,강원,횡성군 하대리,축사,BLT1,Mansonia uniformis,3,1,3,3,1,0,,N,,2025-10-28,오유경(yuyu66),2025년,10월,1주
328,일본뇌염예측,강원도보건환경연구원,2025,9,1주,2025-09-30,강원,횡성군 하대리,축사,BLT1,Culex tritaeniorhynchus,15,1,15,15,1,0,,N,,2025-10-28,오유경(yuyu66),2025년,10월,1주
329,일본뇌염예측,강원도보건환경연구원,2025,9,1주,2025-09-30,강원,횡성군 하대리,축사,BLT1,Culex pipiens,8,1,8,8,1,0,,N,,2025-10-28,오유경(yuyu66),2025년,10월,1주
330,일본뇌염예측,강원도보건환경연구원,2025,9,1주,2025-09-30,강원,횡성군 하대리,축사,BLT1,Culex orientalis,2,1,2,2,1,0,,N,,2025-10-28,오유경(yuyu66),2025년,10월,1주
331,일본뇌염예측,강원도보건환경연구원,2025,9,1주,2025-09-30,강원,횡성군 하대리,축사,BLT1,Culex bitaeniorhynchus,2,1,2,2,1,0,,N,,2025-10-28,오유경(yuyu66),2025년,10월,1주
332,일본뇌염예측,강원도보건환경연구원,2025,9,1주,2025-09-29,강원,횡성군 하대리,축사,BLT1,Aedes vexans,150,1,150,150,5,0,,N,,2025-10-28,오유경(yuyu66),2025년,10월,1주
333,일본뇌염예측,강원도보건환경연구원,2025,9,1주,2025-09-29,강원,횡성군 하대리,축사,BLT1,Anopheles spp.,18,1,18,0,0,0,,N,,2025-10-28,오유경(yuyu66),2025년,10월,1주
334,일본뇌염예측,강원도보건환경연구원,2025,9,1주,2025-09-29,강원,횡성군 하대리,축사,BLT1,Culex tritaeniorhynchus,6,1,6,6,1,0,,N,,2025-10-28,오유경(yuyu66),2025년,10월,1주
335,일본뇌염예측,강원도보건환경연구원,2025,10,1주,2025-10-01,강원,강릉시 산대월리,축사,BLT1,Armigeres subalbatus,16,1,16,16,1,0,,N,,2025-10-28,오유경(yuyu66),2025년,10월,1주
336,일본뇌염예측,강원도보건환경연구원,2025,10,1주,2025-10-01,강원,강릉시 산대월리,축사,BLT1,Ochlerotatus koreicus,2,1,2,2,1,0,,N,,2025-10-28,오유경(yuyu66),2025년,10월,1주
337,일본뇌염예측,강원도보건환경연구원,2025,10,1주,2025-10-01,강원,강릉시 산대월리,축사,BLT1,Aedes vexans,817,1,817,817,28,0,,N,,2025-10-28,오유경(yuyu66),2025년,10월,1주
338,일본뇌염예측,강원도보건환경연구원,2025,10,1주,2025-10-01,강원,강릉시 산대월리,축사,BLT1,Culex tritaeniorhynchus,14,1,14,14,1,0,,N,,2025-10-28,오유경(yuyu66),2025년,10월,1주
339,일본뇌염예측,강원도보건환경연구원,2025,10,1주,2025-10-01,강원,강릉시 산대월리,축사,BLT1,Culex bitaeniorhynchus,1,1,1,1,1,0,,N,,2025-10-28,오유경(yuyu66),2025년,10월,1주
340,일본뇌염예측,강원도보건환경연구원,2025,9,1주,2025-09-30,강원,강릉시 산대월리,축사,BLT1,Armigeres subalbatus,13,1,13,13,1,0,,N,,2025-10-28,오유경(yuyu66),2025년,10월,1주
341,일본뇌염예측,강원도보건환경연구원,2025,9,1주,2025-09-30,강원,강릉시 산대월리,축사,BLT1,Aedes vexans,528,1,528,528,18,0,,N,,2025-10-28,오유경(yuyu66),2025년,10월,1주
342,일본뇌염예측,강원도보건환경연구원,2025,9,1주,2025-09-30,강원,강릉시 산대월리,축사,BLT1,Culex tritaeniorhynchus,6,1,6,6,1,0,,N,,2025-10-28,오유경(yuyu66),2025년,10월,1주
343,일본뇌염예측,강원도보건환경연구원,2025,9,1주,2025-09-30,강원,강릉시 산대월리,축사,BLT1,Culex pipiens,4,1,4,4,1,0,,N,,2025-10-28,오유경(yuyu66),2025년,10월,1주
344,일본뇌염예측,강원도보건환경연구원,2025,10,1주,2025-10-01,강원,춘천시 산천리,축사,BLT1,Armigeres subalbatus,3,1,3,3,1,0,,N,,2025-10-28,오유경(yuyu66),2025년,10월,1주
345,일본뇌염예측,강원도보건환경연구원,2025,10,1주,2025-10-01,강원,춘천시 산천리,축사,BLT1,Ochlerotatus koreicus,1,1,1,1,1,0,,N,,2025-10-28,오유경(yuyu66),2025년,10월,1주
346,일본뇌염예측,강원도보건환경연구원,2025,10,1주,2025-10-01,강원,춘천시 산천리,축사,BLT1,Aedes vexans,207,1,207,207,7,0,,N,,2025-10-28,오유경(yuyu66),2025년,10월,1주
347,일본뇌염예측,강원도보건환경연구원,2025,10,1주,2025-10-01,강원,춘천시 산천리,축사,BLT1,Aedes albopictus,1,1,1,1,1,0,,N,,2025-10-28,오유경(yuyu66),2025년,10월,1주
348,일본뇌염예측,강원도보건환경연구원,2025,10,1주,2025-10-01,강원,춘천시 산천리,축사,BLT1,Anopheles spp.,29,1,29,0,0,0,,N,,2025-10-28,오유경(yuyu66),2025년,10월,1주
349,일본뇌염예측,강원도보건환경연구원,2025,10,1주,2025-10-01,강원,춘천시 산천리,축사,BLT1,Culex tritaeniorhynchus,150,1,150,150,5,0,,N,,2025-10-28,오유경(yuyu66),2025년,10월,1주
350,일본뇌염예측,강원도보건환경연구원,2025,10,1주,2025-10-01,강원,춘천시 산천리,축사,BLT1,Culex pipiens,1,1,1,1,1,0,,N,,2025-10-28,오유경(yuyu66),2025년,10월,1주
351,일본뇌염예측,강원도보건환경연구원,2025,9,1주,2025-09-30,강원,춘천시 산천리,축사,BLT1,Armigeres subalbatus,6,1,6,6,1,0,,N,,2025-10-28,오유경(yuyu66),2025년,10월,1주
352,일본뇌염예측,강원도보건환경연구원,2025,9,1주,2025-09-30,강원,춘천시 산천리,축사,BLT1,Ochlerotatus koreicus,1,1,1,1,1,0,,N,,2025-10-28,오유경(yuyu66),2025년,10월,1주
353,일본뇌염예측,강원도보건환경연구원,2025,9,1주,2025-09-30,강원,춘천시 산천리,축사,BLT1,Aedes vexans,155,1,155,155,6,0,,N,,2025-10-28,오유경(yuyu66),2025년,10월,1주
354,일본뇌염예측,강원도보건환경연구원,2025,9,1주,2025-09-30,강원,춘천시 산천리,축사,BLT1,Aedes albopictus,2,1,2,2,1,0,,N,,2025-10-28,오유경(yuyu66),2025년,10월,1주
355,일본뇌염예측,강원도보건환경연구원,2025,9,1주,2025-09-30,강원,춘천시 산천리,축사,BLT1,Anopheles spp.,24,1,24,0,0,0,,N,,2025-10-28,오유경(yuyu66),2025년,10월,1주
356,일본뇌염예측,강원도보건환경연구원,2025,9,1주,2025-09-30,강원,춘천시 산천리,축사,BLT1,Culex tritaeniorhynchus,164,1,164,164,6,0,,N,,2025-10-28,오유경(yuyu66),2025년,10월,1주
357,일본뇌염예측,강원도보건환경연구원,2025,9,4주,2025-09-23,강원,횡성군 하대리,축사,BLT1,Aedes vexans,96,1,96,96,4,0,,N,,2025-09-26,오유경(yuyu66),2025년,09월,4주
358,일본뇌염예측,강원도보건환경연구원,2025,9,4주,2025-09-23,강원,횡성군 하대리,축사,BLT1,Anopheles spp.,19,1,19,0,0,0,,N,,2025-09-26,오유경(yuyu66),2025년,09월,4주
359,일본뇌염예측,강원도보건환경연구원,2025,9,4주,2025-09-23,강원,횡성군 하대리,축사,BLT1,Mansonia uniformis,2,1,2,2,1,0,,N,,2025-09-26,오유경(yuyu66),2025년,09월,4주
360,일본뇌염예측,강원도보건환경연구원,2025,9,4주,2025-09-23,강원,횡성군 하대리,축사,BLT1,Culex tritaeniorhynchus,9,1,9,9,1,0,,N,,2025-09-26,오유경(yuyu66),2025년,09월,4주
361,일본뇌염예측,강원도보건환경연구원,2025,9,4주,2025-09-23,강원,횡성군 하대리,축사,BLT1,Culex pipiens,5,1,5,5,1,0,,N,,2025-09-26,오유경(yuyu66),2025년,09월,4주
362,일본뇌염예측,강원도보건환경연구원,2025,9,4주,2025-09-23,강원,횡성군 하대리,축사,BLT1,Culex bitaeniorhynchus,1,1,1,1,1,0,,N,,2025-09-26,오유경(yuyu66),2025년,09월,4주
363,일본뇌염예측,강원도보건환경연구원,2025,9,4주,2025-09-22,강원,횡성군 하대리,축사,BLT1,Armigeres subalbatus,2,1,2,2,1,0,,N,,2025-09-26,오유경(yuyu66),2025년,09월,4주
364,일본뇌염예측,강원도보건환경연구원,2025,9,4주,2025-09-22,강원,횡성군 하대리,축사,BLT1,Ochlerotatus koreicus,1,1,1,1,1,0,,N,,2025-09-26,오유경(yuyu66),2025년,09월,4주
365,일본뇌염예측,강원도보건환경연구원,2025,9,4주,2025-09-22,강원,횡성군 하대리,축사,BLT1,Aedes vexans,273,1,273,273,10,0,,N,,2025-09-26,오유경(yuyu66),2025년,09월,4주
366,일본뇌염예측,강원도보건환경연구원,2025,9,4주,2025-09-22,강원,횡성군 하대리,축사,BLT1,Anopheles spp.,28,1,28,0,0,0,,N,,2025-09-26,오유경(yuyu66),2025년,09월,4주
367,일본뇌염예측,강원도보건환경연구원,2025,9,4주,2025-09-22,강원,횡성군 하대리,축사,BLT1,Mansonia uniformis,4,1,4,4,1,0,,N,,2025-09-26,오유경(yuyu66),2025년,09월,4주
368,일본뇌염예측,강원도보건환경연구원,2025,9,4주,2025-09-22,강원,횡성군 하대리,축사,BLT1,Culex tritaeniorhynchus,10,1,10,10,1,0,,N,,2025-09-26,오유경(yuyu66),2025년,09월,4주
369,일본뇌염예측,강원도보건환경연구원,2025,9,4주,2025-09-22,강원,횡성군 하대리,축사,BLT1,Culex pipiens,10,1,10,10,1,0,,N,,2025-09-26,오유경(yuyu66),2025년,09월,4주
370,일본뇌염예측,강원도보건환경연구원,2025,9,4주,2025-09-22,강원,횡성군 하대리,축사,BLT1,Culex orientalis,2,1,2,2,1,0,,N,,2025-09-26,오유경(yuyu66),2025년,09월,4주
371,일본뇌염예측,강원도보건환경연구원,2025,9,4주,2025-09-24,강원,강릉시 산대월리,축사,BLT1,Armigeres subalbatus,30,1,30,30,1,0,,N,,2025-09-26,오유경(yuyu66),2025년,09월,4주
372,일본뇌염예측,강원도보건환경연구원,2025,9,4주,2025-09-24,강원,강릉시 산대월리,축사,BLT1,Aedes vexans,1926,1,1926,1926,65,0,,N,,2025-09-26,오유경(yuyu66),2025년,09월,4주
373,일본뇌염예측,강원도보건환경연구원,2025,9,4주,2025-09-24,강원,강릉시 산대월리,축사,BLT1,Anopheles spp.,4,1,4,0,0,0,,N,,2025-09-26,오유경(yuyu66),2025년,09월,4주
374,일본뇌염예측,강원도보건환경연구원,2025,9,4주,2025-09-24,강원,강릉시 산대월리,축사,BLT1,Culex tritaeniorhynchus,9,1,9,9,1,0,,N,,2025-09-26,오유경(yuyu66),2025년,09월,4주
375,일본뇌염예측,강원도보건환경연구원,2025,9,4주,2025-09-24,강원,강릉시 산대월리,축사,BLT1,Culex pipiens,2,1,2,2,1,0,,N,,2025-09-26,오유경(yuyu66),2025년,09월,4주
376,일본뇌염예측,강원도보건환경연구원,2025,9,4주,2025-09-23,강원,강릉시 산대월리,축사,BLT1,Armigeres subalbatus,175,1,175,175,6,0,,N,,2025-09-26,오유경(yuyu66),2025년,09월,4주
377,일본뇌염예측,강원도보건환경연구원,2025,9,4주,2025-09-23,강원,강릉시 산대월리,축사,BLT1,Aedes vexans,1125,1,1125,1125,38,0,,N,,2025-09-26,오유경(yuyu66),2025년,09월,4주
378,일본뇌염예측,강원도보건환경연구원,2025,9,4주,2025-09-23,강원,강릉시 산대월리,축사,BLT1,Anopheles spp.,3,1,3,0,0,0,,N,,2025-09-26,오유경(yuyu66),2025년,09월,4주
379,일본뇌염예측,강원도보건환경연구원,2025,9,4주,2025-09-23,강원,강릉시 산대월리,축사,BLT1,Culex tritaeniorhynchus,11,1,11,11,1,0,,N,,2025-09-26,오유경(yuyu66),2025년,09월,4주
380,일본뇌염예측,강원도보건환경연구원,2025,9,4주,2025-09-23,강원,강릉시 산대월리,축사,BLT1,Culex pipiens,5,1,5,5,1,0,,N,,2025-09-26,오유경(yuyu66),2025년,09월,4주
381,일본뇌염예측,강원도보건환경연구원,2025,9,4주,2025-09-23,강원,강릉시 산대월리,축사,BLT1,Culex bitaeniorhynchus,1,1,1,1,1,0,,N,,2025-09-26,오유경(yuyu66),2025년,09월,4주
382,일본뇌염예측,강원도보건환경연구원,2025,9,4주,2025-09-24,강원,춘천시 산천리,축사,BLT1,Armigeres subalbatus,2,1,2,2,1,0,,N,,2025-09-26,오유경(yuyu66),2025년,09월,4주
383,일본뇌염예측,강원도보건환경연구원,2025,9,4주,2025-09-24,강원,춘천시 산천리,축사,BLT1,Ochlerotatus koreicus,1,1,1,1,1,0,,N,,2025-09-26,오유경(yuyu66),2025년,09월,4주
384,일본뇌염예측,강원도보건환경연구원,2025,9,4주,2025-09-24,강원,춘천시 산천리,축사,BLT1,Aedes vexans,320,1,320,320,11,0,,N,,2025-09-26,오유경(yuyu66),2025년,09월,4주
385,일본뇌염예측,강원도보건환경연구원,2025,9,4주,2025-09-24,강원,춘천시 산천리,축사,BLT1,Aedes albopictus,6,1,6,6,1,0,,N,,2025-09-26,오유경(yuyu66),2025년,09월,4주
386,일본뇌염예측,강원도보건환경연구원,2025,9,4주,2025-09-24,강원,춘천시 산천리,축사,BLT1,Anopheles spp.,44,1,44,0,0,0,,N,,2025-09-26,오유경(yuyu66),2025년,09월,4주
387,일본뇌염예측,강원도보건환경연구원,2025,9,4주,2025-09-24,강원,춘천시 산천리,축사,BLT1,Culex tritaeniorhynchus,73,1,73,73,3,0,,N,,2025-09-26,오유경(yuyu66),2025년,09월,4주
388,일본뇌염예측,강원도보건환경연구원,2025,9,4주,2025-09-24,강원,춘천시 산천리,축사,BLT1,Culex pipiens,1,1,1,1,1,0,,N,,2025-09-26,오유경(yuyu66),2025년,09월,4주
389,일본뇌염예측,강원도보건환경연구원,2025,9,4주,2025-09-23,강원,춘천시 산천리,축사,BLT1,Armigeres subalbatus,2,1,2,2,1,0,,N,,2025-09-26,오유경(yuyu66),2025년,09월,4주
390,일본뇌염예측,강원도보건환경연구원,2025,9,4주,2025-09-23,강원,춘천시 산천리,축사,BLT1,Aedes vexans,93,1,93,93,4,0,,N,,2025-09-26,오유경(yuyu66),2025년,09월,4주
391,일본뇌염예측,강원도보건환경연구원,2025,9,4주,2025-09-23,강원,춘천시 산천리,축사,BLT1,Aedes albopictus,3,1,3,3,1,0,,N,,2025-09-26,오유경(yuyu66),2025년,09월,4주
392,일본뇌염예측,강원도보건환경연구원,2025,9,4주,2025-09-23,강원,춘천시 산천리,축사,BLT1,Anopheles spp.,32,1,32,0,0,0,,N,,2025-09-26,오유경(yuyu66),2025년,09월,4주
393,일본뇌염예측,강원도보건환경연구원,2025,9,4주,2025-09-23,강원,춘천시 산천리,축사,BLT1,Culex tritaeniorhynchus,35,1,35,35,2,0,,N,,2025-09-26,오유경(yuyu66),2025년,09월,4주
394,일본뇌염예측,강원도보건환경연구원,2025,9,3주,2025-09-16,강원,횡성군 하대리,축사,BLT1,Armigeres subalbatus,1,1,1,1,1,0,,N,,2025-09-19,오유경(yuyu66),2025년,09월,3주
395,일본뇌염예측,강원도보건환경연구원,2025,9,3주,2025-09-16,강원,횡성군 하대리,축사,BLT1,Ochlerotatus koreicus,1,1,1,1,1,0,,N,,2025-09-19,오유경(yuyu66),2025년,09월,3주
396,일본뇌염예측,강원도보건환경연구원,2025,9,3주,2025-09-16,강원,횡성군 하대리,축사,BLT1,Aedes vexans,162,1,162,162,6,0,,N,,2025-09-19,오유경(yuyu66),2025년,09월,3주
397,일본뇌염예측,강원도보건환경연구원,2025,9,3주,2025-09-16,강원,횡성군 하대리,축사,BLT1,Anopheles spp.,32,1,32,0,0,0,,N,,2025-09-19,오유경(yuyu66),2025년,09월,3주
398,일본뇌염예측,강원도보건환경연구원,2025,9,3주,2025-09-16,강원,횡성군 하대리,축사,BLT1,Mansonia uniformis,3,1,3,3,1,0,,N,,2025-09-19,오유경(yuyu66),2025년,09월,3주
399,일본뇌염예측,강원도보건환경연구원,2025,9,3주,2025-09-16,강원,횡성군 하대리,축사,BLT1,Culex tritaeniorhynchus,7,1,7,7,1,0,,N,,2025-09-19,오유경(yuyu66),2025년,09월,3주
400,일본뇌염예측,강원도보건환경연구원,2025,9,3주,2025-09-16,강원,횡성군 하대리,축사,BLT1,Culex pipiens,5,1,5,5,1,0,,N,,2025-09-19,오유경(yuyu66),2025년,09월,3주
401,일본뇌염예측,강원도보건환경연구원,2025,9,3주,2025-09-16,강원,횡성군 하대리,축사,BLT1,Culex orientalis,1,1,1,1,1,0,,N,,2025-09-19,오유경(yuyu66),2025년,09월,3주
402,일본뇌염예측,강원도보건환경연구원,2025,9,3주,2025-09-16,강원,횡성군 하대리,축사,BLT1,Culex bitaeniorhynchus,2,1,2,2,1,0,,N,,2025-09-19,오유경(yuyu66),2025년,09월,3주
403,일본뇌염예측,강원도보건환경연구원,2025,9,3주,2025-09-15,강원,횡성군 하대리,축사,BLT1,Armigeres subalbatus,1,1,1,1,1,0,,N,,2025-09-19,오유경(yuyu66),2025년,09월,3주
404,일본뇌염예측,강원도보건환경연구원,2025,9,3주,2025-09-15,강원,횡성군 하대리,축사,BLT1,Aedes vexans,100,1,100,100,4,0,,N,,2025-09-19,오유경(yuyu66),2025년,09월,3주
405,일본뇌염예측,강원도보건환경연구원,2025,9,3주,2025-09-15,강원,횡성군 하대리,축사,BLT1,Anopheles spp.,17,1,17,0,0,0,,N,,2025-09-19,오유경(yuyu66),2025년,09월,3주
406,일본뇌염예측,강원도보건환경연구원,2025,9,3주,2025-09-15,강원,횡성군 하대리,축사,BLT1,Mansonia uniformis,1,1,1,1,1,0,,N,,2025-09-19,오유경(yuyu66),2025년,09월,3주
407,일본뇌염예측,강원도보건환경연구원,2025,9,3주,2025-09-15,강원,횡성군 하대리,축사,BLT1,Culex tritaeniorhynchus,8,1,8,8,1,0,,N,,2025-09-19,오유경(yuyu66),2025년,09월,3주
408,일본뇌염예측,강원도보건환경연구원,2025,9,3주,2025-09-15,강원,횡성군 하대리,축사,BLT1,Culex pipiens,4,1,4,4,1,0,,N,,2025-09-19,오유경(yuyu66),2025년,09월,3주
409,일본뇌염예측,강원도보건환경연구원,2025,9,3주,2025-09-15,강원,횡성군 하대리,축사,BLT1,Culex orientalis,1,1,1,1,1,0,,N,,2025-09-19,오유경(yuyu66),2025년,09월,3주
410,일본뇌염예측,강원도보건환경연구원,2025,9,3주,2025-09-15,강원,횡성군 하대리,축사,BLT1,Culex bitaeniorhynchus,1,1,1,1,1,0,,N,,2025-09-19,오유경(yuyu66),2025년,09월,3주
411,일본뇌염예측,강원도보건환경연구원,2025,9,3주,2025-09-17,강원,강릉시 산대월리,축사,BLT1,Armigeres subalbatus,28,1,28,28,1,0,,N,,2025-09-19,오유경(yuyu66),2025년,09월,3주
412,일본뇌염예측,강원도보건환경연구원,2025,9,3주,2025-09-17,강원,강릉시 산대월리,축사,BLT1,Aedes vexans,72,1,72,72,3,0,,N,,2025-09-19,오유경(yuyu66),2025년,09월,3주
413,일본뇌염예측,강원도보건환경연구원,2025,9,3주,2025-09-17,강원,강릉시 산대월리,축사,BLT1,Anopheles spp.,4,1,4,0,0,0,,N,,2025-09-19,오유경(yuyu66),2025년,09월,3주
414,일본뇌염예측,강원도보건환경연구원,2025,9,3주,2025-09-17,강원,강릉시 산대월리,축사,BLT1,Culex tritaeniorhynchus,18,1,18,18,1,0,,N,,2025-09-19,오유경(yuyu66),2025년,09월,3주
415,일본뇌염예측,강원도보건환경연구원,2025,9,3주,2025-09-17,강원,강릉시 산대월리,축사,BLT1,Culex pipiens,5,1,5,5,1,0,,N,,2025-09-19,오유경(yuyu66),2025년,09월,3주
416,일본뇌염예측,강원도보건환경연구원,2025,9,3주,2025-09-16,강원,강릉시 산대월리,축사,BLT1,Armigeres subalbatus,50,1,50,50,2,0,,N,,2025-09-19,오유경(yuyu66),2025년,09월,3주
417,일본뇌염예측,강원도보건환경연구원,2025,9,3주,2025-09-16,강원,강릉시 산대월리,축사,BLT1,Aedes vexans,47,1,47,47,2,0,,N,,2025-09-19,오유경(yuyu66),2025년,09월,3주
418,일본뇌염예측,강원도보건환경연구원,2025,9,3주,2025-09-16,강원,강릉시 산대월리,축사,BLT1,Anopheles spp.,21,1,21,0,0,0,,N,,2025-09-19,오유경(yuyu66),2025년,09월,3주
419,일본뇌염예측,강원도보건환경연구원,2025,9,3주,2025-09-16,강원,강릉시 산대월리,축사,BLT1,Culex tritaeniorhynchus,21,1,21,21,1,0,,N,,2025-09-19,오유경(yuyu66),2025년,09월,3주
420,일본뇌염예측,강원도보건환경연구원,2025,9,3주,2025-09-16,강원,강릉시 산대월리,축사,BLT1,Culex pipiens,5,1,5,5,1,0,,N,,2025-09-19,오유경(yuyu66),2025년,09월,3주
421,일본뇌염예측,강원도보건환경연구원,2025,9,3주,2025-09-17,강원,춘천시 산천리,축사,BLT1,Armigeres subalbatus,8,1,8,8,1,0,,N,,2025-09-19,오유경(yuyu66),2025년,09월,3주
422,일본뇌염예측,강원도보건환경연구원,2025,9,3주,2025-09-17,강원,춘천시 산천리,축사,BLT1,Ochlerotatus koreicus,1,1,1,1,1,0,,N,,2025-09-19,오유경(yuyu66),2025년,09월,3주
423,일본뇌염예측,강원도보건환경연구원,2025,9,3주,2025-09-17,강원,춘천시 산천리,축사,BLT1,Aedes vexans,419,1,419,419,14,0,,N,,2025-09-19,오유경(yuyu66),2025년,09월,3주
424,일본뇌염예측,강원도보건환경연구원,2025,9,3주,2025-09-17,강원,춘천시 산천리,축사,BLT1,Aedes albopictus,3,1,3,3,1,0,,N,,2025-09-19,오유경(yuyu66),2025년,09월,3주
425,일본뇌염예측,강원도보건환경연구원,2025,9,3주,2025-09-17,강원,춘천시 산천리,축사,BLT1,Anopheles spp.,98,1,98,0,0,0,,N,,2025-09-19,오유경(yuyu66),2025년,09월,3주
426,일본뇌염예측,강원도보건환경연구원,2025,9,3주,2025-09-17,강원,춘천시 산천리,축사,BLT1,Culex tritaeniorhynchus,230,1,230,230,8,0,,N,,2025-09-19,오유경(yuyu66),2025년,09월,3주
427,일본뇌염예측,강원도보건환경연구원,2025,9,3주,2025-09-17,강원,춘천시 산천리,축사,BLT1,Culex pipiens,1,1,1,1,1,0,,N,,2025-09-19,오유경(yuyu66),2025년,09월,3주
428,일본뇌염예측,강원도보건환경연구원,2025,9,3주,2025-09-16,강원,춘천시 산천리,축사,BLT1,Armigeres subalbatus,3,1,3,3,1,0,,N,,2025-09-19,오유경(yuyu66),2025년,09월,3주
429,일본뇌염예측,강원도보건환경연구원,2025,9,3주,2025-09-16,강원,춘천시 산천리,축사,BLT1,Ochlerotatus koreicus,1,1,1,1,1,0,,N,,2025-09-19,오유경(yuyu66),2025년,09월,3주
430,일본뇌염예측,강원도보건환경연구원,2025,9,3주,2025-09-16,강원,춘천시 산천리,축사,BLT1,Aedes vexans,427,1,427,427,15,0,,N,,2025-09-19,오유경(yuyu66),2025년,09월,3주
431,일본뇌염예측,강원도보건환경연구원,2025,9,3주,2025-09-16,강원,춘천시 산천리,축사,BLT1,Aedes albopictus,1,1,1,1,1,0,,N,,2025-09-19,오유경(yuyu66),2025년,09월,3주
432,일본뇌염예측,강원도보건환경연구원,2025,9,3주,2025-09-16,강원,춘천시 산천리,축사,BLT1,Anopheles spp.,111,1,111,0,0,0,,N,,2025-09-19,오유경(yuyu66),2025년,09월,3주
433,일본뇌염예측,강원도보건환경연구원,2025,9,3주,2025-09-16,강원,춘천시 산천리,축사,BLT1,Culex tritaeniorhynchus,304,1,304,304,11,0,,N,,2025-09-19,오유경(yuyu66),2025년,09월,3주
434,일본뇌염예측,강원도보건환경연구원,2025,9,3주,2025-09-16,강원,춘천시 산천리,축사,BLT1,Culex bitaeniorhynchus,1,1,1,1,1,0,,N,,2025-09-19,오유경(yuyu66),2025년,09월,3주
435,일본뇌염예측,강원도보건환경연구원,2025,9,2주,2025-09-09,강원,횡성군 하대리,축사,BLT1,Armigeres subalbatus,1,1,1,1,1,0,,N,,2025-09-15,오유경(yuyu66),2025년,09월,2주
436,일본뇌염예측,강원도보건환경연구원,2025,9,2주,2025-09-09,강원,횡성군 하대리,축사,BLT1,Ochlerotatus koreicus,1,1,1,1,1,0,,N,,2025-09-15,오유경(yuyu66),2025년,09월,2주
437,일본뇌염예측,강원도보건환경연구원,2025,9,2주,2025-09-09,강원,횡성군 하대리,축사,BLT1,Aedes vexans,320,1,320,320,11,0,,N,,2025-09-15,오유경(yuyu66),2025년,09월,2주
438,일본뇌염예측,강원도보건환경연구원,2025,9,2주,2025-09-09,강원,횡성군 하대리,축사,BLT1,Aedes albopictus,1,1,1,1,1,0,,N,,2025-09-15,오유경(yuyu66),2025년,09월,2주
439,일본뇌염예측,강원도보건환경연구원,2025,9,2주,2025-09-09,강원,횡성군 하대리,축사,BLT1,Anopheles spp.,51,1,51,0,0,0,,N,,2025-09-15,오유경(yuyu66),2025년,09월,2주
440,일본뇌염예측,강원도보건환경연구원,2025,9,2주,2025-09-09,강원,횡성군 하대리,축사,BLT1,Mansonia uniformis,5,1,5,5,1,0,,N,,2025-09-15,오유경(yuyu66),2025년,09월,2주
441,일본뇌염예측,강원도보건환경연구원,2025,9,2주,2025-09-09,강원,횡성군 하대리,축사,BLT1,Culex tritaeniorhynchus,8,1,8,8,1,0,,N,,2025-09-15,오유경(yuyu66),2025년,09월,2주
442,일본뇌염예측,강원도보건환경연구원,2025,9,2주,2025-09-09,강원,횡성군 하대리,축사,BLT1,Culex pipiens,5,1,5,5,1,0,,N,,2025-09-15,오유경(yuyu66),2025년,09월,2주
443,일본뇌염예측,강원도보건환경연구원,2025,9,2주,2025-09-08,강원,횡성군 하대리,축사,BLT1,Armigeres subalbatus,1,1,1,1,1,0,,N,,2025-09-15,오유경(yuyu66),2025년,09월,2주
444,일본뇌염예측,강원도보건환경연구원,2025,9,2주,2025-09-08,강원,횡성군 하대리,축사,BLT1,Ochlerotatus koreicus,1,1,1,1,1,0,,N,,2025-09-15,오유경(yuyu66),2025년,09월,2주
445,일본뇌염예측,강원도보건환경연구원,2025,9,2주,2025-09-08,강원,횡성군 하대리,축사,BLT1,Aedes vexans,150,1,150,150,5,0,,N,,2025-09-15,오유경(yuyu66),2025년,09월,2주
446,일본뇌염예측,강원도보건환경연구원,2025,9,2주,2025-09-08,강원,횡성군 하대리,축사,BLT1,Anopheles spp.,29,1,29,0,0,0,,N,,2025-09-15,오유경(yuyu66),2025년,09월,2주
447,일본뇌염예측,강원도보건환경연구원,2025,9,2주,2025-09-08,강원,횡성군 하대리,축사,BLT1,Mansonia uniformis,2,1,2,2,1,0,,N,,2025-09-15,오유경(yuyu66),2025년,09월,2주
448,일본뇌염예측,강원도보건환경연구원,2025,9,2주,2025-09-08,강원,횡성군 하대리,축사,BLT1,Culex tritaeniorhynchus,9,1,9,9,1,0,,N,,2025-09-15,오유경(yuyu66),2025년,09월,2주
449,일본뇌염예측,강원도보건환경연구원,2025,9,2주,2025-09-08,강원,횡성군 하대리,축사,BLT1,Culex pipiens,2,1,2,2,1,0,,N,,2025-09-15,오유경(yuyu66),2025년,09월,2주
450,일본뇌염예측,강원도보건환경연구원,2025,9,2주,2025-09-08,강원,횡성군 하대리,축사,BLT1,Culex orientalis,4,1,4,4,1,0,,N,,2025-09-15,오유경(yuyu66),2025년,09월,2주
451,일본뇌염예측,강원도보건환경연구원,2025,9,2주,2025-09-08,강원,횡성군 하대리,축사,BLT1,Culex bitaeniorhynchus,1,1,1,1,1,0,,N,,2025-09-15,오유경(yuyu66),2025년,09월,2주
452,일본뇌염예측,강원도보건환경연구원,2025,9,2주,2025-09-10,강원,강릉시 산대월리,축사,BLT1,Armigeres subalbatus,1,1,1,1,1,0,,N,,2025-09-15,오유경(yuyu66),2025년,09월,2주
453,일본뇌염예측,강원도보건환경연구원,2025,9,2주,2025-09-10,강원,강릉시 산대월리,축사,BLT1,Aedes vexans,75,1,75,75,3,0,,N,,2025-09-15,오유경(yuyu66),2025년,09월,2주
454,일본뇌염예측,강원도보건환경연구원,2025,9,2주,2025-09-10,강원,강릉시 산대월리,축사,BLT1,Anopheles spp.,3,1,3,0,0,0,,N,,2025-09-15,오유경(yuyu66),2025년,09월,2주
455,일본뇌염예측,강원도보건환경연구원,2025,9,2주,2025-09-10,강원,강릉시 산대월리,축사,BLT1,Culex tritaeniorhynchus,9,1,9,9,1,0,,N,,2025-09-15,오유경(yuyu66),2025년,09월,2주
456,일본뇌염예측,강원도보건환경연구원,2025,9,2주,2025-09-10,강원,강릉시 산대월리,축사,BLT1,Culex pipiens,2,1,2,2,1,0,,N,,2025-09-15,오유경(yuyu66),2025년,09월,2주
457,일본뇌염예측,강원도보건환경연구원,2025,9,2주,2025-09-09,강원,강릉시 산대월리,축사,BLT1,Armigeres subalbatus,6,1,6,6,1,0,,N,,2025-09-15,오유경(yuyu66),2025년,09월,2주
458,일본뇌염예측,강원도보건환경연구원,2025,9,2주,2025-09-09,강원,강릉시 산대월리,축사,BLT1,Aedes vexans,27,1,27,27,1,0,,N,,2025-09-15,오유경(yuyu66),2025년,09월,2주
459,일본뇌염예측,강원도보건환경연구원,2025,9,2주,2025-09-09,강원,강릉시 산대월리,축사,BLT1,Anopheles spp.,3,1,3,0,0,0,,N,,2025-09-15,오유경(yuyu66),2025년,09월,2주
460,일본뇌염예측,강원도보건환경연구원,2025,9,2주,2025-09-09,강원,강릉시 산대월리,축사,BLT1,Mansonia uniformis,1,1,1,1,1,0,,N,,2025-09-15,오유경(yuyu66),2025년,09월,2주
461,일본뇌염예측,강원도보건환경연구원,2025,9,2주,2025-09-09,강원,강릉시 산대월리,축사,BLT1,Culex tritaeniorhynchus,2,1,2,2,1,0,,N,,2025-09-15,오유경(yuyu66),2025년,09월,2주
462,일본뇌염예측,강원도보건환경연구원,2025,9,2주,2025-09-09,강원,강릉시 산대월리,축사,BLT1,Culex pipiens,2,1,2,2,1,0,,N,,2025-09-15,오유경(yuyu66),2025년,09월,2주
463,일본뇌염예측,강원도보건환경연구원,2025,9,2주,2025-09-10,강원,춘천시 산천리,축사,BLT1,Armigeres subalbatus,2,1,2,2,1,0,,N,,2025-09-15,오유경(yuyu66),2025년,09월,2주
464,일본뇌염예측,강원도보건환경연구원,2025,9,2주,2025-09-10,강원,춘천시 산천리,축사,BLT1,Ochlerotatus koreicus,1,1,1,1,1,0,,N,,2025-09-15,오유경(yuyu66),2025년,09월,2주
465,일본뇌염예측,강원도보건환경연구원,2025,9,2주,2025-09-10,강원,춘천시 산천리,축사,BLT1,Aedes vexans,152,1,152,152,6,0,,N,,2025-09-15,오유경(yuyu66),2025년,09월,2주
466,일본뇌염예측,강원도보건환경연구원,2025,9,2주,2025-09-10,강원,춘천시 산천리,축사,BLT1,Aedes albopictus,2,1,2,2,1,0,,N,,2025-09-15,오유경(yuyu66),2025년,09월,2주
467,일본뇌염예측,강원도보건환경연구원,2025,9,2주,2025-09-10,강원,춘천시 산천리,축사,BLT1,Anopheles spp.,102,1,102,0,0,0,,N,,2025-09-15,오유경(yuyu66),2025년,09월,2주
468,일본뇌염예측,강원도보건환경연구원,2025,9,2주,2025-09-10,강원,춘천시 산천리,축사,BLT1,Culex tritaeniorhynchus,130,1,130,130,5,0,,N,,2025-09-15,오유경(yuyu66),2025년,09월,2주
469,일본뇌염예측,강원도보건환경연구원,2025,9,2주,2025-09-10,강원,춘천시 산천리,축사,BLT1,Culex pipiens,3,1,3,3,1,0,,N,,2025-09-15,오유경(yuyu66),2025년,09월,2주
470,일본뇌염예측,강원도보건환경연구원,2025,9,2주,2025-09-09,강원,춘천시 산천리,축사,BLT1,Armigeres subalbatus,2,1,2,2,1,0,,N,,2025-09-15,오유경(yuyu66),2025년,09월,2주
471,일본뇌염예측,강원도보건환경연구원,2025,9,2주,2025-09-09,강원,춘천시 산천리,축사,BLT1,Aedes vexans,303,1,303,303,11,0,,N,,2025-09-15,오유경(yuyu66),2025년,09월,2주
472,일본뇌염예측,강원도보건환경연구원,2025,9,2주,2025-09-09,강원,춘천시 산천리,축사,BLT1,Aedes albopictus,1,1,1,1,1,0,,N,,2025-09-15,오유경(yuyu66),2025년,09월,2주
473,일본뇌염예측,강원도보건환경연구원,2025,9,2주,2025-09-09,강원,춘천시 산천리,축사,BLT1,Anopheles spp.,102,1,102,0,0,0,,N,,2025-09-15,오유경(yuyu66),2025년,09월,2주
474,일본뇌염예측,강원도보건환경연구원,2025,9,2주,2025-09-09,강원,춘천시 산천리,축사,BLT1,Mansonia uniformis,1,1,1,1,1,0,,N,,2025-09-15,오유경(yuyu66),2025년,09월,2주
475,일본뇌염예측,강원도보건환경연구원,2025,9,2주,2025-09-09,강원,춘천시 산천리,축사,BLT1,Culex tritaeniorhynchus,241,1,241,241,9,0,,N,,2025-09-15,오유경(yuyu66),2025년,09월,2주
476,일본뇌염예측,강원도보건환경연구원,2025,9,2주,2025-09-09,강원,춘천시 산천리,축사,BLT1,Culex orientalis,1,1,1,1,1,0,,N,,2025-09-15,오유경(yuyu66),2025년,09월,2주
477,일본뇌염예측,강원도보건환경연구원,2025,9,2주,2025-09-09,강원,춘천시 산천리,축사,BLT1,Culex bitaeniorhynchus,1,1,1,1,1,0,,N,,2025-09-15,오유경(yuyu66),2025년,09월,2주
478,일본뇌염예측,강원도보건환경연구원,2025,9,1주,2025-09-02,강원,횡성군 하대리,축사,BLT1,Armigeres subalbatus,1,1,1,1,1,0,,N,,2025-09-05,오유경(yuyu66),2025년,09월,1주
479,일본뇌염예측,강원도보건환경연구원,2025,9,1주,2025-09-02,강원,횡성군 하대리,축사,BLT1,Aedes vexans,635,1,635,635,22,0,,N,,2025-09-05,오유경(yuyu66),2025년,09월,1주
480,일본뇌염예측,강원도보건환경연구원,2025,9,1주,2025-09-02,강원,횡성군 하대리,축사,BLT1,Anopheles spp.,58,1,58,0,0,0,,N,,2025-09-05,오유경(yuyu66),2025년,09월,1주
481,일본뇌염예측,강원도보건환경연구원,2025,9,1주,2025-09-02,강원,횡성군 하대리,축사,BLT1,Mansonia uniformis,4,1,4,4,1,0,,N,,2025-09-05,오유경(yuyu66),2025년,09월,1주
482,일본뇌염예측,강원도보건환경연구원,2025,9,1주,2025-09-02,강원,횡성군 하대리,축사,BLT1,Culex tritaeniorhynchus,8,1,8,8,1,0,,N,,2025-09-05,오유경(yuyu66),2025년,09월,1주
483,일본뇌염예측,강원도보건환경연구원,2025,9,1주,2025-09-02,강원,횡성군 하대리,축사,BLT1,Culex orientalis,1,1,1,1,1,0,,N,,2025-09-05,오유경(yuyu66),2025년,09월,1주
484,일본뇌염예측,강원도보건환경연구원,2025,9,1주,2025-09-02,강원,횡성군 하대리,축사,BLT1,Culex bitaeniorhynchus,2,1,2,2,1,0,,N,,2025-09-05,오유경(yuyu66),2025년,09월,1주
485,일본뇌염예측,강원도보건환경연구원,2025,9,1주,2025-09-01,강원,횡성군 하대리,축사,BLT1,Armigeres subalbatus,1,1,1,1,1,0,,N,,2025-09-05,오유경(yuyu66),2025년,09월,1주
486,일본뇌염예측,강원도보건환경연구원,2025,9,1주,2025-09-01,강원,횡성군 하대리,축사,BLT1,Aedes vexans,493,1,493,493,17,0,,N,,2025-09-05,오유경(yuyu66),2025년,09월,1주
487,일본뇌염예측,강원도보건환경연구원,2025,9,1주,2025-09-01,강원,횡성군 하대리,축사,BLT1,Anopheles spp.,72,1,72,0,0,0,,N,,2025-09-05,오유경(yuyu66),2025년,09월,1주
488,일본뇌염예측,강원도보건환경연구원,2025,9,1주,2025-09-01,강원,횡성군 하대리,축사,BLT1,Mansonia uniformis,5,1,5,5,1,0,,N,,2025-09-05,오유경(yuyu66),2025년,09월,1주
489,일본뇌염예측,강원도보건환경연구원,2025,9,1주,2025-09-01,강원,횡성군 하대리,축사,BLT1,Culex tritaeniorhynchus,4,1,4,4,1,0,,N,,2025-09-05,오유경(yuyu66),2025년,09월,1주
490,일본뇌염예측,강원도보건환경연구원,2025,9,1주,2025-09-01,강원,횡성군 하대리,축사,BLT1,Culex pipiens,6,1,6,6,1,0,,N,,2025-09-05,오유경(yuyu66),2025년,09월,1주
491,일본뇌염예측,강원도보건환경연구원,2025,9,1주,2025-09-01,강원,횡성군 하대리,축사,BLT1,Culex bitaeniorhynchus,1,1,1,1,1,0,,N,,2025-09-05,오유경(yuyu66),2025년,09월,1주
492,일본뇌염예측,강원도보건환경연구원,2025,9,1주,2025-09-03,강원,강릉시 산대월리,축사,BLT1,Armigeres subalbatus,3,1,3,3,1,0,,N,,2025-09-05,오유경(yuyu66),2025년,09월,1주
493,일본뇌염예측,강원도보건환경연구원,2025,9,1주,2025-09-03,강원,강릉시 산대월리,축사,BLT1,Aedes vexans,41,1,41,41,2,0,,N,,2025-09-05,오유경(yuyu66),2025년,09월,1주
494,일본뇌염예측,강원도보건환경연구원,2025,9,1주,2025-09-03,강원,강릉시 산대월리,축사,BLT1,Mansonia uniformis,1,1,1,1,1,0,,N,,2025-09-05,오유경(yuyu66),2025년,09월,1주
495,일본뇌염예측,강원도보건환경연구원,2025,9,1주,2025-09-03,강원,강릉시 산대월리,축사,BLT1,Culex tritaeniorhynchus,1,1,1,1,1,0,,N,,2025-09-05,오유경(yuyu66),2025년,09월,1주
496,일본뇌염예측,강원도보건환경연구원,2025,9,1주,2025-09-02,강원,강릉시 산대월리,축사,BLT1,Aedes vexans,109,1,109,109,4,0,,N,,2025-09-05,오유경(yuyu66),2025년,09월,1주
497,일본뇌염예측,강원도보건환경연구원,2025,9,1주,2025-09-02,강원,강릉시 산대월리,축사,BLT1,Anopheles spp.,1,1,1,0,0,0,,N,,2025-09-05,오유경(yuyu66),2025년,09월,1주
498,일본뇌염예측,강원도보건환경연구원,2025,9,1주,2025-09-02,강원,강릉시 산대월리,축사,BLT1,Culex tritaeniorhynchus,1,1,1,1,1,0,,N,,2025-09-05,오유경(yuyu66),2025년,09월,1주
499,일본뇌염예측,강원도보건환경연구원,2025,9,1주,2025-09-02,강원,강릉시 산대월리,축사,BLT1,Culex pipiens,1,1,1,1,1,0,,N,,2025-09-05,오유경(yuyu66),2025년,09월,1주
500,일본뇌염예측,강원도보건환경연구원,2025,9,1주,2025-09-03,강원,춘천시 산천리,축사,BLT1,Armigeres subalbatus,3,1,3,3,1,0,,N,,2025-09-05,오유경(yuyu66),2025년,09월,1주
501,일본뇌염예측,강원도보건환경연구원,2025,9,1주,2025-09-03,강원,춘천시 산천리,축사,BLT1,Aedes vexans,49,1,49,49,2,0,,N,,2025-09-05,오유경(yuyu66),2025년,09월,1주
502,일본뇌염예측,강원도보건환경연구원,2025,9,1주,2025-09-03,강원,춘천시 산천리,축사,BLT1,Aedes albopictus,3,1,3,3,1,0,,N,,2025-09-05,오유경(yuyu66),2025년,09월,1주
503,일본뇌염예측,강원도보건환경연구원,2025,9,1주,2025-09-03,강원,춘천시 산천리,축사,BLT1,Anopheles spp.,116,1,116,0,0,0,,N,,2025-09-05,오유경(yuyu66),2025년,09월,1주
504,일본뇌염예측,강원도보건환경연구원,2025,9,1주,2025-09-03,강원,춘천시 산천리,축사,BLT1,Mansonia uniformis,1,1,1,1,1,0,,N,,2025-09-05,오유경(yuyu66),2025년,09월,1주
505,일본뇌염예측,강원도보건환경연구원,2025,9,1주,2025-09-03,강원,춘천시 산천리,축사,BLT1,Culex tritaeniorhynchus,97,1,97,97,4,0,,N,,2025-09-05,오유경(yuyu66),2025년,09월,1주
506,일본뇌염예측,강원도보건환경연구원,2025,9,1주,2025-09-03,강원,춘천시 산천리,축사,BLT1,Culex pipiens,1,1,1,1,1,0,,N,,2025-09-05,오유경(yuyu66),2025년,09월,1주
507,일본뇌염예측,강원도보건환경연구원,2025,9,1주,2025-09-03,강원,춘천시 산천리,축사,BLT1,Culex bitaeniorhynchus,1,1,1,1,1,0,,N,,2025-09-05,오유경(yuyu66),2025년,09월,1주
508,일본뇌염예측,강원도보건환경연구원,2025,9,1주,2025-09-02,강원,춘천시 산천리,축사,BLT1,Armigeres subalbatus,4,1,4,4,1,0,,N,,2025-09-05,오유경(yuyu66),2025년,09월,1주
509,일본뇌염예측,강원도보건환경연구원,2025,9,1주,2025-09-02,강원,춘천시 산천리,축사,BLT1,Ochlerotatus koreicus,1,1,1,1,1,0,,N,,2025-09-05,오유경(yuyu66),2025년,09월,1주
510,일본뇌염예측,강원도보건환경연구원,2025,9,1주,2025-09-02,강원,춘천시 산천리,축사,BLT1,Aedes vexans,111,1,111,111,4,0,,N,,2025-09-05,오유경(yuyu66),2025년,09월,1주
511,일본뇌염예측,강원도보건환경연구원,2025,9,1주,2025-09-02,강원,춘천시 산천리,축사,BLT1,Aedes albopictus,2,1,2,2,1,0,,N,,2025-09-05,오유경(yuyu66),2025년,09월,1주
512,일본뇌염예측,강원도보건환경연구원,2025,9,1주,2025-09-02,강원,춘천시 산천리,축사,BLT1,Anopheles spp.,357,1,357,0,0,0,,N,,2025-09-05,오유경(yuyu66),2025년,09월,1주
513,일본뇌염예측,강원도보건환경연구원,2025,9,1주,2025-09-02,강원,춘천시 산천리,축사,BLT1,Culex tritaeniorhynchus,104,1,104,104,4,0,,N,,2025-09-05,오유경(yuyu66),2025년,09월,1주
514,일본뇌염예측,강원도보건환경연구원,2025,9,1주,2025-09-02,강원,춘천시 산천리,축사,BLT1,Culex bitaeniorhynchus,3,1,3,3,1,0,,N,,2025-09-05,오유경(yuyu66),2025년,09월,1주
515,일본뇌염예측,강원도보건환경연구원,2025,8,4주,2025-08-26,강원,횡성군 하대리,축사,BLT1,Armigeres subalbatus,1,1,1,1,1,0,,N,,2025-08-29,오유경(yuyu66),2025년,08월,4주
516,일본뇌염예측,강원도보건환경연구원,2025,8,4주,2025-08-26,강원,횡성군 하대리,축사,BLT1,Ochlerotatus koreicus,4,1,4,4,1,0,,N,,2025-08-29,오유경(yuyu66),2025년,08월,4주
517,일본뇌염예측,강원도보건환경연구원,2025,8,4주,2025-08-26,강원,횡성군 하대리,축사,BLT1,Aedes vexans,536,1,536,536,18,0,,N,,2025-08-29,오유경(yuyu66),2025년,08월,4주
518,일본뇌염예측,강원도보건환경연구원,2025,8,4주,2025-08-26,강원,횡성군 하대리,축사,BLT1,Anopheles spp.,39,1,39,0,0,0,,N,,2025-08-29,오유경(yuyu66),2025년,08월,4주
519,일본뇌염예측,강원도보건환경연구원,2025,8,4주,2025-08-26,강원,횡성군 하대리,축사,BLT1,Mansonia uniformis,4,1,4,4,1,0,,N,,2025-08-29,오유경(yuyu66),2025년,08월,4주
520,일본뇌염예측,강원도보건환경연구원,2025,8,4주,2025-08-26,강원,횡성군 하대리,축사,BLT1,Culex tritaeniorhynchus,1,1,1,1,1,0,,N,,2025-08-29,오유경(yuyu66),2025년,08월,4주
521,일본뇌염예측,강원도보건환경연구원,2025,8,4주,2025-08-26,강원,횡성군 하대리,축사,BLT1,Culex pipiens,1,1,1,1,1,0,,N,,2025-08-29,오유경(yuyu66),2025년,08월,4주
522,일본뇌염예측,강원도보건환경연구원,2025,8,4주,2025-08-26,강원,횡성군 하대리,축사,BLT1,Culex orientalis,1,1,1,1,1,0,,N,,2025-08-29,오유경(yuyu66),2025년,08월,4주
523,일본뇌염예측,강원도보건환경연구원,2025,8,4주,2025-08-26,강원,횡성군 하대리,축사,BLT1,Culex bitaeniorhynchus,1,1,1,1,1,0,,N,,2025-08-29,오유경(yuyu66),2025년,08월,4주
524,일본뇌염예측,강원도보건환경연구원,2025,8,4주,2025-08-25,강원,횡성군 하대리,축사,BLT1,Armigeres subalbatus,1,1,1,1,1,0,,N,,2025-08-29,오유경(yuyu66),2025년,08월,4주
525,일본뇌염예측,강원도보건환경연구원,2025,8,4주,2025-08-25,강원,횡성군 하대리,축사,BLT1,Ochlerotatus koreicus,3,1,3,3,1,0,,N,,2025-08-29,오유경(yuyu66),2025년,08월,4주
526,일본뇌염예측,강원도보건환경연구원,2025,8,4주,2025-08-25,강원,횡성군 하대리,축사,BLT1,Aedes vexans,609,1,609,609,21,0,,N,,2025-08-29,오유경(yuyu66),2025년,08월,4주
527,일본뇌염예측,강원도보건환경연구원,2025,8,4주,2025-08-25,강원,횡성군 하대리,축사,BLT1,Anopheles spp.,19,1,19,0,0,0,,N,,2025-08-29,오유경(yuyu66),2025년,08월,4주
528,일본뇌염예측,강원도보건환경연구원,2025,8,4주,2025-08-25,강원,횡성군 하대리,축사,BLT1,Culex tritaeniorhynchus,7,1,7,7,1,0,,N,,2025-08-29,오유경(yuyu66),2025년,08월,4주
529,일본뇌염예측,강원도보건환경연구원,2025,8,4주,2025-08-25,강원,횡성군 하대리,축사,BLT1,Culex pipiens,5,1,5,5,1,0,,N,,2025-08-29,오유경(yuyu66),2025년,08월,4주
530,일본뇌염예측,강원도보건환경연구원,2025,8,4주,2025-08-25,강원,횡성군 하대리,축사,BLT1,Culex bitaeniorhynchus,3,1,3,3,1,0,,N,,2025-08-29,오유경(yuyu66),2025년,08월,4주
531,일본뇌염예측,강원도보건환경연구원,2025,8,4주,2025-08-27,강원,강릉시 산대월리,축사,BLT1,Armigeres subalbatus,7,1,7,7,1,0,,N,,2025-08-29,오유경(yuyu66),2025년,08월,4주
532,일본뇌염예측,강원도보건환경연구원,2025,8,4주,2025-08-27,강원,강릉시 산대월리,축사,BLT1,Aedes vexans,58,1,58,58,2,0,,N,,2025-08-29,오유경(yuyu66),2025년,08월,4주
533,일본뇌염예측,강원도보건환경연구원,2025,8,4주,2025-08-27,강원,강릉시 산대월리,축사,BLT1,Anopheles spp.,4,1,4,0,0,0,,N,,2025-08-29,오유경(yuyu66),2025년,08월,4주
534,일본뇌염예측,강원도보건환경연구원,2025,8,4주,2025-08-27,강원,강릉시 산대월리,축사,BLT1,Mansonia uniformis,1,1,1,1,1,0,,N,,2025-08-29,오유경(yuyu66),2025년,08월,4주
535,일본뇌염예측,강원도보건환경연구원,2025,8,4주,2025-08-26,강원,강릉시 산대월리,축사,BLT1,Armigeres subalbatus,6,1,6,6,1,0,,N,,2025-08-29,오유경(yuyu66),2025년,08월,4주
536,일본뇌염예측,강원도보건환경연구원,2025,8,4주,2025-08-26,강원,강릉시 산대월리,축사,BLT1,Aedes vexans,142,1,142,142,5,0,,N,,2025-08-29,오유경(yuyu66),2025년,08월,4주
537,일본뇌염예측,강원도보건환경연구원,2025,8,4주,2025-08-26,강원,강릉시 산대월리,축사,BLT1,Mansonia uniformis,1,1,1,1,1,0,,N,,2025-08-29,오유경(yuyu66),2025년,08월,4주
538,일본뇌염예측,강원도보건환경연구원,2025,8,4주,2025-08-27,강원,춘천시 산천리,축사,BLT1,Armigeres subalbatus,6,1,6,6,1,0,,N,,2025-08-29,오유경(yuyu66),2025년,08월,4주
539,일본뇌염예측,강원도보건환경연구원,2025,8,4주,2025-08-27,강원,춘천시 산천리,축사,BLT1,Aedes vexans,34,1,34,34,2,0,,N,,2025-08-29,오유경(yuyu66),2025년,08월,4주
540,일본뇌염예측,강원도보건환경연구원,2025,8,4주,2025-08-27,강원,춘천시 산천리,축사,BLT1,Aedes albopictus,6,1,6,6,1,0,,N,,2025-08-29,오유경(yuyu66),2025년,08월,4주
541,일본뇌염예측,강원도보건환경연구원,2025,8,4주,2025-08-27,강원,춘천시 산천리,축사,BLT1,Anopheles spp.,208,1,208,0,0,0,,N,,2025-08-29,오유경(yuyu66),2025년,08월,4주
542,일본뇌염예측,강원도보건환경연구원,2025,8,4주,2025-08-27,강원,춘천시 산천리,축사,BLT1,Mansonia uniformis,1,1,1,1,1,0,,N,,2025-08-29,오유경(yuyu66),2025년,08월,4주
543,일본뇌염예측,강원도보건환경연구원,2025,8,4주,2025-08-27,강원,춘천시 산천리,축사,BLT1,Culex tritaeniorhynchus,52,1,52,52,2,0,,N,,2025-08-29,오유경(yuyu66),2025년,08월,4주
544,일본뇌염예측,강원도보건환경연구원,2025,8,4주,2025-08-27,강원,춘천시 산천리,축사,BLT1,Culex pipiens,1,1,1,1,1,0,,N,,2025-08-29,오유경(yuyu66),2025년,08월,4주
545,일본뇌염예측,강원도보건환경연구원,2025,8,4주,2025-08-27,강원,춘천시 산천리,축사,BLT1,Culex bitaeniorhynchus,1,1,1,1,1,0,,N,,2025-08-29,오유경(yuyu66),2025년,08월,4주
546,일본뇌염예측,강원도보건환경연구원,2025,8,4주,2025-08-26,강원,춘천시 산천리,축사,BLT1,Armigeres subalbatus,10,1,10,10,1,0,,N,,2025-08-29,오유경(yuyu66),2025년,08월,4주
547,일본뇌염예측,강원도보건환경연구원,2025,8,4주,2025-08-26,강원,춘천시 산천리,축사,BLT1,Aedes vexans,136,1,136,136,5,0,,N,,2025-08-29,오유경(yuyu66),2025년,08월,4주
548,일본뇌염예측,강원도보건환경연구원,2025,8,4주,2025-08-26,강원,춘천시 산천리,축사,BLT1,Aedes albopictus,5,1,5,5,1,0,,N,,2025-08-29,오유경(yuyu66),2025년,08월,4주
549,일본뇌염예측,강원도보건환경연구원,2025,8,4주,2025-08-26,강원,춘천시 산천리,축사,BLT1,Anopheles spp.,438,1,438,0,0,0,,N,,2025-08-29,오유경(yuyu66),2025년,08월,4주
550,일본뇌염예측,강원도보건환경연구원,2025,8,4주,2025-08-26,강원,춘천시 산천리,축사,BLT1,Mansonia uniformis,2,1,2,2,1,0,,N,,2025-08-29,오유경(yuyu66),2025년,08월,4주
551,일본뇌염예측,강원도보건환경연구원,2025,8,4주,2025-08-26,강원,춘천시 산천리,축사,BLT1,Culex tritaeniorhynchus,63,1,63,63,3,0,,N,,2025-08-29,오유경(yuyu66),2025년,08월,4주
552,일본뇌염예측,강원도보건환경연구원,2025,8,4주,2025-08-26,강원,춘천시 산천리,축사,BLT1,Culex pipiens,6,1,6,6,1,0,,N,,2025-08-29,오유경(yuyu66),2025년,08월,4주
553,일본뇌염예측,강원도보건환경연구원,2025,8,4주,2025-08-26,강원,춘천시 산천리,축사,BLT1,Culex bitaeniorhynchus,1,1,1,1,1,0,,N,,2025-08-29,오유경(yuyu66),2025년,08월,4주
554,일본뇌염예측,강원도보건환경연구원,2025,8,3주,2025-08-19,강원,횡성군 하대리,축사,BLT1,Aedes vexans,542,1,542,542,19,0,,N,,2025-08-22,오유경(yuyu66),2025년,08월,3주
555,일본뇌염예측,강원도보건환경연구원,2025,8,3주,2025-08-19,강원,횡성군 하대리,축사,BLT1,Anopheles spp.,44,1,44,0,0,0,,N,,2025-08-22,오유경(yuyu66),2025년,08월,3주
556,일본뇌염예측,강원도보건환경연구원,2025,8,3주,2025-08-19,강원,횡성군 하대리,축사,BLT1,Culex pipiens,1,1,1,1,1,0,,N,,2025-08-22,오유경(yuyu66),2025년,08월,3주
557,일본뇌염예측,강원도보건환경연구원,2025,8,3주,2025-08-18,강원,횡성군 하대리,축사,BLT1,Armigeres subalbatus,4,1,4,4,1,0,,N,,2025-08-22,오유경(yuyu66),2025년,08월,3주
558,일본뇌염예측,강원도보건환경연구원,2025,8,3주,2025-08-18,강원,횡성군 하대리,축사,BLT1,Aedes vexans,680,1,680,680,23,0,,N,,2025-08-22,오유경(yuyu66),2025년,08월,3주
559,일본뇌염예측,강원도보건환경연구원,2025,8,3주,2025-08-18,강원,횡성군 하대리,축사,BLT1,Anopheles spp.,37,1,37,0,0,0,,N,,2025-08-22,오유경(yuyu66),2025년,08월,3주
560,일본뇌염예측,강원도보건환경연구원,2025,8,3주,2025-08-18,강원,횡성군 하대리,축사,BLT1,Culex tritaeniorhynchus,2,1,2,2,1,0,,N,,2025-08-22,오유경(yuyu66),2025년,08월,3주
561,일본뇌염예측,강원도보건환경연구원,2025,8,3주,2025-08-18,강원,횡성군 하대리,축사,BLT1,Culex pipiens,1,1,1,1,1,0,,N,,2025-08-22,오유경(yuyu66),2025년,08월,3주
562,일본뇌염예측,강원도보건환경연구원,2025,8,3주,2025-08-20,강원,강릉시 산대월리,축사,BLT1,Armigeres subalbatus,1,1,1,1,1,0,,N,,2025-08-22,오유경(yuyu66),2025년,08월,3주
563,일본뇌염예측,강원도보건환경연구원,2025,8,3주,2025-08-20,강원,강릉시 산대월리,축사,BLT1,Aedes vexans,122,1,122,122,5,0,,N,,2025-08-22,오유경(yuyu66),2025년,08월,3주
564,일본뇌염예측,강원도보건환경연구원,2025,8,3주,2025-08-20,강원,강릉시 산대월리,축사,BLT1,Anopheles spp.,1,1,1,0,0,0,,N,,2025-08-22,오유경(yuyu66),2025년,08월,3주
565,일본뇌염예측,강원도보건환경연구원,2025,8,3주,2025-08-20,강원,강릉시 산대월리,축사,BLT1,Mansonia uniformis,2,1,2,2,1,0,,N,,2025-08-22,오유경(yuyu66),2025년,08월,3주
566,일본뇌염예측,강원도보건환경연구원,2025,8,3주,2025-08-19,강원,강릉시 산대월리,축사,BLT1,Armigeres subalbatus,3,1,3,3,1,0,,N,,2025-08-22,오유경(yuyu66),2025년,08월,3주
567,일본뇌염예측,강원도보건환경연구원,2025,8,3주,2025-08-19,강원,강릉시 산대월리,축사,BLT1,Aedes vexans,125,1,125,125,5,0,,N,,2025-08-22,오유경(yuyu66),2025년,08월,3주
568,일본뇌염예측,강원도보건환경연구원,2025,8,3주,2025-08-19,강원,강릉시 산대월리,축사,BLT1,Anopheles spp.,1,1,1,0,0,0,,N,,2025-08-22,오유경(yuyu66),2025년,08월,3주
569,일본뇌염예측,강원도보건환경연구원,2025,8,3주,2025-08-19,강원,강릉시 산대월리,축사,BLT1,Culex tritaeniorhynchus,1,1,1,1,1,0,,N,,2025-08-22,오유경(yuyu66),2025년,08월,3주
570,일본뇌염예측,강원도보건환경연구원,2025,8,3주,2025-08-20,강원,춘천시 산천리,축사,BLT1,Armigeres subalbatus,3,1,3,3,1,0,,N,,2025-08-22,오유경(yuyu66),2025년,08월,3주
571,일본뇌염예측,강원도보건환경연구원,2025,8,3주,2025-08-20,강원,춘천시 산천리,축사,BLT1,Ochlerotatus koreicus,1,1,1,1,1,0,,N,,2025-08-22,오유경(yuyu66),2025년,08월,3주
572,일본뇌염예측,강원도보건환경연구원,2025,8,3주,2025-08-20,강원,춘천시 산천리,축사,BLT1,Aedes vexans,211,1,211,211,8,0,,N,,2025-08-22,오유경(yuyu66),2025년,08월,3주
573,일본뇌염예측,강원도보건환경연구원,2025,8,3주,2025-08-20,강원,춘천시 산천리,축사,BLT1,Aedes albopictus,6,1,6,6,1,0,,N,,2025-08-22,오유경(yuyu66),2025년,08월,3주
574,일본뇌염예측,강원도보건환경연구원,2025,8,3주,2025-08-20,강원,춘천시 산천리,축사,BLT1,Anopheles spp.,179,1,179,0,0,0,,N,,2025-08-22,오유경(yuyu66),2025년,08월,3주
575,일본뇌염예측,강원도보건환경연구원,2025,8,3주,2025-08-20,강원,춘천시 산천리,축사,BLT1,Culex tritaeniorhynchus,21,1,21,21,1,0,,N,,2025-08-22,오유경(yuyu66),2025년,08월,3주
576,일본뇌염예측,강원도보건환경연구원,2025,8,3주,2025-08-20,강원,춘천시 산천리,축사,BLT1,Culex pipiens,1,1,1,1,1,0,,N,,2025-08-22,오유경(yuyu66),2025년,08월,3주
577,일본뇌염예측,강원도보건환경연구원,2025,8,3주,2025-08-20,강원,춘천시 산천리,축사,BLT1,Culex bitaeniorhynchus,2,1,2,2,1,0,,N,,2025-08-22,오유경(yuyu66),2025년,08월,3주
578,일본뇌염예측,강원도보건환경연구원,2025,8,3주,2025-08-19,강원,춘천시 산천리,축사,BLT1,Armigeres subalbatus,5,1,5,5,1,0,,N,,2025-08-22,오유경(yuyu66),2025년,08월,3주
579,일본뇌염예측,강원도보건환경연구원,2025,8,3주,2025-08-19,강원,춘천시 산천리,축사,BLT1,Aedes vexans,322,1,322,322,11,0,,N,,2025-08-22,오유경(yuyu66),2025년,08월,3주
580,일본뇌염예측,강원도보건환경연구원,2025,8,3주,2025-08-19,강원,춘천시 산천리,축사,BLT1,Anopheles spp.,120,1,120,0,0,0,,N,,2025-08-22,오유경(yuyu66),2025년,08월,3주
581,일본뇌염예측,강원도보건환경연구원,2025,8,3주,2025-08-19,강원,춘천시 산천리,축사,BLT1,Culex tritaeniorhynchus,25,1,25,25,1,0,,N,,2025-08-22,오유경(yuyu66),2025년,08월,3주
582,일본뇌염예측,강원도보건환경연구원,2025,8,3주,2025-08-19,강원,춘천시 산천리,축사,BLT1,Culex pipiens,3,1,3,3,1,0,,N,,2025-08-22,오유경(yuyu66),2025년,08월,3주
583,일본뇌염예측,강원도보건환경연구원,2025,8,3주,2025-08-19,강원,춘천시 산천리,축사,BLT1,Culex bitaeniorhynchus,1,1,1,1,1,0,,N,,2025-08-22,오유경(yuyu66),2025년,08월,3주
584,일본뇌염예측,강원도보건환경연구원,2025,8,2주,2025-08-12,강원,횡성군 하대리,축사,BLT1,Ochlerotatus koreicus,6,1,6,6,1,0,,N,,2025-08-14,오유경(yuyu66),2025년,08월,2주
585,일본뇌염예측,강원도보건환경연구원,2025,8,2주,2025-08-12,강원,횡성군 하대리,축사,BLT1,Aedes vexans,769,1,769,769,26,0,,N,,2025-08-14,오유경(yuyu66),2025년,08월,2주
586,일본뇌염예측,강원도보건환경연구원,2025,8,2주,2025-08-12,강원,횡성군 하대리,축사,BLT1,Anopheles spp.,91,1,91,0,0,0,,N,,2025-08-14,오유경(yuyu66),2025년,08월,2주
587,일본뇌염예측,강원도보건환경연구원,2025,8,2주,2025-08-12,강원,횡성군 하대리,축사,BLT1,Mansonia uniformis,2,1,2,2,1,0,,N,,2025-08-14,오유경(yuyu66),2025년,08월,2주
588,일본뇌염예측,강원도보건환경연구원,2025,8,2주,2025-08-12,강원,횡성군 하대리,축사,BLT1,Culex tritaeniorhynchus,2,1,2,2,1,0,,N,,2025-08-14,오유경(yuyu66),2025년,08월,2주
589,일본뇌염예측,강원도보건환경연구원,2025,8,2주,2025-08-12,강원,횡성군 하대리,축사,BLT1,Culex pipiens,8,1,8,8,1,0,,N,,2025-08-14,오유경(yuyu66),2025년,08월,2주
590,일본뇌염예측,강원도보건환경연구원,2025,8,2주,2025-08-12,강원,횡성군 하대리,축사,BLT1,Culex orientalis,1,1,1,1,1,0,,N,,2025-08-14,오유경(yuyu66),2025년,08월,2주
591,일본뇌염예측,강원도보건환경연구원,2025,8,2주,2025-08-11,강원,횡성군 하대리,축사,BLT1,Armigeres subalbatus,1,1,1,1,1,0,,N,,2025-08-14,오유경(yuyu66),2025년,08월,2주
592,일본뇌염예측,강원도보건환경연구원,2025,8,2주,2025-08-11,강원,횡성군 하대리,축사,BLT1,Aedes vexans,996,1,996,996,34,0,,N,,2025-08-14,오유경(yuyu66),2025년,08월,2주
593,일본뇌염예측,강원도보건환경연구원,2025,8,2주,2025-08-11,강원,횡성군 하대리,축사,BLT1,Anopheles spp.,47,1,47,0,0,0,,N,,2025-08-14,오유경(yuyu66),2025년,08월,2주
594,일본뇌염예측,강원도보건환경연구원,2025,8,2주,2025-08-11,강원,횡성군 하대리,축사,BLT1,Mansonia uniformis,4,1,4,4,1,0,,N,,2025-08-14,오유경(yuyu66),2025년,08월,2주
595,일본뇌염예측,강원도보건환경연구원,2025,8,2주,2025-08-11,강원,횡성군 하대리,축사,BLT1,Culex tritaeniorhynchus,5,1,5,5,1,0,,N,,2025-08-14,오유경(yuyu66),2025년,08월,2주
596,일본뇌염예측,강원도보건환경연구원,2025,8,2주,2025-08-11,강원,횡성군 하대리,축사,BLT1,Culex pipiens,8,1,8,8,1,0,,N,,2025-08-14,오유경(yuyu66),2025년,08월,2주
597,일본뇌염예측,강원도보건환경연구원,2025,8,2주,2025-08-11,강원,횡성군 하대리,축사,BLT1,Culex orientalis,2,1,2,2,1,0,,N,,2025-08-14,오유경(yuyu66),2025년,08월,2주
598,일본뇌염예측,강원도보건환경연구원,2025,8,2주,2025-08-11,강원,횡성군 하대리,축사,BLT1,Culex bitaeniorhynchus,3,1,3,3,1,0,,N,,2025-08-14,오유경(yuyu66),2025년,08월,2주
599,일본뇌염예측,강원도보건환경연구원,2025,8,2주,2025-08-13,강원,강릉시 산대월리,축사,BLT1,Armigeres subalbatus,7,1,7,7,1,0,,N,,2025-08-14,오유경(yuyu66),2025년,08월,2주
600,일본뇌염예측,강원도보건환경연구원,2025,8,2주,2025-08-13,강원,강릉시 산대월리,축사,BLT1,Aedes vexans,213,1,213,213,8,0,,N,,2025-08-14,오유경(yuyu66),2025년,08월,2주
601,일본뇌염예측,강원도보건환경연구원,2025,8,2주,2025-08-13,강원,강릉시 산대월리,축사,BLT1,Anopheles spp.,6,1,6,0,0,0,,N,,2025-08-14,오유경(yuyu66),2025년,08월,2주
602,일본뇌염예측,강원도보건환경연구원,2025,8,2주,2025-08-13,강원,강릉시 산대월리,축사,BLT1,Mansonia uniformis,2,1,2,2,1,0,,N,,2025-08-14,오유경(yuyu66),2025년,08월,2주
603,일본뇌염예측,강원도보건환경연구원,2025,8,2주,2025-08-13,강원,강릉시 산대월리,축사,BLT1,Culex tritaeniorhynchus,3,1,3,3,1,0,,N,,2025-08-14,오유경(yuyu66),2025년,08월,2주
604,일본뇌염예측,강원도보건환경연구원,2025,8,2주,2025-08-13,강원,강릉시 산대월리,축사,BLT1,Culex pipiens,2,1,2,2,1,0,,N,,2025-08-14,오유경(yuyu66),2025년,08월,2주
605,일본뇌염예측,강원도보건환경연구원,2025,8,2주,2025-08-13,강원,강릉시 산대월리,축사,BLT1,Culex bitaeniorhynchus,1,1,1,1,1,0,,N,,2025-08-14,오유경(yuyu66),2025년,08월,2주
606,일본뇌염예측,강원도보건환경연구원,2025,8,2주,2025-08-12,강원,강릉시 산대월리,축사,BLT1,Armigeres subalbatus,9,1,9,9,1,0,,N,,2025-08-14,오유경(yuyu66),2025년,08월,2주
607,일본뇌염예측,강원도보건환경연구원,2025,8,2주,2025-08-12,강원,강릉시 산대월리,축사,BLT1,Aedes vexans,351,1,351,351,12,0,,N,,2025-08-14,오유경(yuyu66),2025년,08월,2주
608,일본뇌염예측,강원도보건환경연구원,2025,8,2주,2025-08-12,강원,강릉시 산대월리,축사,BLT1,Anopheles spp.,7,1,7,0,0,0,,N,,2025-08-14,오유경(yuyu66),2025년,08월,2주
609,일본뇌염예측,강원도보건환경연구원,2025,8,2주,2025-08-13,강원,춘천시 산천리,축사,BLT1,Armigeres subalbatus,2,1,2,2,1,0,,N,,2025-08-14,오유경(yuyu66),2025년,08월,2주
610,일본뇌염예측,강원도보건환경연구원,2025,8,2주,2025-08-13,강원,춘천시 산천리,축사,BLT1,Aedes vexans,238,1,238,238,8,0,,N,,2025-08-14,오유경(yuyu66),2025년,08월,2주
611,일본뇌염예측,강원도보건환경연구원,2025,8,2주,2025-08-13,강원,춘천시 산천리,축사,BLT1,Anopheles spp.,159,1,159,0,0,0,,N,,2025-08-14,오유경(yuyu66),2025년,08월,2주
612,일본뇌염예측,강원도보건환경연구원,2025,8,2주,2025-08-13,강원,춘천시 산천리,축사,BLT1,Culex tritaeniorhynchus,6,1,6,6,1,0,,N,,2025-08-14,오유경(yuyu66),2025년,08월,2주
613,일본뇌염예측,강원도보건환경연구원,2025,8,2주,2025-08-13,강원,춘천시 산천리,축사,BLT1,Culex bitaeniorhynchus,1,1,1,1,1,0,,N,,2025-08-14,오유경(yuyu66),2025년,08월,2주
614,일본뇌염예측,강원도보건환경연구원,2025,8,2주,2025-08-12,강원,춘천시 산천리,축사,BLT1,Ochlerotatus nipponicus,1,1,1,1,1,0,,N,,2025-08-14,오유경(yuyu66),2025년,08월,2주
615,일본뇌염예측,강원도보건환경연구원,2025,8,2주,2025-08-12,강원,춘천시 산천리,축사,BLT1,Aedes vexans,131,1,131,131,5,0,,N,,2025-08-14,오유경(yuyu66),2025년,08월,2주
616,일본뇌염예측,강원도보건환경연구원,2025,8,2주,2025-08-12,강원,춘천시 산천리,축사,BLT1,Anopheles spp.,106,1,106,0,0,0,,N,,2025-08-14,오유경(yuyu66),2025년,08월,2주
617,일본뇌염예측,강원도보건환경연구원,2025,8,2주,2025-08-12,강원,춘천시 산천리,축사,BLT1,Culex tritaeniorhynchus,7,1,7,7,1,0,,N,,2025-08-14,오유경(yuyu66),2025년,08월,2주
618,일본뇌염예측,강원도보건환경연구원,2025,8,2주,2025-08-12,강원,춘천시 산천리,축사,BLT1,Culex bitaeniorhynchus,3,1,3,3,1,0,,N,,2025-08-14,오유경(yuyu66),2025년,08월,2주
619,일본뇌염예측,강원도보건환경연구원,2025,7,4주,2025-07-30,강원,강릉시 산대월리,축사,BLT1,Aedes vexans,428,1,428,428,15,0,,N,,2025-08-12,오유경(yuyu66),2025년,07월,4주
620,일본뇌염예측,강원도보건환경연구원,2025,7,4주,2025-07-21,강원,횡성군 하대리,축사,BLT1,Culex bitaeniorhynchus,6,1,6,6,1,0,,N,,2025-08-12,오유경(yuyu66),2025년,07월,4주
621,일본뇌염예측,강원도보건환경연구원,2025,8,1주,2025-08-05,강원,횡성군 하대리,축사,BLT1,Anopheles spp.,26,1,26,0,0,0,,N,,2025-08-08,오유경(yuyu66),2025년,08월,1주
622,일본뇌염예측,강원도보건환경연구원,2025,8,1주,2025-08-05,강원,횡성군 하대리,축사,BLT1,Mansonia uniformis,3,1,3,3,1,0,,N,,2025-08-08,오유경(yuyu66),2025년,08월,1주
623,일본뇌염예측,강원도보건환경연구원,2025,8,1주,2025-08-05,강원,횡성군 하대리,축사,BLT1,Culex pipiens,4,1,4,4,1,0,,N,,2025-08-08,오유경(yuyu66),2025년,08월,1주
624,일본뇌염예측,강원도보건환경연구원,2025,8,1주,2025-08-05,강원,횡성군 하대리,축사,BLT1,Culex bitaeniorhynchus,2,1,2,2,1,0,,N,,2025-08-08,오유경(yuyu66),2025년,08월,1주
625,일본뇌염예측,강원도보건환경연구원,2025,8,1주,2025-08-04,강원,횡성군 하대리,축사,BLT1,Aedes vexans,1083,1,1083,1083,37,0,,N,,2025-08-08,오유경(yuyu66),2025년,08월,1주
626,일본뇌염예측,강원도보건환경연구원,2025,8,1주,2025-08-04,강원,횡성군 하대리,축사,BLT1,Anopheles spp.,30,1,30,0,0,0,,N,,2025-08-08,오유경(yuyu66),2025년,08월,1주
627,일본뇌염예측,강원도보건환경연구원,2025,8,1주,2025-08-04,강원,횡성군 하대리,축사,BLT1,Mansonia uniformis,2,1,2,2,1,0,,N,,2025-08-08,오유경(yuyu66),2025년,08월,1주
628,일본뇌염예측,강원도보건환경연구원,2025,8,1주,2025-08-04,강원,횡성군 하대리,축사,BLT1,Culex pipiens,6,1,6,6,1,0,,N,,2025-08-08,오유경(yuyu66),2025년,08월,1주
629,일본뇌염예측,강원도보건환경연구원,2025,8,1주,2025-08-04,강원,횡성군 하대리,축사,BLT1,Culex bitaeniorhynchus,1,1,1,1,1,0,,N,,2025-08-08,오유경(yuyu66),2025년,08월,1주
630,일본뇌염예측,강원도보건환경연구원,2025,8,1주,2025-08-06,강원,강릉시 산대월리,축사,BLT1,Armigeres subalbatus,2,1,2,2,1,0,,N,,2025-08-08,오유경(yuyu66),2025년,08월,1주
631,일본뇌염예측,강원도보건환경연구원,2025,8,1주,2025-08-06,강원,강릉시 산대월리,축사,BLT1,Ochlerotatus koreicus,1,1,1,1,1,0,,N,,2025-08-08,오유경(yuyu66),2025년,08월,1주
632,일본뇌염예측,강원도보건환경연구원,2025,8,1주,2025-08-06,강원,강릉시 산대월리,축사,BLT1,Aedes vexans,519,1,519,519,18,0,,N,,2025-08-08,오유경(yuyu66),2025년,08월,1주
633,일본뇌염예측,강원도보건환경연구원,2025,8,1주,2025-08-06,강원,강릉시 산대월리,축사,BLT1,Anopheles spp.,3,1,3,0,0,0,,N,,2025-08-08,오유경(yuyu66),2025년,08월,1주
634,일본뇌염예측,강원도보건환경연구원,2025,8,1주,2025-08-06,강원,강릉시 산대월리,축사,BLT1,Mansonia uniformis,7,1,7,7,1,0,,N,,2025-08-08,오유경(yuyu66),2025년,08월,1주
635,일본뇌염예측,강원도보건환경연구원,2025,8,1주,2025-08-06,강원,강릉시 산대월리,축사,BLT1,Culex tritaeniorhynchus,1,1,1,1,1,0,,N,,2025-08-08,오유경(yuyu66),2025년,08월,1주
636,일본뇌염예측,강원도보건환경연구원,2025,8,1주,2025-08-06,강원,강릉시 산대월리,축사,BLT1,Culex pipiens,4,1,4,4,1,0,,N,,2025-08-08,오유경(yuyu66),2025년,08월,1주
637,일본뇌염예측,강원도보건환경연구원,2025,8,1주,2025-08-05,강원,강릉시 산대월리,축사,BLT1,Armigeres subalbatus,2,1,2,2,1,0,,N,,2025-08-08,오유경(yuyu66),2025년,08월,1주
638,일본뇌염예측,강원도보건환경연구원,2025,8,1주,2025-08-05,강원,강릉시 산대월리,축사,BLT1,Aedes vexans,170,1,170,170,6,0,,N,,2025-08-08,오유경(yuyu66),2025년,08월,1주
639,일본뇌염예측,강원도보건환경연구원,2025,8,1주,2025-08-05,강원,강릉시 산대월리,축사,BLT1,Mansonia uniformis,3,1,3,3,1,0,,N,,2025-08-08,오유경(yuyu66),2025년,08월,1주
640,일본뇌염예측,강원도보건환경연구원,2025,8,1주,2025-08-05,강원,강릉시 산대월리,축사,BLT1,Culex pipiens,1,1,1,1,1,0,,N,,2025-08-08,오유경(yuyu66),2025년,08월,1주
641,일본뇌염예측,강원도보건환경연구원,2025,8,1주,2025-08-06,강원,춘천시 산천리,축사,BLT1,Armigeres subalbatus,6,1,6,6,1,0,,N,,2025-08-08,오유경(yuyu66),2025년,08월,1주
642,일본뇌염예측,강원도보건환경연구원,2025,8,1주,2025-08-06,강원,춘천시 산천리,축사,BLT1,Aedes vexans,326,1,326,326,11,0,,N,,2025-08-08,오유경(yuyu66),2025년,08월,1주
643,일본뇌염예측,강원도보건환경연구원,2025,8,1주,2025-08-06,강원,춘천시 산천리,축사,BLT1,Aedes albopictus,1,1,1,1,1,0,,N,,2025-08-08,오유경(yuyu66),2025년,08월,1주
644,일본뇌염예측,강원도보건환경연구원,2025,8,1주,2025-08-06,강원,춘천시 산천리,축사,BLT1,Anopheles spp.,228,1,228,0,0,0,,N,,2025-08-08,오유경(yuyu66),2025년,08월,1주
645,일본뇌염예측,강원도보건환경연구원,2025,8,1주,2025-08-06,강원,춘천시 산천리,축사,BLT1,Culex tritaeniorhynchus,6,1,6,6,1,0,,N,,2025-08-08,오유경(yuyu66),2025년,08월,1주
646,일본뇌염예측,강원도보건환경연구원,2025,8,1주,2025-08-06,강원,춘천시 산천리,축사,BLT1,Culex pipiens,1,1,1,1,1,0,,N,,2025-08-08,오유경(yuyu66),2025년,08월,1주
647,일본뇌염예측,강원도보건환경연구원,2025,8,1주,2025-08-06,강원,춘천시 산천리,축사,BLT1,Culex orientalis,1,1,1,1,1,0,,N,,2025-08-08,오유경(yuyu66),2025년,08월,1주
648,일본뇌염예측,강원도보건환경연구원,2025,8,1주,2025-08-05,강원,춘천시 산천리,축사,BLT1,Armigeres subalbatus,6,1,6,6,1,0,,N,,2025-08-08,오유경(yuyu66),2025년,08월,1주
649,일본뇌염예측,강원도보건환경연구원,2025,8,1주,2025-08-05,강원,춘천시 산천리,축사,BLT1,Aedes vexans,176,1,176,176,6,0,,N,,2025-08-08,오유경(yuyu66),2025년,08월,1주
650,일본뇌염예측,강원도보건환경연구원,2025,8,1주,2025-08-05,강원,춘천시 산천리,축사,BLT1,Aedes albopictus,1,1,1,1,1,0,,N,,2025-08-08,오유경(yuyu66),2025년,08월,1주
651,일본뇌염예측,강원도보건환경연구원,2025,8,1주,2025-08-05,강원,춘천시 산천리,축사,BLT1,Anopheles spp.,192,1,192,0,0,0,,N,,2025-08-08,오유경(yuyu66),2025년,08월,1주
652,일본뇌염예측,강원도보건환경연구원,2025,8,1주,2025-08-05,강원,춘천시 산천리,축사,BLT1,Culex tritaeniorhynchus,4,1,4,4,1,0,,N,,2025-08-08,오유경(yuyu66),2025년,08월,1주
653,일본뇌염예측,강원도보건환경연구원,2025,8,1주,2025-08-05,강원,춘천시 산천리,축사,BLT1,Culex pipiens,1,1,1,1,1,0,,N,,2025-08-08,오유경(yuyu66),2025년,08월,1주
654,일본뇌염예측,강원도보건환경연구원,2025,8,1주,2025-08-05,강원,춘천시 산천리,축사,BLT1,Culex bitaeniorhynchus,2,1,2,2,1,0,,N,,2025-08-08,오유경(yuyu66),2025년,08월,1주
655,일본뇌염예측,강원도보건환경연구원,2025,7,4주,2025-07-29,강원,횡성군 하대리,축사,BLT1,Armigeres subalbatus,1,1,1,1,1,0,,N,,2025-08-04,오유경(yuyu66),2025년,07월,4주
656,일본뇌염예측,강원도보건환경연구원,2025,7,4주,2025-07-29,강원,횡성군 하대리,축사,BLT1,Aedes vexans,1619,1,1619,1619,54,0,,N,,2025-08-04,오유경(yuyu66),2025년,07월,4주
657,일본뇌염예측,강원도보건환경연구원,2025,7,4주,2025-07-29,강원,횡성군 하대리,축사,BLT1,Anopheles spp.,33,1,33,0,0,0,,N,,2025-08-04,오유경(yuyu66),2025년,07월,4주
658,일본뇌염예측,강원도보건환경연구원,2025,7,4주,2025-07-29,강원,횡성군 하대리,축사,BLT1,Mansonia uniformis,4,1,4,4,1,0,,N,,2025-08-04,오유경(yuyu66),2025년,07월,4주
659,일본뇌염예측,강원도보건환경연구원,2025,7,4주,2025-07-29,강원,횡성군 하대리,축사,BLT1,Culex tritaeniorhynchus,2,1,2,2,1,0,,N,,2025-08-04,오유경(yuyu66),2025년,07월,4주
660,일본뇌염예측,강원도보건환경연구원,2025,7,4주,2025-07-29,강원,횡성군 하대리,축사,BLT1,Culex pipiens,12,1,12,12,1,0,,N,,2025-08-04,오유경(yuyu66),2025년,07월,4주
661,일본뇌염예측,강원도보건환경연구원,2025,7,4주,2025-07-29,강원,횡성군 하대리,축사,BLT1,Culex bitaeniorhynchus,1,1,1,1,1,0,,N,,2025-08-04,오유경(yuyu66),2025년,07월,4주
662,일본뇌염예측,강원도보건환경연구원,2025,7,4주,2025-07-28,강원,횡성군 하대리,축사,BLT1,Coquillettidia ochracea,1,1,1,1,1,0,,N,,2025-08-04,오유경(yuyu66),2025년,07월,4주
663,일본뇌염예측,강원도보건환경연구원,2025,7,4주,2025-07-28,강원,횡성군 하대리,축사,BLT1,Armigeres subalbatus,1,1,1,1,1,0,,N,,2025-08-04,오유경(yuyu66),2025년,07월,4주
664,일본뇌염예측,강원도보건환경연구원,2025,7,4주,2025-07-28,강원,횡성군 하대리,축사,BLT1,Aedes vexans,1112,1,1112,1112,38,0,,N,,2025-08-04,오유경(yuyu66),2025년,07월,4주
665,일본뇌염예측,강원도보건환경연구원,2025,7,4주,2025-07-28,강원,횡성군 하대리,축사,BLT1,Anopheles spp.,32,1,32,0,0,0,,N,,2025-08-04,오유경(yuyu66),2025년,07월,4주
666,일본뇌염예측,강원도보건환경연구원,2025,7,4주,2025-07-28,강원,횡성군 하대리,축사,BLT1,Mansonia uniformis,1,1,1,1,1,0,,N,,2025-08-04,오유경(yuyu66),2025년,07월,4주
667,일본뇌염예측,강원도보건환경연구원,2025,7,4주,2025-07-28,강원,횡성군 하대리,축사,BLT1,Culex tritaeniorhynchus,1,1,1,1,1,0,,N,,2025-08-04,오유경(yuyu66),2025년,07월,4주
668,일본뇌염예측,강원도보건환경연구원,2025,7,4주,2025-07-28,강원,횡성군 하대리,축사,BLT1,Culex pipiens,8,1,8,8,1,0,,N,,2025-08-04,오유경(yuyu66),2025년,07월,4주
669,일본뇌염예측,강원도보건환경연구원,2025,7,4주,2025-07-28,강원,횡성군 하대리,축사,BLT1,Culex bitaeniorhynchus,1,1,1,1,1,0,,N,,2025-08-04,오유경(yuyu66),2025년,07월,4주
670,일본뇌염예측,강원도보건환경연구원,2025,7,4주,2025-07-30,강원,강릉시 산대월리,축사,BLT1,Armigeres subalbatus,2,1,2,2,1,0,,N,,2025-08-01,오유경(yuyu66),2025년,07월,4주
671,일본뇌염예측,강원도보건환경연구원,2025,7,4주,2025-07-29,강원,강릉시 산대월리,축사,BLT1,Armigeres subalbatus,1,1,1,1,1,0,,N,,2025-08-01,오유경(yuyu66),2025년,07월,4주
672,일본뇌염예측,강원도보건환경연구원,2025,7,4주,2025-07-29,강원,강릉시 산대월리,축사,BLT1,Ochlerotatus koreicus,2,1,2,2,1,0,,N,,2025-08-01,오유경(yuyu66),2025년,07월,4주
673,일본뇌염예측,강원도보건환경연구원,2025,7,4주,2025-07-29,강원,강릉시 산대월리,축사,BLT1,Aedes vexans,456,1,456,456,16,0,,N,,2025-08-01,오유경(yuyu66),2025년,07월,4주
674,일본뇌염예측,강원도보건환경연구원,2025,7,4주,2025-07-30,강원,춘천시 산천리,축사,BLT1,Armigeres subalbatus,3,1,3,3,1,0,,N,,2025-08-01,오유경(yuyu66),2025년,07월,4주
675,일본뇌염예측,강원도보건환경연구원,2025,7,4주,2025-07-30,강원,춘천시 산천리,축사,BLT1,Aedes vexans,486,1,486,486,17,0,,N,,2025-08-01,오유경(yuyu66),2025년,07월,4주
676,일본뇌염예측,강원도보건환경연구원,2025,7,4주,2025-07-30,강원,춘천시 산천리,축사,BLT1,Aedes albopictus,1,1,1,1,1,0,,N,,2025-08-01,오유경(yuyu66),2025년,07월,4주
677,일본뇌염예측,강원도보건환경연구원,2025,7,4주,2025-07-30,강원,춘천시 산천리,축사,BLT1,Anopheles spp.,125,1,125,0,0,0,,N,,2025-08-01,오유경(yuyu66),2025년,07월,4주
678,일본뇌염예측,강원도보건환경연구원,2025,7,4주,2025-07-30,강원,춘천시 산천리,축사,BLT1,Culex tritaeniorhynchus,1,1,1,1,1,0,,N,,2025-08-01,오유경(yuyu66),2025년,07월,4주
679,일본뇌염예측,강원도보건환경연구원,2025,7,4주,2025-07-30,강원,춘천시 산천리,축사,BLT1,Culex pipiens,1,1,1,1,1,0,,N,,2025-08-01,오유경(yuyu66),2025년,07월,4주
680,일본뇌염예측,강원도보건환경연구원,2025,7,4주,2025-07-29,강원,춘천시 산천리,축사,BLT1,Aedes vexans,380,1,380,380,13,0,,N,,2025-08-01,오유경(yuyu66),2025년,07월,4주
681,일본뇌염예측,강원도보건환경연구원,2025,7,4주,2025-07-29,강원,춘천시 산천리,축사,BLT1,Anopheles spp.,136,1,136,0,0,0,,N,,2025-08-01,오유경(yuyu66),2025년,07월,4주
682,일본뇌염예측,강원도보건환경연구원,2025,7,4주,2025-07-29,강원,춘천시 산천리,축사,BLT1,Culex pipiens,1,1,1,1,1,0,,N,,2025-08-01,오유경(yuyu66),2025년,07월,4주
683,일본뇌염예측,강원도보건환경연구원,2025,7,4주,2025-07-29,강원,춘천시 산천리,축사,BLT1,Culex bitaeniorhynchus,1,1,1,1,1,0,,N,,2025-08-01,오유경(yuyu66),2025년,07월,4주
684,일본뇌염예측,강원도보건환경연구원,2025,7,4주,2025-07-22,강원,횡성군 하대리,축사,BLT1,Aedes vexans,843,1,843,843,29,0,,N,,2025-07-25,오유경(yuyu66),2025년,07월,4주
685,일본뇌염예측,강원도보건환경연구원,2025,7,4주,2025-07-22,강원,횡성군 하대리,축사,BLT1,Anopheles spp.,93,1,93,0,0,0,,N,,2025-07-25,오유경(yuyu66),2025년,07월,4주
686,일본뇌염예측,강원도보건환경연구원,2025,7,4주,2025-07-22,강원,횡성군 하대리,축사,BLT1,Mansonia uniformis,4,1,4,4,1,0,,N,,2025-07-25,오유경(yuyu66),2025년,07월,4주
687,일본뇌염예측,강원도보건환경연구원,2025,7,4주,2025-07-22,강원,횡성군 하대리,축사,BLT1,Culex pipiens,6,1,6,6,1,0,,N,,2025-07-25,오유경(yuyu66),2025년,07월,4주
688,일본뇌염예측,강원도보건환경연구원,2025,7,4주,2025-07-22,강원,횡성군 하대리,축사,BLT1,Culex orientalis,2,1,2,2,1,0,,N,,2025-07-25,오유경(yuyu66),2025년,07월,4주
689,일본뇌염예측,강원도보건환경연구원,2025,7,4주,2025-07-22,강원,횡성군 하대리,축사,BLT1,Culex bitaeniorhynchus,2,1,2,2,1,0,,N,,2025-07-25,오유경(yuyu66),2025년,07월,4주
690,일본뇌염예측,강원도보건환경연구원,2025,7,4주,2025-07-21,강원,횡성군 하대리,축사,BLT1,Armigeres subalbatus,2,1,2,2,1,0,,N,,2025-07-25,오유경(yuyu66),2025년,07월,4주
691,일본뇌염예측,강원도보건환경연구원,2025,7,4주,2025-07-21,강원,횡성군 하대리,축사,BLT1,Aedes vexans,620,1,620,620,21,0,,N,,2025-07-25,오유경(yuyu66),2025년,07월,4주
692,일본뇌염예측,강원도보건환경연구원,2025,7,4주,2025-07-21,강원,횡성군 하대리,축사,BLT1,Anopheles spp.,111,1,111,0,0,0,,N,,2025-07-25,오유경(yuyu66),2025년,07월,4주
693,일본뇌염예측,강원도보건환경연구원,2025,7,4주,2025-07-21,강원,횡성군 하대리,축사,BLT1,Mansonia uniformis,3,1,3,3,1,0,,N,,2025-07-25,오유경(yuyu66),2025년,07월,4주
694,일본뇌염예측,강원도보건환경연구원,2025,7,4주,2025-07-21,강원,횡성군 하대리,축사,BLT1,Culex tritaeniorhynchus,2,1,2,2,1,0,,N,,2025-07-25,오유경(yuyu66),2025년,07월,4주
695,일본뇌염예측,강원도보건환경연구원,2025,7,4주,2025-07-21,강원,횡성군 하대리,축사,BLT1,Culex pipiens,18,1,18,18,1,0,,N,,2025-07-25,오유경(yuyu66),2025년,07월,4주
696,일본뇌염예측,강원도보건환경연구원,2025,7,4주,2025-07-21,강원,횡성군 하대리,축사,BLT1,Culex orientalis,5,1,5,5,1,0,,N,,2025-07-25,오유경(yuyu66),2025년,07월,4주
697,일본뇌염예측,강원도보건환경연구원,2025,7,4주,2025-07-23,강원,강릉시 산대월리,축사,BLT1,Armigeres subalbatus,1,1,1,1,1,0,,N,,2025-07-25,오유경(yuyu66),2025년,07월,4주
698,일본뇌염예측,강원도보건환경연구원,2025,7,4주,2025-07-23,강원,강릉시 산대월리,축사,BLT1,Aedes vexans,5,1,5,5,1,0,,N,,2025-07-25,오유경(yuyu66),2025년,07월,4주
699,일본뇌염예측,강원도보건환경연구원,2025,7,4주,2025-07-22,강원,강릉시 산대월리,축사,BLT1,Armigeres subalbatus,1,1,1,1,1,0,,N,,2025-07-25,오유경(yuyu66),2025년,07월,4주
700,일본뇌염예측,강원도보건환경연구원,2025,7,4주,2025-07-22,강원,강릉시 산대월리,축사,BLT1,Ochlerotatus koreicus,1,1,1,1,1,0,,N,,2025-07-25,오유경(yuyu66),2025년,07월,4주
701,일본뇌염예측,강원도보건환경연구원,2025,7,4주,2025-07-22,강원,강릉시 산대월리,축사,BLT1,Aedes vexans,28,1,28,28,1,0,,N,,2025-07-25,오유경(yuyu66),2025년,07월,4주
702,일본뇌염예측,강원도보건환경연구원,2025,7,4주,2025-07-22,강원,강릉시 산대월리,축사,BLT1,Culex pipiens,3,1,3,3,1,0,,N,,2025-07-25,오유경(yuyu66),2025년,07월,4주
703,일본뇌염예측,강원도보건환경연구원,2025,7,4주,2025-07-23,강원,춘천시 산천리,축사,BLT1,Armigeres subalbatus,6,1,6,6,1,0,,N,,2025-07-25,오유경(yuyu66),2025년,07월,4주
704,일본뇌염예측,강원도보건환경연구원,2025,7,4주,2025-07-23,강원,춘천시 산천리,축사,BLT1,Ochlerotatus koreicus,1,1,1,1,1,0,,N,,2025-07-25,오유경(yuyu66),2025년,07월,4주
705,일본뇌염예측,강원도보건환경연구원,2025,7,4주,2025-07-23,강원,춘천시 산천리,축사,BLT1,Aedes vexans,381,1,381,381,13,0,,N,,2025-07-25,오유경(yuyu66),2025년,07월,4주
706,일본뇌염예측,강원도보건환경연구원,2025,7,4주,2025-07-23,강원,춘천시 산천리,축사,BLT1,Aedes albopictus,2,1,2,2,1,0,,N,,2025-07-25,오유경(yuyu66),2025년,07월,4주
707,일본뇌염예측,강원도보건환경연구원,2025,7,4주,2025-07-23,강원,춘천시 산천리,축사,BLT1,Anopheles spp.,252,1,252,0,0,0,,N,,2025-07-25,오유경(yuyu66),2025년,07월,4주
708,일본뇌염예측,강원도보건환경연구원,2025,7,4주,2025-07-23,강원,춘천시 산천리,축사,BLT1,Culex tritaeniorhynchus,1,1,1,1,1,0,,N,,2025-07-25,오유경(yuyu66),2025년,07월,4주
709,일본뇌염예측,강원도보건환경연구원,2025,7,4주,2025-07-23,강원,춘천시 산천리,축사,BLT1,Culex pipiens,2,1,2,2,1,0,,N,,2025-07-25,오유경(yuyu66),2025년,07월,4주
710,일본뇌염예측,강원도보건환경연구원,2025,7,4주,2025-07-23,강원,춘천시 산천리,축사,BLT1,Culex orientalis,1,1,1,1,1,0,,N,,2025-07-25,오유경(yuyu66),2025년,07월,4주
711,일본뇌염예측,강원도보건환경연구원,2025,7,4주,2025-07-23,강원,춘천시 산천리,축사,BLT1,Culex bitaeniorhynchus,4,1,4,4,1,0,,N,,2025-07-25,오유경(yuyu66),2025년,07월,4주
712,일본뇌염예측,강원도보건환경연구원,2025,7,4주,2025-07-22,강원,춘천시 산천리,축사,BLT1,Armigeres subalbatus,1,1,1,1,1,0,,N,,2025-07-25,오유경(yuyu66),2025년,07월,4주
713,일본뇌염예측,강원도보건환경연구원,2025,7,4주,2025-07-22,강원,춘천시 산천리,축사,BLT1,Aedes vexans,150,1,150,150,5,0,,N,,2025-07-25,오유경(yuyu66),2025년,07월,4주
714,일본뇌염예측,강원도보건환경연구원,2025,7,4주,2025-07-22,강원,춘천시 산천리,축사,BLT1,Anopheles spp.,328,1,328,0,0,0,,N,,2025-07-25,오유경(yuyu66),2025년,07월,4주
715,일본뇌염예측,강원도보건환경연구원,2025,7,4주,2025-07-22,강원,춘천시 산천리,축사,BLT1,Culex pipiens,4,1,4,4,1,0,,N,,2025-07-25,오유경(yuyu66),2025년,07월,4주
716,일본뇌염예측,강원도보건환경연구원,2025,7,4주,2025-07-22,강원,춘천시 산천리,축사,BLT1,Culex orientalis,1,1,1,1,1,0,,N,,2025-07-25,오유경(yuyu66),2025년,07월,4주
717,일본뇌염예측,강원도보건환경연구원,2025,7,4주,2025-07-22,강원,춘천시 산천리,축사,BLT1,Culex bitaeniorhynchus,3,1,3,3,1,0,,N,,2025-07-25,오유경(yuyu66),2025년,07월,4주
718,일본뇌염예측,강원도보건환경연구원,2025,7,3주,2025-07-15,강원,횡성군 하대리,축사,BLT1,Ochlerotatus koreicus,1,1,1,1,1,0,,N,,2025-07-17,오유경(yuyu66),2025년,07월,3주
719,일본뇌염예측,강원도보건환경연구원,2025,7,3주,2025-07-15,강원,횡성군 하대리,축사,BLT1,Aedes vexans,568,1,568,568,19,0,,N,,2025-07-17,오유경(yuyu66),2025년,07월,3주
720,일본뇌염예측,강원도보건환경연구원,2025,7,3주,2025-07-15,강원,횡성군 하대리,축사,BLT1,Anopheles spp.,148,1,148,0,0,0,,N,,2025-07-17,오유경(yuyu66),2025년,07월,3주
721,일본뇌염예측,강원도보건환경연구원,2025,7,3주,2025-07-15,강원,횡성군 하대리,축사,BLT1,Mansonia uniformis,1,1,1,1,1,0,,N,,2025-07-17,오유경(yuyu66),2025년,07월,3주
722,일본뇌염예측,강원도보건환경연구원,2025,7,3주,2025-07-15,강원,횡성군 하대리,축사,BLT1,Culex pipiens,9,1,9,9,1,0,,N,,2025-07-17,오유경(yuyu66),2025년,07월,3주
723,일본뇌염예측,강원도보건환경연구원,2025,7,3주,2025-07-15,강원,횡성군 하대리,축사,BLT1,Culex bitaeniorhynchus,2,1,2,2,1,0,,N,,2025-07-17,오유경(yuyu66),2025년,07월,3주
724,일본뇌염예측,강원도보건환경연구원,2025,7,3주,2025-07-14,강원,횡성군 하대리,축사,BLT1,Armigeres subalbatus,2,1,2,2,1,0,,N,,2025-07-17,오유경(yuyu66),2025년,07월,3주
725,일본뇌염예측,강원도보건환경연구원,2025,7,3주,2025-07-14,강원,횡성군 하대리,축사,BLT1,Ochlerotatus koreicus,1,1,1,1,1,0,,N,,2025-07-17,오유경(yuyu66),2025년,07월,3주
726,일본뇌염예측,강원도보건환경연구원,2025,7,3주,2025-07-14,강원,횡성군 하대리,축사,BLT1,Aedes vexans,262,1,262,262,9,0,,N,,2025-07-17,오유경(yuyu66),2025년,07월,3주
727,일본뇌염예측,강원도보건환경연구원,2025,7,3주,2025-07-14,강원,횡성군 하대리,축사,BLT1,Anopheles spp.,77,1,77,0,0,0,,N,,2025-07-17,오유경(yuyu66),2025년,07월,3주
728,일본뇌염예측,강원도보건환경연구원,2025,7,3주,2025-07-14,강원,횡성군 하대리,축사,BLT1,Culex pipiens,17,1,17,17,1,0,,N,,2025-07-17,오유경(yuyu66),2025년,07월,3주
729,일본뇌염예측,강원도보건환경연구원,2025,7,3주,2025-07-14,강원,횡성군 하대리,축사,BLT1,Culex orientalis,2,1,2,2,1,0,,N,,2025-07-17,오유경(yuyu66),2025년,07월,3주
730,일본뇌염예측,강원도보건환경연구원,2025,7,3주,2025-07-14,강원,횡성군 하대리,축사,BLT1,Culex bitaeniorhynchus,1,1,1,1,1,0,,N,,2025-07-17,오유경(yuyu66),2025년,07월,3주
731,일본뇌염예측,강원도보건환경연구원,2025,7,3주,2025-07-16,강원,강릉시 산대월리,축사,BLT1,Armigeres subalbatus,2,1,2,2,1,0,,N,,2025-07-17,오유경(yuyu66),2025년,07월,3주
732,일본뇌염예측,강원도보건환경연구원,2025,7,3주,2025-07-16,강원,강릉시 산대월리,축사,BLT1,Aedes vexans,55,1,55,55,2,0,,N,,2025-07-17,오유경(yuyu66),2025년,07월,3주
733,일본뇌염예측,강원도보건환경연구원,2025,7,3주,2025-07-16,강원,강릉시 산대월리,축사,BLT1,Anopheles spp.,1,1,1,0,0,0,,N,,2025-07-17,오유경(yuyu66),2025년,07월,3주
734,일본뇌염예측,강원도보건환경연구원,2025,7,3주,2025-07-16,강원,강릉시 산대월리,축사,BLT1,Culex pipiens,2,1,2,2,1,0,,N,,2025-07-17,오유경(yuyu66),2025년,07월,3주
735,일본뇌염예측,강원도보건환경연구원,2025,7,3주,2025-07-15,강원,강릉시 산대월리,축사,BLT1,Aedes vexans,73,1,73,73,3,0,,N,,2025-07-17,오유경(yuyu66),2025년,07월,3주
736,일본뇌염예측,강원도보건환경연구원,2025,7,3주,2025-07-15,강원,강릉시 산대월리,축사,BLT1,Anopheles spp.,8,1,8,0,0,0,,N,,2025-07-17,오유경(yuyu66),2025년,07월,3주
737,일본뇌염예측,강원도보건환경연구원,2025,7,3주,2025-07-15,강원,강릉시 산대월리,축사,BLT1,Mansonia uniformis,2,1,2,2,1,0,,N,,2025-07-17,오유경(yuyu66),2025년,07월,3주
738,일본뇌염예측,강원도보건환경연구원,2025,7,3주,2025-07-15,강원,강릉시 산대월리,축사,BLT1,Culex pipiens,4,1,4,4,1,0,,N,,2025-07-17,오유경(yuyu66),2025년,07월,3주
739,일본뇌염예측,강원도보건환경연구원,2025,7,3주,2025-07-16,강원,춘천시 산천리,축사,BLT1,Armigeres subalbatus,3,1,3,3,1,0,,N,,2025-07-17,오유경(yuyu66),2025년,07월,3주
740,일본뇌염예측,강원도보건환경연구원,2025,7,3주,2025-07-16,강원,춘천시 산천리,축사,BLT1,Aedes vexans,137,1,137,137,5,0,,N,,2025-07-17,오유경(yuyu66),2025년,07월,3주
741,일본뇌염예측,강원도보건환경연구원,2025,7,3주,2025-07-16,강원,춘천시 산천리,축사,BLT1,Anopheles spp.,312,1,312,0,0,0,,N,,2025-07-17,오유경(yuyu66),2025년,07월,3주
742,일본뇌염예측,강원도보건환경연구원,2025,7,3주,2025-07-16,강원,춘천시 산천리,축사,BLT1,Culex pipiens,2,1,2,2,1,0,,N,,2025-07-17,오유경(yuyu66),2025년,07월,3주
743,일본뇌염예측,강원도보건환경연구원,2025,7,3주,2025-07-16,강원,춘천시 산천리,축사,BLT1,Culex orientalis,2,1,2,2,1,0,,N,,2025-07-17,오유경(yuyu66),2025년,07월,3주
744,일본뇌염예측,강원도보건환경연구원,2025,7,3주,2025-07-16,강원,춘천시 산천리,축사,BLT1,Culex bitaeniorhynchus,1,1,1,1,1,0,,N,,2025-07-17,오유경(yuyu66),2025년,07월,3주
745,일본뇌염예측,강원도보건환경연구원,2025,7,3주,2025-07-15,강원,춘천시 산천리,축사,BLT1,Aedes vexans,353,1,353,353,12,0,,N,,2025-07-17,오유경(yuyu66),2025년,07월,3주
746,일본뇌염예측,강원도보건환경연구원,2025,7,3주,2025-07-15,강원,춘천시 산천리,축사,BLT1,Anopheles spp.,305,1,305,0,0,0,,N,,2025-07-17,오유경(yuyu66),2025년,07월,3주
747,일본뇌염예측,강원도보건환경연구원,2025,7,3주,2025-07-15,강원,춘천시 산천리,축사,BLT1,Culex tritaeniorhynchus,1,1,1,1,1,0,,N,,2025-07-17,오유경(yuyu66),2025년,07월,3주
748,일본뇌염예측,강원도보건환경연구원,2025,7,3주,2025-07-15,강원,춘천시 산천리,축사,BLT1,Culex pipiens,3,1,3,3,1,0,,N,,2025-07-17,오유경(yuyu66),2025년,07월,3주
749,일본뇌염예측,강원도보건환경연구원,2025,7,2주,2025-07-08,강원,횡성군 하대리,축사,BLT1,Aedes vexans,450,1,450,450,15,0,,N,,2025-07-11,오유경(yuyu66),2025년,07월,2주
750,일본뇌염예측,강원도보건환경연구원,2025,7,2주,2025-07-08,강원,횡성군 하대리,축사,BLT1,Anopheles spp.,59,1,59,0,0,0,,N,,2025-07-11,오유경(yuyu66),2025년,07월,2주
751,일본뇌염예측,강원도보건환경연구원,2025,7,2주,2025-07-08,강원,횡성군 하대리,축사,BLT1,Mansonia uniformis,1,1,1,1,1,0,,N,,2025-07-11,오유경(yuyu66),2025년,07월,2주
752,일본뇌염예측,강원도보건환경연구원,2025,7,2주,2025-07-08,강원,횡성군 하대리,축사,BLT1,Culex pipiens,3,1,3,3,1,0,,N,,2025-07-11,오유경(yuyu66),2025년,07월,2주
753,일본뇌염예측,강원도보건환경연구원,2025,7,2주,2025-07-08,강원,횡성군 하대리,축사,BLT1,Culex orientalis,1,1,1,1,1,0,,N,,2025-07-11,오유경(yuyu66),2025년,07월,2주
754,일본뇌염예측,강원도보건환경연구원,2025,7,2주,2025-07-07,강원,횡성군 하대리,축사,BLT1,Aedes vexans,28,1,28,28,1,0,,N,,2025-07-11,오유경(yuyu66),2025년,07월,2주
755,일본뇌염예측,강원도보건환경연구원,2025,7,2주,2025-07-07,강원,횡성군 하대리,축사,BLT1,Culex pipiens,1,1,1,1,1,0,,N,,2025-07-11,오유경(yuyu66),2025년,07월,2주
756,일본뇌염예측,강원도보건환경연구원,2025,7,2주,2025-07-09,강원,강릉시 산대월리,축사,BLT1,Ochlerotatus koreicus,1,1,1,1,1,0,,N,,2025-07-11,오유경(yuyu66),2025년,07월,2주
757,일본뇌염예측,강원도보건환경연구원,2025,7,2주,2025-07-09,강원,강릉시 산대월리,축사,BLT1,Aedes vexans,29,1,29,29,1,0,,N,,2025-07-11,오유경(yuyu66),2025년,07월,2주
758,일본뇌염예측,강원도보건환경연구원,2025,7,2주,2025-07-09,강원,강릉시 산대월리,축사,BLT1,Anopheles spp.,1,1,1,0,0,0,,N,,2025-07-11,오유경(yuyu66),2025년,07월,2주
759,일본뇌염예측,강원도보건환경연구원,2025,7,2주,2025-07-09,강원,강릉시 산대월리,축사,BLT1,Mansonia uniformis,2,1,2,2,1,0,,N,,2025-07-11,오유경(yuyu66),2025년,07월,2주
760,일본뇌염예측,강원도보건환경연구원,2025,7,2주,2025-07-09,강원,강릉시 산대월리,축사,BLT1,Culex pipiens,2,1,2,2,1,0,,N,,2025-07-11,오유경(yuyu66),2025년,07월,2주
761,일본뇌염예측,강원도보건환경연구원,2025,7,2주,2025-07-09,강원,강릉시 산대월리,축사,BLT1,Culex bitaeniorhynchus,1,1,1,1,1,0,,N,,2025-07-11,오유경(yuyu66),2025년,07월,2주
762,일본뇌염예측,강원도보건환경연구원,2025,7,2주,2025-07-08,강원,강릉시 산대월리,축사,BLT1,Aedes vexans,126,1,126,126,5,0,,N,,2025-07-11,오유경(yuyu66),2025년,07월,2주
763,일본뇌염예측,강원도보건환경연구원,2025,7,2주,2025-07-08,강원,강릉시 산대월리,축사,BLT1,Anopheles spp.,1,1,1,0,0,0,,N,,2025-07-11,오유경(yuyu66),2025년,07월,2주
764,일본뇌염예측,강원도보건환경연구원,2025,7,2주,2025-07-08,강원,강릉시 산대월리,축사,BLT1,Mansonia uniformis,1,1,1,1,1,0,,N,,2025-07-11,오유경(yuyu66),2025년,07월,2주
765,일본뇌염예측,강원도보건환경연구원,2025,7,2주,2025-07-08,강원,강릉시 산대월리,축사,BLT1,Coquillettidia ochracea,1,1,1,1,1,0,,N,,2025-07-11,오유경(yuyu66),2025년,07월,2주
766,일본뇌염예측,강원도보건환경연구원,2025,7,2주,2025-07-09,강원,춘천시 산천리,축사,BLT1,Ochlerotatus nipponicus,1,1,1,1,1,0,,N,,2025-07-11,오유경(yuyu66),2025년,07월,2주
767,일본뇌염예측,강원도보건환경연구원,2025,7,2주,2025-07-09,강원,춘천시 산천리,축사,BLT1,Armigeres subalbatus,2,1,2,2,1,0,,N,,2025-07-11,오유경(yuyu66),2025년,07월,2주
768,일본뇌염예측,강원도보건환경연구원,2025,7,2주,2025-07-09,강원,춘천시 산천리,축사,BLT1,Aedes vexans,275,1,275,275,10,0,,N,,2025-07-11,오유경(yuyu66),2025년,07월,2주
769,일본뇌염예측,강원도보건환경연구원,2025,7,2주,2025-07-09,강원,춘천시 산천리,축사,BLT1,Aedes albopictus,3,1,3,3,1,0,,N,,2025-07-11,오유경(yuyu66),2025년,07월,2주
770,일본뇌염예측,강원도보건환경연구원,2025,7,2주,2025-07-09,강원,춘천시 산천리,축사,BLT1,Anopheles spp.,301,1,301,0,0,0,,N,,2025-07-11,오유경(yuyu66),2025년,07월,2주
771,일본뇌염예측,강원도보건환경연구원,2025,7,2주,2025-07-09,강원,춘천시 산천리,축사,BLT1,Culex pipiens,3,1,3,3,1,0,,N,,2025-07-11,오유경(yuyu66),2025년,07월,2주
772,일본뇌염예측,강원도보건환경연구원,2025,7,2주,2025-07-09,강원,춘천시 산천리,축사,BLT1,Culex bitaeniorhynchus,2,1,2,2,1,0,,N,,2025-07-11,오유경(yuyu66),2025년,07월,2주
773,일본뇌염예측,강원도보건환경연구원,2025,7,2주,2025-07-08,강원,춘천시 산천리,축사,BLT1,Ochlerotatus koreicus,3,1,3,3,1,0,,N,,2025-07-11,오유경(yuyu66),2025년,07월,2주
774,일본뇌염예측,강원도보건환경연구원,2025,7,2주,2025-07-08,강원,춘천시 산천리,축사,BLT1,Aedes vexans,974,1,974,974,33,0,,N,,2025-07-11,오유경(yuyu66),2025년,07월,2주
775,일본뇌염예측,강원도보건환경연구원,2025,7,2주,2025-07-08,강원,춘천시 산천리,축사,BLT1,Aedes albopictus,1,1,1,1,1,0,,N,,2025-07-11,오유경(yuyu66),2025년,07월,2주
776,일본뇌염예측,강원도보건환경연구원,2025,7,2주,2025-07-08,강원,춘천시 산천리,축사,BLT1,Anopheles spp.,207,1,207,0,0,0,,N,,2025-07-11,오유경(yuyu66),2025년,07월,2주
777,일본뇌염예측,강원도보건환경연구원,2025,7,2주,2025-07-08,강원,춘천시 산천리,축사,BLT1,Culex pipiens,3,1,3,3,1,0,,N,,2025-07-11,오유경(yuyu66),2025년,07월,2주
778,일본뇌염예측,강원도보건환경연구원,2025,7,2주,2025-07-08,강원,춘천시 산천리,축사,BLT1,Culex orientalis,1,1,1,1,1,0,,N,,2025-07-11,오유경(yuyu66),2025년,07월,2주
779,일본뇌염예측,강원도보건환경연구원,2025,7,1주,2025-07-01,강원,횡성군 하대리,축사,BLT1,Culex pipiens,1,1,1,1,1,0,,N,,2025-07-04,오유경(yuyu66),2025년,07월,1주
780,일본뇌염예측,강원도보건환경연구원,2025,6,1주,2025-06-30,강원,횡성군 하대리,축사,BLT1,미채집,0,1,0,0,0,0,,N,,2025-07-04,오유경(yuyu66),2025년,07월,1주
781,일본뇌염예측,강원도보건환경연구원,2025,7,1주,2025-07-02,강원,강릉시 산대월리,축사,BLT1,Aedes vexans,54,1,54,54,2,0,,N,,2025-07-04,오유경(yuyu66),2025년,07월,1주
782,일본뇌염예측,강원도보건환경연구원,2025,7,1주,2025-07-02,강원,강릉시 산대월리,축사,BLT1,Anopheles spp.,1,1,1,0,0,0,,N,,2025-07-04,오유경(yuyu66),2025년,07월,1주
783,일본뇌염예측,강원도보건환경연구원,2025,7,1주,2025-07-02,강원,강릉시 산대월리,축사,BLT1,Mansonia uniformis,1,1,1,1,1,0,,N,,2025-07-04,오유경(yuyu66),2025년,07월,1주
784,일본뇌염예측,강원도보건환경연구원,2025,7,1주,2025-07-01,강원,강릉시 산대월리,축사,BLT1,Aedes vexans,49,1,49,49,2,0,,N,,2025-07-04,오유경(yuyu66),2025년,07월,1주
785,일본뇌염예측,강원도보건환경연구원,2025,7,1주,2025-07-01,강원,강릉시 산대월리,축사,BLT1,Anopheles spp.,1,1,1,0,0,0,,N,,2025-07-04,오유경(yuyu66),2025년,07월,1주
786,일본뇌염예측,강원도보건환경연구원,2025,7,1주,2025-07-01,강원,강릉시 산대월리,축사,BLT1,Mansonia uniformis,2,1,2,2,1,0,,N,,2025-07-04,오유경(yuyu66),2025년,07월,1주
787,일본뇌염예측,강원도보건환경연구원,2025,7,1주,2025-07-01,강원,강릉시 산대월리,축사,BLT1,Culex pipiens,3,1,3,3,1,0,,N,,2025-07-04,오유경(yuyu66),2025년,07월,1주
788,일본뇌염예측,강원도보건환경연구원,2025,7,1주,2025-07-02,강원,춘천시 산천리,축사,BLT1,Armigeres subalbatus,1,1,1,1,1,0,,N,,2025-07-04,오유경(yuyu66),2025년,07월,1주
789,일본뇌염예측,강원도보건환경연구원,2025,7,1주,2025-07-02,강원,춘천시 산천리,축사,BLT1,Aedes vexans,116,1,116,116,4,0,,N,,2025-07-04,오유경(yuyu66),2025년,07월,1주
790,일본뇌염예측,강원도보건환경연구원,2025,7,1주,2025-07-02,강원,춘천시 산천리,축사,BLT1,Aedes albopictus,1,1,1,1,1,0,,N,,2025-07-04,오유경(yuyu66),2025년,07월,1주
791,일본뇌염예측,강원도보건환경연구원,2025,7,1주,2025-07-02,강원,춘천시 산천리,축사,BLT1,Anopheles spp.,169,1,169,0,0,0,,N,,2025-07-04,오유경(yuyu66),2025년,07월,1주
792,일본뇌염예측,강원도보건환경연구원,2025,7,1주,2025-07-02,강원,춘천시 산천리,축사,BLT1,Culex pipiens,3,1,3,3,1,0,,N,,2025-07-04,오유경(yuyu66),2025년,07월,1주
793,일본뇌염예측,강원도보건환경연구원,2025,7,1주,2025-07-02,강원,춘천시 산천리,축사,BLT1,Culex bitaeniorhynchus,1,1,1,1,1,0,,N,,2025-07-04,오유경(yuyu66),2025년,07월,1주
794,일본뇌염예측,강원도보건환경연구원,2025,7,1주,2025-07-01,강원,춘천시 산천리,축사,BLT1,Armigeres subalbatus,1,1,1,1,1,0,,N,,2025-07-04,오유경(yuyu66),2025년,07월,1주
795,일본뇌염예측,강원도보건환경연구원,2025,7,1주,2025-07-01,강원,춘천시 산천리,축사,BLT1,Aedes vexans,120,1,120,120,4,0,,N,,2025-07-04,오유경(yuyu66),2025년,07월,1주
796,일본뇌염예측,강원도보건환경연구원,2025,7,1주,2025-07-01,강원,춘천시 산천리,축사,BLT1,Aedes albopictus,1,1,1,1,1,0,,N,,2025-07-04,오유경(yuyu66),2025년,07월,1주
797,일본뇌염예측,강원도보건환경연구원,2025,7,1주,2025-07-01,강원,춘천시 산천리,축사,BLT1,Anopheles spp.,144,1,144,0,0,0,,N,,2025-07-04,오유경(yuyu66),2025년,07월,1주
798,일본뇌염예측,강원도보건환경연구원,2025,7,1주,2025-07-01,강원,춘천시 산천리,축사,BLT1,Culex pipiens,1,1,1,1,1,0,,N,,2025-07-04,오유경(yuyu66),2025년,07월,1주
799,일본뇌염예측,강원도보건환경연구원,2025,7,1주,2025-07-01,강원,춘천시 산천리,축사,BLT1,Culex orientalis,1,1,1,1,1,0,,N,,2025-07-04,오유경(yuyu66),2025년,07월,1주
800,일본뇌염예측,강원도보건환경연구원,2025,7,1주,2025-07-01,강원,춘천시 산천리,축사,BLT1,Culex bitaeniorhynchus,1,1,1,1,1,0,,N,,2025-07-04,오유경(yuyu66),2025년,07월,1주
801,일본뇌염예측,강원도보건환경연구원,2025,6,4주,2025-06-24,강원,횡성군 하대리,축사,BLT1,Ochlerotatus koreicus,1,1,1,1,1,0,,N,,2025-06-27,오유경(yuyu66),2025년,06월,4주
802,일본뇌염예측,강원도보건환경연구원,2025,6,4주,2025-06-24,강원,횡성군 하대리,축사,BLT1,Aedes vexans,139,1,139,139,5,0,,N,,2025-06-27,오유경(yuyu66),2025년,06월,4주
803,일본뇌염예측,강원도보건환경연구원,2025,6,4주,2025-06-24,강원,횡성군 하대리,축사,BLT1,Anopheles spp.,32,1,32,0,0,0,,N,,2025-06-27,오유경(yuyu66),2025년,06월,4주
804,일본뇌염예측,강원도보건환경연구원,2025,6,4주,2025-06-24,강원,횡성군 하대리,축사,BLT1,Culex pipiens,1,1,1,1,1,0,,N,,2025-06-27,오유경(yuyu66),2025년,06월,4주
805,일본뇌염예측,강원도보건환경연구원,2025,6,4주,2025-06-23,강원,횡성군 하대리,축사,BLT1,Armigeres subalbatus,1,1,1,1,1,0,,N,,2025-06-27,오유경(yuyu66),2025년,06월,4주
806,일본뇌염예측,강원도보건환경연구원,2025,6,4주,2025-06-23,강원,횡성군 하대리,축사,BLT1,Aedes vexans,167,1,167,167,6,0,,N,,2025-06-27,오유경(yuyu66),2025년,06월,4주
807,일본뇌염예측,강원도보건환경연구원,2025,6,4주,2025-06-23,강원,횡성군 하대리,축사,BLT1,Anopheles spp.,36,1,36,0,0,0,,N,,2025-06-27,오유경(yuyu66),2025년,06월,4주
808,일본뇌염예측,강원도보건환경연구원,2025,6,4주,2025-06-23,강원,횡성군 하대리,축사,BLT1,Culex pipiens,4,1,4,4,1,0,,N,,2025-06-27,오유경(yuyu66),2025년,06월,4주
809,일본뇌염예측,강원도보건환경연구원,2025,6,4주,2025-06-23,강원,횡성군 하대리,축사,BLT1,Culex orientalis,2,1,2,2,1,0,,N,,2025-06-27,오유경(yuyu66),2025년,06월,4주
810,일본뇌염예측,강원도보건환경연구원,2025,6,4주,2025-06-25,강원,강릉시 산대월리,축사,BLT1,Armigeres subalbatus,1,1,1,1,1,0,,N,,2025-06-27,오유경(yuyu66),2025년,06월,4주
811,일본뇌염예측,강원도보건환경연구원,2025,6,4주,2025-06-25,강원,강릉시 산대월리,축사,BLT1,Ochlerotatus koreicus,3,1,3,3,1,0,,N,,2025-06-27,오유경(yuyu66),2025년,06월,4주
812,일본뇌염예측,강원도보건환경연구원,2025,6,4주,2025-06-25,강원,강릉시 산대월리,축사,BLT1,Aedes vexans,311,1,311,311,11,0,,N,,2025-06-27,오유경(yuyu66),2025년,06월,4주
813,일본뇌염예측,강원도보건환경연구원,2025,6,4주,2025-06-25,강원,강릉시 산대월리,축사,BLT1,Anopheles spp.,2,1,2,0,0,0,,N,,2025-06-27,오유경(yuyu66),2025년,06월,4주
814,일본뇌염예측,강원도보건환경연구원,2025,6,4주,2025-06-25,강원,강릉시 산대월리,축사,BLT1,Mansonia uniformis,10,1,10,10,1,0,,N,,2025-06-27,오유경(yuyu66),2025년,06월,4주
815,일본뇌염예측,강원도보건환경연구원,2025,6,4주,2025-06-25,강원,강릉시 산대월리,축사,BLT1,Culex pipiens,2,1,2,2,1,0,,N,,2025-06-27,오유경(yuyu66),2025년,06월,4주
816,일본뇌염예측,강원도보건환경연구원,2025,6,4주,2025-06-24,강원,강릉시 산대월리,축사,BLT1,Ochlerotatus koreicus,2,1,2,2,1,0,,N,,2025-06-27,오유경(yuyu66),2025년,06월,4주
817,일본뇌염예측,강원도보건환경연구원,2025,6,4주,2025-06-24,강원,강릉시 산대월리,축사,BLT1,Aedes vexans,281,1,281,281,10,0,,N,,2025-06-27,오유경(yuyu66),2025년,06월,4주
818,일본뇌염예측,강원도보건환경연구원,2025,6,4주,2025-06-24,강원,강릉시 산대월리,축사,BLT1,Anopheles spp.,6,1,6,0,0,0,,N,,2025-06-27,오유경(yuyu66),2025년,06월,4주
819,일본뇌염예측,강원도보건환경연구원,2025,6,4주,2025-06-24,강원,강릉시 산대월리,축사,BLT1,Culex pipiens,8,1,8,8,1,0,,N,,2025-06-27,오유경(yuyu66),2025년,06월,4주
820,일본뇌염예측,강원도보건환경연구원,2025,6,4주,2025-06-25,강원,춘천시 산천리,축사,BLT1,Armigeres subalbatus,1,1,1,1,1,0,,N,,2025-06-27,오유경(yuyu66),2025년,06월,4주
821,일본뇌염예측,강원도보건환경연구원,2025,6,4주,2025-06-25,강원,춘천시 산천리,축사,BLT1,Aedes vexans,215,1,215,215,8,0,,N,,2025-06-27,오유경(yuyu66),2025년,06월,4주
822,일본뇌염예측,강원도보건환경연구원,2025,6,4주,2025-06-25,강원,춘천시 산천리,축사,BLT1,Anopheles spp.,210,1,210,0,0,0,,N,,2025-06-27,오유경(yuyu66),2025년,06월,4주
823,일본뇌염예측,강원도보건환경연구원,2025,6,4주,2025-06-25,강원,춘천시 산천리,축사,BLT1,Culex tritaeniorhynchus,4,1,4,4,1,0,,N,,2025-06-27,오유경(yuyu66),2025년,06월,4주
824,일본뇌염예측,강원도보건환경연구원,2025,6,4주,2025-06-25,강원,춘천시 산천리,축사,BLT1,Culex pipiens,4,1,4,4,1,0,,N,,2025-06-27,오유경(yuyu66),2025년,06월,4주
825,일본뇌염예측,강원도보건환경연구원,2025,6,4주,2025-06-25,강원,춘천시 산천리,축사,BLT1,Culex orientalis,1,1,1,1,1,0,,N,,2025-06-27,오유경(yuyu66),2025년,06월,4주
826,일본뇌염예측,강원도보건환경연구원,2025,6,4주,2025-06-25,강원,춘천시 산천리,축사,BLT1,Culex bitaeniorhynchus,1,1,1,1,1,0,,N,,2025-06-27,오유경(yuyu66),2025년,06월,4주
827,일본뇌염예측,강원도보건환경연구원,2025,6,4주,2025-06-24,강원,춘천시 산천리,축사,BLT1,Ochlerotatus koreicus,1,1,1,1,1,0,,N,,2025-06-27,오유경(yuyu66),2025년,06월,4주
828,일본뇌염예측,강원도보건환경연구원,2025,6,4주,2025-06-24,강원,춘천시 산천리,축사,BLT1,Aedes vexans,189,1,189,189,7,0,,N,,2025-06-27,오유경(yuyu66),2025년,06월,4주
829,일본뇌염예측,강원도보건환경연구원,2025,6,4주,2025-06-24,강원,춘천시 산천리,축사,BLT1,Anopheles spp.,176,1,176,0,0,0,,N,,2025-06-27,오유경(yuyu66),2025년,06월,4주
830,일본뇌염예측,강원도보건환경연구원,2025,6,4주,2025-06-24,강원,춘천시 산천리,축사,BLT1,Culex pipiens,3,1,3,3,1,0,,N,,2025-06-27,오유경(yuyu66),2025년,06월,4주
831,일본뇌염예측,강원도보건환경연구원,2025,6,4주,2025-06-24,강원,춘천시 산천리,축사,BLT1,Culex orientalis,1,1,1,1,1,0,,N,,2025-06-27,오유경(yuyu66),2025년,06월,4주
832,일본뇌염예측,강원도보건환경연구원,2025,6,4주,2025-06-24,강원,춘천시 산천리,축사,BLT1,Culex bitaeniorhynchus,1,1,1,1,1,0,,N,,2025-06-27,오유경(yuyu66),2025년,06월,4주
833,일본뇌염예측,강원도보건환경연구원,2025,6,3주,2025-06-17,강원,횡성군 하대리,축사,BLT1,Ochlerotatus koreicus,1,1,1,1,1,0,,N,,2025-06-19,오유경(yuyu66),2025년,06월,3주
834,일본뇌염예측,강원도보건환경연구원,2025,6,3주,2025-06-17,강원,횡성군 하대리,축사,BLT1,Aedes vexans,221,1,221,221,8,0,,N,,2025-06-19,오유경(yuyu66),2025년,06월,3주
835,일본뇌염예측,강원도보건환경연구원,2025,6,3주,2025-06-17,강원,횡성군 하대리,축사,BLT1,Anopheles spp.,21,1,21,0,0,0,,N,,2025-06-19,오유경(yuyu66),2025년,06월,3주
836,일본뇌염예측,강원도보건환경연구원,2025,6,3주,2025-06-17,강원,횡성군 하대리,축사,BLT1,Mansonia uniformis,2,1,2,2,1,0,,N,,2025-06-19,오유경(yuyu66),2025년,06월,3주
837,일본뇌염예측,강원도보건환경연구원,2025,6,3주,2025-06-17,강원,횡성군 하대리,축사,BLT1,Culex pipiens,5,1,5,5,1,0,,N,,2025-06-19,오유경(yuyu66),2025년,06월,3주
838,일본뇌염예측,강원도보건환경연구원,2025,6,3주,2025-06-17,강원,횡성군 하대리,축사,BLT1,Culex orientalis,2,1,2,2,1,0,,N,,2025-06-19,오유경(yuyu66),2025년,06월,3주
839,일본뇌염예측,강원도보건환경연구원,2025,6,3주,2025-06-17,강원,횡성군 하대리,축사,BLT1,Culex bitaeniorhynchus,1,1,1,1,1,0,,N,,2025-06-19,오유경(yuyu66),2025년,06월,3주
840,일본뇌염예측,강원도보건환경연구원,2025,6,3주,2025-06-16,강원,횡성군 하대리,축사,BLT1,Armigeres subalbatus,1,1,1,1,1,0,,N,,2025-06-19,오유경(yuyu66),2025년,06월,3주
841,일본뇌염예측,강원도보건환경연구원,2025,6,3주,2025-06-16,강원,횡성군 하대리,축사,BLT1,Ochlerotatus koreicus,1,1,1,1,1,0,,N,,2025-06-19,오유경(yuyu66),2025년,06월,3주
842,일본뇌염예측,강원도보건환경연구원,2025,6,3주,2025-06-16,강원,횡성군 하대리,축사,BLT1,Aedes vexans,191,1,191,191,7,0,,N,,2025-06-19,오유경(yuyu66),2025년,06월,3주
843,일본뇌염예측,강원도보건환경연구원,2025,6,3주,2025-06-16,강원,횡성군 하대리,축사,BLT1,Anopheles spp.,13,1,13,0,0,0,,N,,2025-06-19,오유경(yuyu66),2025년,06월,3주
844,일본뇌염예측,강원도보건환경연구원,2025,6,3주,2025-06-16,강원,횡성군 하대리,축사,BLT1,Mansonia uniformis,2,1,2,2,1,0,,N,,2025-06-19,오유경(yuyu66),2025년,06월,3주
845,일본뇌염예측,강원도보건환경연구원,2025,6,3주,2025-06-16,강원,횡성군 하대리,축사,BLT1,Coquillettidia ochracea,1,1,1,1,1,0,,N,,2025-06-19,오유경(yuyu66),2025년,06월,3주
846,일본뇌염예측,강원도보건환경연구원,2025,6,3주,2025-06-16,강원,횡성군 하대리,축사,BLT1,Culex pipiens,3,1,3,3,1,0,,N,,2025-06-19,오유경(yuyu66),2025년,06월,3주
847,일본뇌염예측,강원도보건환경연구원,2025,6,3주,2025-06-18,강원,강릉시 산대월리,축사,BLT1,Armigeres subalbatus,1,1,1,1,1,0,,N,,2025-06-19,오유경(yuyu66),2025년,06월,3주
848,일본뇌염예측,강원도보건환경연구원,2025,6,3주,2025-06-18,강원,강릉시 산대월리,축사,BLT1,Aedes vexans,231,1,231,231,8,0,,N,,2025-06-19,오유경(yuyu66),2025년,06월,3주
849,일본뇌염예측,강원도보건환경연구원,2025,6,3주,2025-06-18,강원,강릉시 산대월리,축사,BLT1,Mansonia uniformis,1,1,1,1,1,0,,N,,2025-06-19,오유경(yuyu66),2025년,06월,3주
850,일본뇌염예측,강원도보건환경연구원,2025,6,3주,2025-06-18,강원,강릉시 산대월리,축사,BLT1,Culex pipiens,6,1,6,6,1,0,,N,,2025-06-19,오유경(yuyu66),2025년,06월,3주
851,일본뇌염예측,강원도보건환경연구원,2025,6,3주,2025-06-18,강원,강릉시 산대월리,축사,BLT1,Culex orientalis,1,1,1,1,1,0,,N,,2025-06-19,오유경(yuyu66),2025년,06월,3주
852,일본뇌염예측,강원도보건환경연구원,2025,6,3주,2025-06-17,강원,강릉시 산대월리,축사,BLT1,Armigeres subalbatus,1,1,1,1,1,0,,N,,2025-06-19,오유경(yuyu66),2025년,06월,3주
853,일본뇌염예측,강원도보건환경연구원,2025,6,3주,2025-06-17,강원,강릉시 산대월리,축사,BLT1,Ochlerotatus koreicus,1,1,1,1,1,0,,N,,2025-06-19,오유경(yuyu66),2025년,06월,3주
854,일본뇌염예측,강원도보건환경연구원,2025,6,3주,2025-06-17,강원,강릉시 산대월리,축사,BLT1,Aedes vexans,93,1,93,93,4,0,,N,,2025-06-19,오유경(yuyu66),2025년,06월,3주
855,일본뇌염예측,강원도보건환경연구원,2025,6,3주,2025-06-17,강원,강릉시 산대월리,축사,BLT1,Anopheles spp.,2,1,2,0,0,0,,N,,2025-06-19,오유경(yuyu66),2025년,06월,3주
856,일본뇌염예측,강원도보건환경연구원,2025,6,3주,2025-06-17,강원,강릉시 산대월리,축사,BLT1,Mansonia uniformis,2,1,2,2,1,0,,N,,2025-06-19,오유경(yuyu66),2025년,06월,3주
857,일본뇌염예측,강원도보건환경연구원,2025,6,3주,2025-06-17,강원,강릉시 산대월리,축사,BLT1,Culex pipiens,14,1,14,14,1,0,,N,,2025-06-19,오유경(yuyu66),2025년,06월,3주
858,일본뇌염예측,강원도보건환경연구원,2025,6,3주,2025-06-19,강원,춘천시 산천리,축사,BLT1,Aedes vexans,148,1,148,148,5,0,,N,,2025-06-19,오유경(yuyu66),2025년,06월,3주
859,일본뇌염예측,강원도보건환경연구원,2025,6,3주,2025-06-19,강원,춘천시 산천리,축사,BLT1,Anopheles spp.,122,1,122,0,0,0,,N,,2025-06-19,오유경(yuyu66),2025년,06월,3주
860,일본뇌염예측,강원도보건환경연구원,2025,6,3주,2025-06-19,강원,춘천시 산천리,축사,BLT1,Culex pipiens,1,1,1,1,1,0,,N,,2025-06-19,오유경(yuyu66),2025년,06월,3주
861,일본뇌염예측,강원도보건환경연구원,2025,6,3주,2025-06-19,강원,춘천시 산천리,축사,BLT1,Culex orientalis,1,1,1,1,1,0,,N,,2025-06-19,오유경(yuyu66),2025년,06월,3주
862,일본뇌염예측,강원도보건환경연구원,2025,6,3주,2025-06-19,강원,춘천시 산천리,축사,BLT1,Culex bitaeniorhynchus,1,1,1,1,1,0,,N,,2025-06-19,오유경(yuyu66),2025년,06월,3주
863,일본뇌염예측,강원도보건환경연구원,2025,6,3주,2025-06-18,강원,춘천시 산천리,축사,BLT1,Aedes vexans,62,1,62,62,3,0,,N,,2025-06-19,오유경(yuyu66),2025년,06월,3주
864,일본뇌염예측,강원도보건환경연구원,2025,6,3주,2025-06-18,강원,춘천시 산천리,축사,BLT1,Anopheles spp.,109,1,109,0,0,0,,N,,2025-06-19,오유경(yuyu66),2025년,06월,3주
865,일본뇌염예측,강원도보건환경연구원,2025,6,3주,2025-06-18,강원,춘천시 산천리,축사,BLT1,Culex pipiens,1,1,1,1,1,0,,N,,2025-06-19,오유경(yuyu66),2025년,06월,3주
866,일본뇌염예측,강원도보건환경연구원,2025,6,2주,2025-06-10,강원,횡성군 하대리,축사,BLT1,Aedes vexans,173,1,173,173,6,0,,N,,2025-06-13,오유경(yuyu66),2025년,06월,2주
867,일본뇌염예측,강원도보건환경연구원,2025,6,2주,2025-06-10,강원,횡성군 하대리,축사,BLT1,Anopheles spp.,4,1,4,0,0,0,,N,,2025-06-13,오유경(yuyu66),2025년,06월,2주
868,일본뇌염예측,강원도보건환경연구원,2025,6,2주,2025-06-10,강원,횡성군 하대리,축사,BLT1,Culex pipiens,3,1,3,3,1,0,,N,,2025-06-13,오유경(yuyu66),2025년,06월,2주
869,일본뇌염예측,강원도보건환경연구원,2025,6,2주,2025-06-09,강원,횡성군 하대리,축사,BLT1,Aedes vexans,247,1,247,247,9,0,,N,,2025-06-13,오유경(yuyu66),2025년,06월,2주
870,일본뇌염예측,강원도보건환경연구원,2025,6,2주,2025-06-09,강원,횡성군 하대리,축사,BLT1,Anopheles spp.,12,1,12,0,0,0,,N,,2025-06-13,오유경(yuyu66),2025년,06월,2주
871,일본뇌염예측,강원도보건환경연구원,2025,6,2주,2025-06-09,강원,횡성군 하대리,축사,BLT1,Culex pipiens,5,1,5,5,1,0,,N,,2025-06-13,오유경(yuyu66),2025년,06월,2주
872,일본뇌염예측,강원도보건환경연구원,2025,6,2주,2025-06-09,강원,횡성군 하대리,축사,BLT1,Culex orientalis,1,1,1,1,1,0,,N,,2025-06-13,오유경(yuyu66),2025년,06월,2주
873,일본뇌염예측,강원도보건환경연구원,2025,6,2주,2025-06-11,강원,강릉시 산대월리,축사,BLT1,Armigeres subalbatus,1,1,1,1,1,0,,N,,2025-06-13,오유경(yuyu66),2025년,06월,2주
874,일본뇌염예측,강원도보건환경연구원,2025,6,2주,2025-06-11,강원,강릉시 산대월리,축사,BLT1,Aedes vexans,72,1,72,72,3,0,,N,,2025-06-13,오유경(yuyu66),2025년,06월,2주
875,일본뇌염예측,강원도보건환경연구원,2025,6,2주,2025-06-11,강원,강릉시 산대월리,축사,BLT1,Mansonia uniformis,1,1,1,1,1,0,,N,,2025-06-13,오유경(yuyu66),2025년,06월,2주
876,일본뇌염예측,강원도보건환경연구원,2025,6,2주,2025-06-11,강원,강릉시 산대월리,축사,BLT1,Culex pipiens,28,1,28,28,1,0,,N,,2025-06-13,오유경(yuyu66),2025년,06월,2주
877,일본뇌염예측,강원도보건환경연구원,2025,6,2주,2025-06-11,강원,강릉시 산대월리,축사,BLT1,Culex bitaeniorhynchus,1,1,1,1,1,0,,N,,2025-06-13,오유경(yuyu66),2025년,06월,2주
878,일본뇌염예측,강원도보건환경연구원,2025,6,2주,2025-06-10,강원,강릉시 산대월리,축사,BLT1,Armigeres subalbatus,5,1,5,5,1,0,,N,,2025-06-13,오유경(yuyu66),2025년,06월,2주
879,일본뇌염예측,강원도보건환경연구원,2025,6,2주,2025-06-10,강원,강릉시 산대월리,축사,BLT1,Ochlerotatus koreicus,1,1,1,1,1,0,,N,,2025-06-13,오유경(yuyu66),2025년,06월,2주
880,일본뇌염예측,강원도보건환경연구원,2025,6,2주,2025-06-10,강원,강릉시 산대월리,축사,BLT1,Aedes vexans,108,1,108,108,4,0,,N,,2025-06-13,오유경(yuyu66),2025년,06월,2주
881,일본뇌염예측,강원도보건환경연구원,2025,6,2주,2025-06-10,강원,강릉시 산대월리,축사,BLT1,Anopheles spp.,1,1,1,0,0,0,,N,,2025-06-13,오유경(yuyu66),2025년,06월,2주
882,일본뇌염예측,강원도보건환경연구원,2025,6,2주,2025-06-10,강원,강릉시 산대월리,축사,BLT1,Mansonia uniformis,1,1,1,1,1,0,,N,,2025-06-13,오유경(yuyu66),2025년,06월,2주
883,일본뇌염예측,강원도보건환경연구원,2025,6,2주,2025-06-10,강원,강릉시 산대월리,축사,BLT1,Culex pipiens,10,1,10,10,1,0,,N,,2025-06-13,오유경(yuyu66),2025년,06월,2주
884,일본뇌염예측,강원도보건환경연구원,2025,6,2주,2025-06-10,강원,강릉시 산대월리,축사,BLT1,Culex bitaeniorhynchus,1,1,1,1,1,0,,N,,2025-06-13,오유경(yuyu66),2025년,06월,2주
885,일본뇌염예측,강원도보건환경연구원,2025,6,2주,2025-06-11,강원,춘천시 산천리,축사,BLT1,Armigeres subalbatus,1,1,1,1,1,0,,N,,2025-06-13,오유경(yuyu66),2025년,06월,2주
886,일본뇌염예측,강원도보건환경연구원,2025,6,2주,2025-06-11,강원,춘천시 산천리,축사,BLT1,Aedes vexans,96,1,96,96,4,0,,N,,2025-06-13,오유경(yuyu66),2025년,06월,2주
887,일본뇌염예측,강원도보건환경연구원,2025,6,2주,2025-06-11,강원,춘천시 산천리,축사,BLT1,Anopheles spp.,40,1,40,0,0,0,,N,,2025-06-13,오유경(yuyu66),2025년,06월,2주
888,일본뇌염예측,강원도보건환경연구원,2025,6,2주,2025-06-11,강원,춘천시 산천리,축사,BLT1,Culex pipiens,3,1,3,3,1,0,,N,,2025-06-13,오유경(yuyu66),2025년,06월,2주
889,일본뇌염예측,강원도보건환경연구원,2025,6,2주,2025-06-10,강원,춘천시 산천리,축사,BLT1,Armigeres subalbatus,1,1,1,1,1,0,,N,,2025-06-13,오유경(yuyu66),2025년,06월,2주
890,일본뇌염예측,강원도보건환경연구원,2025,6,2주,2025-06-10,강원,춘천시 산천리,축사,BLT1,Aedes vexans,154,1,154,154,6,0,,N,,2025-06-13,오유경(yuyu66),2025년,06월,2주
891,일본뇌염예측,강원도보건환경연구원,2025,6,2주,2025-06-10,강원,춘천시 산천리,축사,BLT1,Anopheles spp.,69,1,69,0,0,0,,N,,2025-06-13,오유경(yuyu66),2025년,06월,2주
892,일본뇌염예측,강원도보건환경연구원,2025,6,1주,2025-06-03,강원,횡성군 하대리,축사,BLT1,Aedes vexans,232,1,232,232,8,0,,N,,2025-06-13,오유경(yuyu66),2025년,06월,1주
893,일본뇌염예측,강원도보건환경연구원,2025,6,1주,2025-06-03,강원,횡성군 하대리,축사,BLT1,Anopheles spp.,7,1,7,0,0,0,,N,,2025-06-13,오유경(yuyu66),2025년,06월,1주
894,일본뇌염예측,강원도보건환경연구원,2025,6,1주,2025-06-03,강원,횡성군 하대리,축사,BLT1,Culex pipiens,3,1,3,3,1,0,,N,,2025-06-13,오유경(yuyu66),2025년,06월,1주
895,일본뇌염예측,강원도보건환경연구원,2025,6,1주,2025-06-02,강원,횡성군 하대리,축사,BLT1,Ochlerotatus koreicus,1,1,1,1,1,0,,N,,2025-06-13,오유경(yuyu66),2025년,06월,1주
896,일본뇌염예측,강원도보건환경연구원,2025,6,1주,2025-06-02,강원,횡성군 하대리,축사,BLT1,Aedes vexans,216,1,216,216,8,0,,N,,2025-06-13,오유경(yuyu66),2025년,06월,1주
897,일본뇌염예측,강원도보건환경연구원,2025,6,1주,2025-06-02,강원,횡성군 하대리,축사,BLT1,Anopheles spp.,3,1,3,0,0,0,,N,,2025-06-13,오유경(yuyu66),2025년,06월,1주
898,일본뇌염예측,강원도보건환경연구원,2025,6,1주,2025-06-02,강원,횡성군 하대리,축사,BLT1,Culex pipiens,3,1,3,3,1,0,,N,,2025-06-13,오유경(yuyu66),2025년,06월,1주
899,일본뇌염예측,강원도보건환경연구원,2025,6,1주,2025-06-04,강원,강릉시 산대월리,축사,BLT1,Armigeres subalbatus,1,1,1,1,1,0,,N,,2025-06-13,오유경(yuyu66),2025년,06월,1주
900,일본뇌염예측,강원도보건환경연구원,2025,6,1주,2025-06-04,강원,강릉시 산대월리,축사,BLT1,Aedes vexans,124,1,124,124,5,0,,N,,2025-06-13,오유경(yuyu66),2025년,06월,1주
901,일본뇌염예측,강원도보건환경연구원,2025,6,1주,2025-06-04,강원,강릉시 산대월리,축사,BLT1,Anopheles spp.,1,1,1,0,0,0,,N,,2025-06-13,오유경(yuyu66),2025년,06월,1주
902,일본뇌염예측,강원도보건환경연구원,2025,6,1주,2025-06-04,강원,강릉시 산대월리,축사,BLT1,Culex pipiens,14,1,14,14,1,0,,N,,2025-06-13,오유경(yuyu66),2025년,06월,1주
903,일본뇌염예측,강원도보건환경연구원,2025,6,1주,2025-06-03,강원,강릉시 산대월리,축사,BLT1,Aedes vexans,111,1,111,111,4,0,,N,,2025-06-13,오유경(yuyu66),2025년,06월,1주
904,일본뇌염예측,강원도보건환경연구원,2025,6,1주,2025-06-03,강원,강릉시 산대월리,축사,BLT1,Culex pipiens,14,1,14,14,1,0,,N,,2025-06-13,오유경(yuyu66),2025년,06월,1주
905,일본뇌염예측,강원도보건환경연구원,2025,6,1주,2025-06-04,강원,춘천시 산천리,축사,BLT1,Aedes vexans,95,1,95,95,4,0,,N,,2025-06-13,오유경(yuyu66),2025년,06월,1주
906,일본뇌염예측,강원도보건환경연구원,2025,6,1주,2025-06-04,강원,춘천시 산천리,축사,BLT1,Anopheles spp.,29,1,29,0,0,0,,N,,2025-06-13,오유경(yuyu66),2025년,06월,1주
907,일본뇌염예측,강원도보건환경연구원,2025,6,1주,2025-06-04,강원,춘천시 산천리,축사,BLT1,Culex pipiens,2,1,2,2,1,0,,N,,2025-06-13,오유경(yuyu66),2025년,06월,1주
908,일본뇌염예측,강원도보건환경연구원,2025,6,1주,2025-06-03,강원,춘천시 산천리,축사,BLT1,Ochlerotatus koreicus,1,1,1,1,1,0,,N,,2025-06-13,오유경(yuyu66),2025년,06월,1주
909,일본뇌염예측,강원도보건환경연구원,2025,6,1주,2025-06-03,강원,춘천시 산천리,축사,BLT1,Aedes vexans,183,1,183,183,7,0,,N,,2025-06-13,오유경(yuyu66),2025년,06월,1주
910,일본뇌염예측,강원도보건환경연구원,2025,6,1주,2025-06-03,강원,춘천시 산천리,축사,BLT1,Anopheles spp.,41,1,41,0,0,0,,N,,2025-06-13,오유경(yuyu66),2025년,06월,1주
911,일본뇌염예측,강원도보건환경연구원,2025,6,1주,2025-06-03,강원,춘천시 산천리,축사,BLT1,Culex pipiens,1,1,1,1,1,0,,N,,2025-06-13,오유경(yuyu66),2025년,06월,1주
912,일본뇌염예측,강원도보건환경연구원,2025,5,4주,2025-05-27,강원,횡성군 하대리,축사,BLT1,Aedes vexans,21,1,21,21,1,0,,N,,2025-05-30,오유경(yuyu66),2025년,05월,4주
913,일본뇌염예측,강원도보건환경연구원,2025,5,4주,2025-05-27,강원,횡성군 하대리,축사,BLT1,Anopheles spp.,1,1,1,0,0,0,,N,,2025-05-30,오유경(yuyu66),2025년,05월,4주
914,일본뇌염예측,강원도보건환경연구원,2025,5,4주,2025-05-27,강원,횡성군 하대리,축사,BLT1,Culex pipiens,4,1,4,4,1,0,,N,,2025-05-30,오유경(yuyu66),2025년,05월,4주
915,일본뇌염예측,강원도보건환경연구원,2025,5,4주,2025-05-26,강원,횡성군 하대리,축사,BLT1,Aedes vexans,81,1,81,81,3,0,,N,,2025-05-30,오유경(yuyu66),2025년,05월,4주
916,일본뇌염예측,강원도보건환경연구원,2025,5,4주,2025-05-26,강원,횡성군 하대리,축사,BLT1,Anopheles spp.,1,1,1,0,0,0,,N,,2025-05-30,오유경(yuyu66),2025년,05월,4주
917,일본뇌염예측,강원도보건환경연구원,2025,5,4주,2025-05-26,강원,횡성군 하대리,축사,BLT1,Culex pipiens,9,1,9,9,1,0,,N,,2025-05-30,오유경(yuyu66),2025년,05월,4주
918,일본뇌염예측,강원도보건환경연구원,2025,5,4주,2025-05-28,강원,강릉시 산대월리,축사,BLT1,Ochlerotatus koreicus,1,1,1,1,1,0,,N,,2025-05-30,오유경(yuyu66),2025년,05월,4주
919,일본뇌염예측,강원도보건환경연구원,2025,5,4주,2025-05-28,강원,강릉시 산대월리,축사,BLT1,Aedes vexans,108,1,108,108,4,0,,N,,2025-05-30,오유경(yuyu66),2025년,05월,4주
920,일본뇌염예측,강원도보건환경연구원,2025,5,4주,2025-05-28,강원,강릉시 산대월리,축사,BLT1,Culex pipiens,10,1,10,10,1,0,,N,,2025-05-30,오유경(yuyu66),2025년,05월,4주
921,일본뇌염예측,강원도보건환경연구원,2025,5,4주,2025-05-27,강원,강릉시 산대월리,축사,BLT1,Armigeres subalbatus,1,1,1,1,1,0,,N,,2025-05-30,오유경(yuyu66),2025년,05월,4주
922,일본뇌염예측,강원도보건환경연구원,2025,5,4주,2025-05-27,강원,강릉시 산대월리,축사,BLT1,Aedes vexans,107,1,107,107,4,0,,N,,2025-05-30,오유경(yuyu66),2025년,05월,4주
923,일본뇌염예측,강원도보건환경연구원,2025,5,4주,2025-05-27,강원,강릉시 산대월리,축사,BLT1,Anopheles spp.,1,1,1,0,0,0,,N,,2025-05-30,오유경(yuyu66),2025년,05월,4주
924,일본뇌염예측,강원도보건환경연구원,2025,5,4주,2025-05-27,강원,강릉시 산대월리,축사,BLT1,Culex pipiens,8,1,8,8,1,0,,N,,2025-05-30,오유경(yuyu66),2025년,05월,4주
925,일본뇌염예측,강원도보건환경연구원,2025,5,4주,2025-05-28,강원,춘천시 산천리,축사,BLT1,Aedes vexans,44,1,44,44,2,0,,N,,2025-05-30,오유경(yuyu66),2025년,05월,4주
926,일본뇌염예측,강원도보건환경연구원,2025,5,4주,2025-05-28,강원,춘천시 산천리,축사,BLT1,Anopheles spp.,10,1,10,0,0,0,,N,,2025-05-30,오유경(yuyu66),2025년,05월,4주
927,일본뇌염예측,강원도보건환경연구원,2025,5,4주,2025-05-28,강원,춘천시 산천리,축사,BLT1,Culex pipiens,1,1,1,1,1,0,,N,,2025-05-30,오유경(yuyu66),2025년,05월,4주
928,일본뇌염예측,강원도보건환경연구원,2025,5,4주,2025-05-27,강원,춘천시 산천리,축사,BLT1,Aedes vexans,122,1,122,122,5,0,,N,,2025-05-30,오유경(yuyu66),2025년,05월,4주
929,일본뇌염예측,강원도보건환경연구원,2025,5,4주,2025-05-27,강원,춘천시 산천리,축사,BLT1,Anopheles spp.,5,1,5,0,0,0,,N,,2025-05-30,오유경(yuyu66),2025년,05월,4주
930,일본뇌염예측,강원도보건환경연구원,2025,5,3주,2025-05-20,강원,횡성군 하대리,축사,BLT1,Aedes vexans,62,1,62,62,3,0,,N,,2025-05-23,오유경(yuyu66),2025년,05월,3주
931,일본뇌염예측,강원도보건환경연구원,2025,5,3주,2025-05-20,강원,횡성군 하대리,축사,BLT1,Anopheles spp.,5,1,5,0,0,0,,N,,2025-05-23,오유경(yuyu66),2025년,05월,3주
932,일본뇌염예측,강원도보건환경연구원,2025,5,3주,2025-05-20,강원,횡성군 하대리,축사,BLT1,Culex pipiens,11,1,11,11,1,0,,N,,2025-05-23,오유경(yuyu66),2025년,05월,3주
933,일본뇌염예측,강원도보건환경연구원,2025,5,3주,2025-05-19,강원,횡성군 하대리,축사,BLT1,Aedes vexans,4,1,4,4,1,0,,N,,2025-05-23,오유경(yuyu66),2025년,05월,3주
934,일본뇌염예측,강원도보건환경연구원,2025,5,3주,2025-05-19,강원,횡성군 하대리,축사,BLT1,Anopheles spp.,1,1,1,0,0,0,,N,,2025-05-23,오유경(yuyu66),2025년,05월,3주
935,일본뇌염예측,강원도보건환경연구원,2025,5,3주,2025-05-19,강원,횡성군 하대리,축사,BLT1,Culex pipiens,6,1,6,6,1,0,,N,,2025-05-23,오유경(yuyu66),2025년,05월,3주
936,일본뇌염예측,강원도보건환경연구원,2025,5,3주,2025-05-21,강원,강릉시 산대월리,축사,BLT1,Armigeres subalbatus,1,1,1,1,1,0,,N,,2025-05-23,오유경(yuyu66),2025년,05월,3주
937,일본뇌염예측,강원도보건환경연구원,2025,5,3주,2025-05-21,강원,강릉시 산대월리,축사,BLT1,Ochlerotatus koreicus,3,1,3,3,1,0,,N,,2025-05-23,오유경(yuyu66),2025년,05월,3주
938,일본뇌염예측,강원도보건환경연구원,2025,5,3주,2025-05-21,강원,강릉시 산대월리,축사,BLT1,Aedes vexans,711,1,711,711,24,0,,N,,2025-05-23,오유경(yuyu66),2025년,05월,3주
939,일본뇌염예측,강원도보건환경연구원,2025,5,3주,2025-05-21,강원,강릉시 산대월리,축사,BLT1,Anopheles spp.,1,1,1,0,0,0,,N,,2025-05-23,오유경(yuyu66),2025년,05월,3주
940,일본뇌염예측,강원도보건환경연구원,2025,5,3주,2025-05-21,강원,강릉시 산대월리,축사,BLT1,Culex pipiens,83,1,83,83,3,0,,N,,2025-05-23,오유경(yuyu66),2025년,05월,3주
941,일본뇌염예측,강원도보건환경연구원,2025,5,3주,2025-05-20,강원,강릉시 산대월리,축사,BLT1,Ochlerotatus koreicus,3,1,3,3,1,0,,N,,2025-05-23,오유경(yuyu66),2025년,05월,3주
942,일본뇌염예측,강원도보건환경연구원,2025,5,3주,2025-05-20,강원,강릉시 산대월리,축사,BLT1,Aedes vexans,147,1,147,147,5,0,,N,,2025-05-23,오유경(yuyu66),2025년,05월,3주
943,일본뇌염예측,강원도보건환경연구원,2025,5,3주,2025-05-20,강원,강릉시 산대월리,축사,BLT1,Anopheles spp.,1,1,1,0,0,0,,N,,2025-05-23,오유경(yuyu66),2025년,05월,3주
944,일본뇌염예측,강원도보건환경연구원,2025,5,3주,2025-05-20,강원,강릉시 산대월리,축사,BLT1,Culex pipiens,59,1,59,59,2,0,,N,,2025-05-23,오유경(yuyu66),2025년,05월,3주
945,일본뇌염예측,강원도보건환경연구원,2025,5,3주,2025-05-21,강원,춘천시 산천리,축사,BLT1,Ochlerotatus koreicus,1,1,1,1,1,0,,N,,2025-05-23,오유경(yuyu66),2025년,05월,3주
946,일본뇌염예측,강원도보건환경연구원,2025,5,3주,2025-05-21,강원,춘천시 산천리,축사,BLT1,Aedes vexans,71,1,71,71,3,0,,N,,2025-05-23,오유경(yuyu66),2025년,05월,3주
947,일본뇌염예측,강원도보건환경연구원,2025,5,3주,2025-05-21,강원,춘천시 산천리,축사,BLT1,Anopheles spp.,9,1,9,0,0,0,,N,,2025-05-23,오유경(yuyu66),2025년,05월,3주
948,일본뇌염예측,강원도보건환경연구원,2025,5,3주,2025-05-21,강원,춘천시 산천리,축사,BLT1,Culex pipiens,5,1,5,5,1,0,,N,,2025-05-23,오유경(yuyu66),2025년,05월,3주
949,일본뇌염예측,강원도보건환경연구원,2025,5,3주,2025-05-20,강원,춘천시 산천리,축사,BLT1,Aedes vexans,33,1,33,33,2,0,,N,,2025-05-23,오유경(yuyu66),2025년,05월,3주
950,일본뇌염예측,강원도보건환경연구원,2025,5,3주,2025-05-20,강원,춘천시 산천리,축사,BLT1,Anopheles spp.,6,1,6,0,0,0,,N,,2025-05-23,오유경(yuyu66),2025년,05월,3주
951,일본뇌염예측,강원도보건환경연구원,2025,5,2주,2025-05-13,강원,횡성군 하대리,축사,BLT1,Aedes vexans,1,1,1,1,1,0,,N,,2025-05-16,오유경(yuyu66),2025년,05월,2주
952,일본뇌염예측,강원도보건환경연구원,2025,5,2주,2025-05-13,강원,횡성군 하대리,축사,BLT1,Anopheles spp.,1,1,1,0,0,0,,N,,2025-05-16,오유경(yuyu66),2025년,05월,2주
953,일본뇌염예측,강원도보건환경연구원,2025,5,2주,2025-05-13,강원,횡성군 하대리,축사,BLT1,Culex pipiens,6,1,6,6,1,0,,N,,2025-05-16,오유경(yuyu66),2025년,05월,2주
954,일본뇌염예측,강원도보건환경연구원,2025,5,2주,2025-05-12,강원,횡성군 하대리,축사,BLT1,Armigeres subalbatus,1,1,1,1,1,0,,N,,2025-05-16,오유경(yuyu66),2025년,05월,2주
955,일본뇌염예측,강원도보건환경연구원,2025,5,2주,2025-05-12,강원,횡성군 하대리,축사,BLT1,Aedes vexans,2,1,2,2,1,0,,N,,2025-05-16,오유경(yuyu66),2025년,05월,2주
956,일본뇌염예측,강원도보건환경연구원,2025,5,2주,2025-05-12,강원,횡성군 하대리,축사,BLT1,Anopheles spp.,1,1,1,0,0,0,,N,,2025-05-16,오유경(yuyu66),2025년,05월,2주
957,일본뇌염예측,강원도보건환경연구원,2025,5,2주,2025-05-14,강원,강릉시 산대월리,축사,BLT1,Aedes vexans,64,1,64,64,3,0,,N,,2025-05-16,오유경(yuyu66),2025년,05월,2주
958,일본뇌염예측,강원도보건환경연구원,2025,5,2주,2025-05-14,강원,강릉시 산대월리,축사,BLT1,Anopheles spp.,1,1,1,0,0,0,,N,,2025-05-16,오유경(yuyu66),2025년,05월,2주
959,일본뇌염예측,강원도보건환경연구원,2025,5,2주,2025-05-14,강원,강릉시 산대월리,축사,BLT1,Culex pipiens,71,1,71,71,3,0,,N,,2025-05-16,오유경(yuyu66),2025년,05월,2주
960,일본뇌염예측,강원도보건환경연구원,2025,5,2주,2025-05-13,강원,강릉시 산대월리,축사,BLT1,Armigeres subalbatus,2,1,2,2,1,0,,N,,2025-05-16,오유경(yuyu66),2025년,05월,2주
961,일본뇌염예측,강원도보건환경연구원,2025,5,2주,2025-05-13,강원,강릉시 산대월리,축사,BLT1,Aedes vexans,40,1,40,40,2,0,,N,,2025-05-16,오유경(yuyu66),2025년,05월,2주
962,일본뇌염예측,강원도보건환경연구원,2025,5,2주,2025-05-13,강원,강릉시 산대월리,축사,BLT1,Anopheles spp.,4,1,4,0,0,0,,N,,2025-05-16,오유경(yuyu66),2025년,05월,2주
963,일본뇌염예측,강원도보건환경연구원,2025,5,2주,2025-05-13,강원,강릉시 산대월리,축사,BLT1,Culex pipiens,58,1,58,58,2,0,,N,,2025-05-16,오유경(yuyu66),2025년,05월,2주
964,일본뇌염예측,강원도보건환경연구원,2025,5,2주,2025-05-14,강원,춘천시 산천리,축사,BLT1,Aedes vexans,42,1,42,42,2,0,,N,,2025-05-16,오유경(yuyu66),2025년,05월,2주
965,일본뇌염예측,강원도보건환경연구원,2025,5,2주,2025-05-14,강원,춘천시 산천리,축사,BLT1,Culex pipiens,5,1,5,5,1,0,,N,,2025-05-16,오유경(yuyu66),2025년,05월,2주
966,일본뇌염예측,강원도보건환경연구원,2025,5,2주,2025-05-13,강원,춘천시 산천리,축사,BLT1,Aedes vexans,22,1,22,22,1,0,,N,,2025-05-16,오유경(yuyu66),2025년,05월,2주
967,일본뇌염예측,강원도보건환경연구원,2025,5,2주,2025-05-13,강원,춘천시 산천리,축사,BLT1,Anopheles spp.,3,1,3,0,0,0,,N,,2025-05-16,오유경(yuyu66),2025년,05월,2주
968,일본뇌염예측,강원도보건환경연구원,2025,5,2주,2025-05-13,강원,춘천시 산천리,축사,BLT1,Culex pipiens,3,1,3,3,1,0,,N,,2025-05-16,오유경(yuyu66),2025년,05월,2주
969,일본뇌염예측,강원도보건환경연구원,2025,5,1주,2025-05-08,강원,횡성군 하대리,축사,BLT1,Culex pipiens,4,1,4,4,1,0,,N,,2025-05-12,오유경(yuyu66),2025년,05월,1주
970,일본뇌염예측,강원도보건환경연구원,2025,5,1주,2025-05-07,강원,횡성군 하대리,축사,BLT1,Culex pipiens,1,1,1,1,1,0,,N,,2025-05-12,오유경(yuyu66),2025년,05월,1주
971,일본뇌염예측,강원도보건환경연구원,2025,5,1주,2025-05-09,강원,강릉시 산대월리,축사,BLT1,Aedes vexans,24,1,24,24,1,0,,N,,2025-05-12,오유경(yuyu66),2025년,05월,1주
972,일본뇌염예측,강원도보건환경연구원,2025,5,1주,2025-05-09,강원,강릉시 산대월리,축사,BLT1,Anopheles spp.,2,1,2,0,0,0,,N,,2025-05-12,오유경(yuyu66),2025년,05월,1주
973,일본뇌염예측,강원도보건환경연구원,2025,5,1주,2025-05-09,강원,강릉시 산대월리,축사,BLT1,Culex pipiens,13,1,13,13,1,0,,N,,2025-05-12,오유경(yuyu66),2025년,05월,1주
974,일본뇌염예측,강원도보건환경연구원,2025,5,1주,2025-05-08,강원,강릉시 산대월리,축사,BLT1,Aedes vexans,3,1,3,3,1,0,,N,,2025-05-12,오유경(yuyu66),2025년,05월,1주
975,일본뇌염예측,강원도보건환경연구원,2025,5,1주,2025-05-08,강원,강릉시 산대월리,축사,BLT1,Culex pipiens,3,1,3,3,1,0,,N,,2025-05-12,오유경(yuyu66),2025년,05월,1주
976,일본뇌염예측,강원도보건환경연구원,2025,5,1주,2025-05-09,강원,춘천시 산천리,축사,BLT1,Aedes vexans,20,1,20,20,1,0,,N,,2025-05-12,오유경(yuyu66),2025년,05월,1주
977,일본뇌염예측,강원도보건환경연구원,2025,5,1주,2025-05-09,강원,춘천시 산천리,축사,BLT1,Anopheles spp.,1,1,1,0,0,0,,N,,2025-05-12,오유경(yuyu66),2025년,05월,1주
978,일본뇌염예측,강원도보건환경연구원,2025,5,1주,2025-05-09,강원,춘천시 산천리,축사,BLT1,Culex pipiens,4,1,4,4,1,0,,N,,2025-05-12,오유경(yuyu66),2025년,05월,1주
979,일본뇌염예측,강원도보건환경연구원,2025,5,1주,2025-05-08,강원,춘천시 산천리,축사,BLT1,Ochlerotatus koreicus,1,1,1,1,1,0,,N,,2025-05-12,오유경(yuyu66),2025년,05월,1주
980,일본뇌염예측,강원도보건환경연구원,2025,5,1주,2025-05-08,강원,춘천시 산천리,축사,BLT1,Aedes vexans,6,1,6,6,1,0,,N,,2025-05-12,오유경(yuyu66),2025년,05월,1주
981,일본뇌염예측,강원도보건환경연구원,2025,5,1주,2025-05-08,강원,춘천시 산천리,축사,BLT1,Anopheles spp.,5,1,5,0,0,0,,N,,2025-05-12,오유경(yuyu66),2025년,05월,1주
982,일본뇌염예측,강원도보건환경연구원,2025,5,1주,2025-05-08,강원,춘천시 산천리,축사,BLT1,Culex pipiens,1,1,1,1,1,0,,N,,2025-05-12,오유경(yuyu66),2025년,05월,1주
983,일본뇌염예측,강원도보건환경연구원,2025,4,4주,2025-04-29,강원,횡성군 하대리,축사,BLT1,Culex pipiens,2,1,2,2,1,0,,N,,2025-05-02,오유경(yuyu66),2025년,04월,4주
984,일본뇌염예측,강원도보건환경연구원,2025,4,4주,2025-04-28,강원,횡성군 하대리,축사,BLT1,Anopheles spp.,1,1,1,0,0,0,,N,,2025-05-02,오유경(yuyu66),2025년,04월,4주
985,일본뇌염예측,강원도보건환경연구원,2025,4,4주,2025-04-28,강원,횡성군 하대리,축사,BLT1,Culex pipiens,2,1,2,2,1,0,,N,,2025-05-02,오유경(yuyu66),2025년,04월,4주
986,일본뇌염예측,강원도보건환경연구원,2025,4,4주,2025-04-30,강원,강릉시 산대월리,축사,BLT1,Culex pipiens,2,1,2,2,1,0,,N,,2025-05-02,오유경(yuyu66),2025년,04월,4주
987,일본뇌염예측,강원도보건환경연구원,2025,4,4주,2025-04-29,강원,강릉시 산대월리,축사,BLT1,미채집,0,1,0,0,0,0,,N,,2025-05-02,오유경(yuyu66),2025년,04월,4주
988,일본뇌염예측,강원도보건환경연구원,2025,4,4주,2025-04-30,강원,춘천시 산천리,축사,BLT1,Aedes vexans,5,1,5,5,1,0,,N,,2025-05-02,오유경(yuyu66),2025년,04월,4주
989,일본뇌염예측,강원도보건환경연구원,2025,4,4주,2025-04-30,강원,춘천시 산천리,축사,BLT1,Anopheles spp.,3,1,3,0,0,0,,N,,2025-05-02,오유경(yuyu66),2025년,04월,4주
990,일본뇌염예측,강원도보건환경연구원,2025,4,4주,2025-04-30,강원,춘천시 산천리,축사,BLT1,Culex vagans,5,1,5,5,1,0,,N,,2025-05-02,오유경(yuyu66),2025년,04월,4주
991,일본뇌염예측,강원도보건환경연구원,2025,4,4주,2025-04-30,강원,춘천시 산천리,축사,BLT1,Culex pipiens,6,1,6,6,1,0,,N,,2025-05-02,오유경(yuyu66),2025년,04월,4주
992,일본뇌염예측,강원도보건환경연구원,2025,4,4주,2025-04-30,강원,춘천시 산천리,축사,BLT1,Culex orientalis,1,1,1,1,1,0,,N,,2025-05-02,오유경(yuyu66),2025년,04월,4주
993,일본뇌염예측,강원도보건환경연구원,2025,4,4주,2025-04-29,강원,춘천시 산천리,축사,BLT1,Culex vagans,2,1,2,2,1,0,,N,,2025-05-02,오유경(yuyu66),2025년,04월,4주
994,일본뇌염예측,강원도보건환경연구원,2025,4,4주,2025-04-22,강원,횡성군 하대리,축사,BLT1,Anopheles spp.,3,1,3,0,0,0,,N,,2025-05-02,오유경(yuyu66),2025년,04월,4주
995,일본뇌염예측,강원도보건환경연구원,2025,4,4주,2025-04-22,강원,횡성군 하대리,축사,BLT1,Culex pipiens,3,1,3,3,1,0,,N,,2025-05-02,오유경(yuyu66),2025년,04월,4주
996,일본뇌염예측,강원도보건환경연구원,2025,4,4주,2025-04-21,강원,횡성군 하대리,축사,BLT1,Culex vagans,1,1,1,1,1,0,,N,,2025-05-02,오유경(yuyu66),2025년,04월,4주
997,일본뇌염예측,강원도보건환경연구원,2025,4,4주,2025-04-23,강원,강릉시 산대월리,축사,BLT1,미채집,0,1,0,0,0,0,,N,,2025-05-02,오유경(yuyu66),2025년,04월,4주
998,일본뇌염예측,강원도보건환경연구원,2025,4,4주,2025-04-22,강원,강릉시 산대월리,축사,BLT1,Ochlerotatus koreicus,1,1,1,1,1,0,,N,,2025-05-02,오유경(yuyu66),2025년,04월,4주
999,일본뇌염예측,강원도보건환경연구원,2025,4,4주,2025-04-22,강원,강릉시 산대월리,축사,BLT1,Culex pipiens,5,1,5,5,1,0,,N,,2025-05-02,오유경(yuyu66),2025년,04월,4주
1000,일본뇌염예측,강원도보건환경연구원,2025,4,4주,2025-04-23,강원,춘천시 산천리,축사,BLT1,미채집,0,1,0,0,0,0,,N,,2025-05-02,오유경(yuyu66),2025년,04월,4주
1001,일본뇌염예측,강원도보건환경연구원,2025,4,4주,2025-04-22,강원,춘천시 산천리,축사,BLT1,Anopheles spp.,1,1,1,0,0,0,,N,,2025-05-02,오유경(yuyu66),2025년,04월,4주
1002,일본뇌염예측,강원도보건환경연구원,2025,4,4주,2025-04-22,강원,춘천시 산천리,축사,BLT1,Culex vagans,2,1,2,2,1,0,,N,,2025-05-02,오유경(yuyu66),2025년,04월,4주
1003,일본뇌염예측,강원도보건환경연구원,2025,4,4주,2025-04-22,강원,춘천시 산천리,축사,BLT1,Culex pipiens,1,1,1,1,1,0,,N,,2025-05-02,오유경(yuyu66),2025년,04월,4주
1004,일본뇌염예측,강원도보건환경연구원,2025,4,4주,2025-04-22,강원,춘천시 산천리,축사,BLT1,Culex orientalis,1,1,1,1,1,0,,N,,2025-05-02,오유경(yuyu66),2025년,04월,4주
1005,일본뇌염예측,강원도보건환경연구원,2025,4,3주,2025-04-15,강원,횡성군 하대리,축사,BLT1,미채집,0,1,0,0,0,0,,N,,2025-04-18,오유경(yuyu66),2025년,04월,3주
1006,일본뇌염예측,강원도보건환경연구원,2025,4,3주,2025-04-14,강원,횡성군 하대리,축사,BLT1,미채집,0,1,0,0,0,0,,N,,2025-04-18,오유경(yuyu66),2025년,04월,3주
1007,일본뇌염예측,강원도보건환경연구원,2025,4,3주,2025-04-16,강원,강릉시 산대월리,축사,BLT1,미채집,0,1,0,0,0,0,,N,,2025-04-18,오유경(yuyu66),2025년,04월,3주
1008,일본뇌염예측,강원도보건환경연구원,2025,4,3주,2025-04-15,강원,강릉시 산대월리,축사,BLT1,미채집,0,1,0,0,0,0,,N,,2025-04-18,오유경(yuyu66),2025년,04월,3주
1009,일본뇌염예측,강원도보건환경연구원,2025,4,3주,2025-04-16,강원,춘천시 산천리,축사,BLT1,미채집,0,1,0,0,0,0,,N,,2025-04-18,오유경(yuyu66),2025년,04월,3주
1010,일본뇌염예측,강원도보건환경연구원,2025,4,3주,2025-04-15,강원,춘천시 산천리,축사,BLT1,미채집,0,1,0,0,0,0,,N,,2025-04-18,오유경(yuyu66),2025년,04월,3주
1011,일본뇌염예측,강원도보건환경연구원,2025,4,2주,2025-04-08,강원,횡성군 하대리,축사,BLT1,미채집,0,1,0,0,0,0,,N,,2025-04-11,오유경(yuyu66),2025년,04월,2주
1012,일본뇌염예측,강원도보건환경연구원,2025,4,2주,2025-04-07,강원,횡성군 하대리,축사,BLT1,미채집,0,1,0,0,0,0,,N,,2025-04-11,오유경(yuyu66),2025년,04월,2주
1013,일본뇌염예측,강원도보건환경연구원,2025,4,2주,2025-04-09,강원,강릉시 산대월리,축사,BLT1,미채집,0,1,0,0,0,0,,N,,2025-04-11,오유경(yuyu66),2025년,04월,2주
1014,일본뇌염예측,강원도보건환경연구원,2025,4,2주,2025-04-08,강원,강릉시 산대월리,축사,BLT1,Anopheles spp.,2,1,2,0,0,0,,N,,2025-04-11,오유경(yuyu66),2025년,04월,2주
1015,일본뇌염예측,강원도보건환경연구원,2025,4,2주,2025-04-09,강원,춘천시 산천리,축사,BLT1,Anopheles spp.,3,1,3,0,0,0,,N,,2025-04-11,오유경(yuyu66),2025년,04월,2주
1016,일본뇌염예측,강원도보건환경연구원,2025,4,2주,2025-04-08,강원,춘천시 산천리,축사,BLT1,Anopheles spp.,2,1,2,0,0,0,,N,,2025-04-11,오유경(yuyu66),2025년,04월,2주
1017,일본뇌염예측,강원도보건환경연구원,2025,4,1주,2025-04-02,강원,횡성군 하대리,축사,BLT1,미채집,0,1,0,0,0,0,4월 1일 18:00 ~ 4월 2일 09:30,N,,2025-04-03,오유경(yuyu66),2025년,04월,1주
1018,일본뇌염예측,강원도보건환경연구원,2025,3,1주,2025-04-01,강원,횡성군 하대리,축사,BLT1,미채집,0,1,0,0,0,0,3월 31일 18:00 ~ 4월 1일 09:30,N,,2025-04-03,오유경(yuyu66),2025년,04월,1주
1019,일본뇌염예측,강원도보건환경연구원,2025,4,1주,2025-04-02,강원,강릉시 산대월리,축사,BLT1,미채집,0,1,0,0,0,0,4월 1일 18:00 ~ 4월 2일 09:30,N,,2025-04-03,오유경(yuyu66),2025년,04월,1주
1020,일본뇌염예측,강원도보건환경연구원,2025,3,1주,2025-04-01,강원,강릉시 산대월리,축사,BLT1,미채집,0,1,0,0,0,0,3월 31일 18:00 ~ 4월 1일 09:30,N,,2025-04-03,오유경(yuyu66),2025년,04월,1주
1021,일본뇌염예측,강원도보건환경연구원,2025,4,1주,2025-04-02,강원,춘천시 산천리,축사,BLT1,미채집,0,1,0,0,0,0,4월 1일 18:00 ~ 4월 2일 09:30,N,,2025-04-03,오유경(yuyu66),2025년,04월,1주
1022,일본뇌염예측,강원도보건환경연구원,2025,3,1주,2025-04-01,강원,춘천시 산천리,축사,BLT1,미채집,0,1,0,0,0,0,3월 31일 18:00 ~ 4월 1일 09:30,N,,2025-04-03,오유경(yuyu66),2025년,04월,1주
