번호,사업명,권역,연도,월,주차,수거일,지역1,지역2,환경,방법,종,개체수,채집기간,Index,실험개체수,Pool No.,양성 Pools,비고,확정,확정일자,입력일자,입력자(아이디),조사년도,조사월,조사주
1,말라리아매개모기조사감시,강원도보건환경연구원,2026,7,4주,2026-08-01,강원,고성군 현내면 명파리,기타,LED1,Culex pipiens,1,7,0,0,0,0,,N,,2026-08-06,오정주(ojj213),2026년,07월,4주
2,말라리아매개모기조사감시,강원도보건환경연구원,2026,7,4주,2026-08-01,강원,고성군 현내면 명파리,기타,LED1,Culex orientalis,2,7,0,0,0,0,,N,,2026-08-06,오정주(ojj213),2026년,07월,4주
3,말라리아매개모기조사감시,강원도보건환경연구원,2026,7,4주,2026-08-01,강원,고성군 현내면 명파리,기타,LED1,Aedes vexans,30,7,4,0,0,0,,N,,2026-08-06,오정주(ojj213),2026년,07월,4주
4,말라리아매개모기조사감시,강원도보건환경연구원,2026,7,4주,2026-08-01,강원,고성군 현내면 명파리,기타,LED1,Ochlerotatus koreicus,4,7,0,0,0,0,,N,,2026-08-06,오정주(ojj213),2026년,07월,4주
5,말라리아매개모기조사감시,강원도보건환경연구원,2026,7,4주,2026-08-01,강원,고성군 현내면 명파리,기타,LED1,Aedes albopictus,1,7,0,0,0,0,,N,,2026-08-06,오정주(ojj213),2026년,07월,4주
6,말라리아매개모기조사감시,강원도보건환경연구원,2026,7,4주,2026-08-01,강원,고성군 현내면 명파리,기타,LED1,Anopheles spp.,11,7,1,11,2,0,,N,,2026-08-06,오정주(ojj213),2026년,07월,4주
7,말라리아매개모기조사감시,강원도보건환경연구원,2026,7,4주,2026-08-01,강원,인제군 인제읍 덕산리,기타,LED1,Ochlerotatus koreicus,3,7,0,0,0,0,,N,,2026-08-06,오정주(ojj213),2026년,07월,4주
8,말라리아매개모기조사감시,강원도보건환경연구원,2026,7,4주,2026-08-01,강원,인제군 인제읍 덕산리,기타,LED1,Aedes albopictus,1,7,0,0,0,0,,N,,2026-08-06,오정주(ojj213),2026년,07월,4주
9,말라리아매개모기조사감시,강원도보건환경연구원,2026,7,4주,2026-08-01,강원,인제군 인제읍 덕산리,기타,LED1,Anopheles spp.,1,7,0,1,1,0,,N,,2026-08-06,오정주(ojj213),2026년,07월,4주
10,말라리아매개모기조사감시,강원도보건환경연구원,2026,7,4주,2026-08-01,강원,양구군 국토면 구암리,기타,LED1,Culex pipiens,1,7,0,0,0,0,,N,,2026-08-06,오정주(ojj213),2026년,07월,4주
11,말라리아매개모기조사감시,강원도보건환경연구원,2026,7,4주,2026-08-01,강원,양구군 국토면 구암리,기타,LED1,Culex orientalis,3,7,0,0,0,0,,N,,2026-08-06,오정주(ojj213),2026년,07월,4주
12,말라리아매개모기조사감시,강원도보건환경연구원,2026,7,4주,2026-08-01,강원,양구군 국토면 구암리,기타,LED1,Aedes vexans,11,7,1,0,0,0,,N,,2026-08-06,오정주(ojj213),2026년,07월,4주
13,말라리아매개모기조사감시,강원도보건환경연구원,2026,7,4주,2026-08-01,강원,양구군 국토면 구암리,기타,LED1,Ochlerotatus koreicus,2,7,0,0,0,0,,N,,2026-08-06,오정주(ojj213),2026년,07월,4주
14,말라리아매개모기조사감시,강원도보건환경연구원,2026,7,4주,2026-08-01,강원,양구군 국토면 구암리,기타,LED1,Anopheles spp.,22,7,3,22,3,0,,N,,2026-08-06,오정주(ojj213),2026년,07월,4주
15,말라리아매개모기조사감시,강원도보건환경연구원,2026,7,4주,2026-08-01,강원,화천군 화천읍 신읍리,기타,LED1,Culex pipiens,6,7,0,0,0,0,,N,,2026-08-06,오정주(ojj213),2026년,07월,4주
16,말라리아매개모기조사감시,강원도보건환경연구원,2026,7,4주,2026-08-01,강원,화천군 화천읍 신읍리,기타,LED1,Culex orientalis,3,7,0,0,0,0,,N,,2026-08-06,오정주(ojj213),2026년,07월,4주
17,말라리아매개모기조사감시,강원도보건환경연구원,2026,7,4주,2026-08-01,강원,화천군 화천읍 신읍리,기타,LED1,Armigeres subalbatus,12,7,1,0,0,0,,N,,2026-08-06,오정주(ojj213),2026년,07월,4주
18,말라리아매개모기조사감시,강원도보건환경연구원,2026,7,4주,2026-08-01,강원,화천군 화천읍 신읍리,기타,LED1,Aedes vexans,10,7,1,0,0,0,,N,,2026-08-06,오정주(ojj213),2026년,07월,4주
19,말라리아매개모기조사감시,강원도보건환경연구원,2026,7,4주,2026-08-01,강원,화천군 화천읍 신읍리,기타,LED1,Ochlerotatus koreicus,66,7,9,0,0,0,,N,,2026-08-06,오정주(ojj213),2026년,07월,4주
20,말라리아매개모기조사감시,강원도보건환경연구원,2026,7,4주,2026-08-01,강원,화천군 화천읍 신읍리,기타,LED1,Aedes albopictus,2,7,0,0,0,0,,N,,2026-08-06,오정주(ojj213),2026년,07월,4주
21,말라리아매개모기조사감시,강원도보건환경연구원,2026,7,4주,2026-08-01,강원,화천군 화천읍 신읍리,기타,LED1,Anopheles spp.,6,7,0,6,1,0,,N,,2026-08-06,오정주(ojj213),2026년,07월,4주
22,말라리아매개모기조사감시,강원도보건환경연구원,2026,7,4주,2026-08-01,강원,철원군 김화읍 학사리,기타,LED1,기타,1,7,0,0,0,0,Tripteroides bambusa,N,,2026-08-06,오정주(ojj213),2026년,07월,4주
23,말라리아매개모기조사감시,강원도보건환경연구원,2026,7,4주,2026-08-01,강원,철원군 김화읍 학사리,기타,LED1,Culex pipiens,19,7,2,0,0,0,,N,,2026-08-06,오정주(ojj213),2026년,07월,4주
24,말라리아매개모기조사감시,강원도보건환경연구원,2026,7,4주,2026-08-01,강원,철원군 김화읍 학사리,기타,LED1,Culex orientalis,84,7,12,0,0,0,,N,,2026-08-06,오정주(ojj213),2026년,07월,4주
25,말라리아매개모기조사감시,강원도보건환경연구원,2026,7,4주,2026-08-01,강원,철원군 김화읍 학사리,기타,LED1,Armigeres subalbatus,31,7,4,0,0,0,,N,,2026-08-06,오정주(ojj213),2026년,07월,4주
26,말라리아매개모기조사감시,강원도보건환경연구원,2026,7,4주,2026-08-01,강원,철원군 김화읍 학사리,기타,LED1,Aedes vexans,40,7,5,0,0,0,,N,,2026-08-06,오정주(ojj213),2026년,07월,4주
27,말라리아매개모기조사감시,강원도보건환경연구원,2026,7,4주,2026-08-01,강원,철원군 김화읍 학사리,기타,LED1,Ochlerotatus koreicus,125,7,17,0,0,0,,N,,2026-08-06,오정주(ojj213),2026년,07월,4주
28,말라리아매개모기조사감시,강원도보건환경연구원,2026,7,4주,2026-08-01,강원,철원군 김화읍 학사리,기타,LED1,Aedes albopictus,56,7,8,0,0,0,,N,,2026-08-06,오정주(ojj213),2026년,07월,4주
29,말라리아매개모기조사감시,강원도보건환경연구원,2026,7,4주,2026-08-01,강원,철원군 김화읍 학사리,기타,LED1,Anopheles spp.,4,7,0,4,1,0,,N,,2026-08-06,오정주(ojj213),2026년,07월,4주
30,말라리아매개모기조사감시,강원도보건환경연구원,2026,7,4주,2026-08-01,강원,철원군 철원읍 대마리,기타,LED1,Culex tritaeniorhynchus,2,7,0,0,0,0,,N,,2026-08-06,오정주(ojj213),2026년,07월,4주
31,말라리아매개모기조사감시,강원도보건환경연구원,2026,7,4주,2026-08-01,강원,철원군 철원읍 대마리,기타,LED1,Culex pipiens,14,7,2,0,0,0,,N,,2026-08-06,오정주(ojj213),2026년,07월,4주
32,말라리아매개모기조사감시,강원도보건환경연구원,2026,7,4주,2026-08-01,강원,철원군 철원읍 대마리,기타,LED1,Culex orientalis,203,7,29,0,0,0,,N,,2026-08-06,오정주(ojj213),2026년,07월,4주
33,말라리아매개모기조사감시,강원도보건환경연구원,2026,7,4주,2026-08-01,강원,철원군 철원읍 대마리,기타,LED1,Armigeres subalbatus,8,7,1,0,0,0,,N,,2026-08-06,오정주(ojj213),2026년,07월,4주
34,말라리아매개모기조사감시,강원도보건환경연구원,2026,7,4주,2026-08-01,강원,철원군 철원읍 대마리,기타,LED1,Aedes vexans,48,7,6,0,0,0,,N,,2026-08-06,오정주(ojj213),2026년,07월,4주
35,말라리아매개모기조사감시,강원도보건환경연구원,2026,7,4주,2026-08-01,강원,철원군 철원읍 대마리,기타,LED1,Ochlerotatus koreicus,7,7,1,0,0,0,,N,,2026-08-06,오정주(ojj213),2026년,07월,4주
36,말라리아매개모기조사감시,강원도보건환경연구원,2026,7,4주,2026-08-01,강원,철원군 철원읍 대마리,기타,LED1,Anopheles spp.,51,7,7,51,6,0,,N,,2026-08-06,오정주(ojj213),2026년,07월,4주
37,말라리아매개모기조사감시,강원도보건환경연구원,2026,7,4주,2026-08-01,강원,춘천시 신북읍 지내리,기타,LED1,기타,1,7,0,0,0,0,Aedes hatorii,N,,2026-08-06,오정주(ojj213),2026년,07월,4주
38,말라리아매개모기조사감시,강원도보건환경연구원,2026,7,4주,2026-08-01,강원,춘천시 신북읍 지내리,기타,LED1,Culex pipiens,2,7,0,0,0,0,,N,,2026-08-06,오정주(ojj213),2026년,07월,4주
39,말라리아매개모기조사감시,강원도보건환경연구원,2026,7,4주,2026-08-01,강원,춘천시 신북읍 지내리,기타,LED1,Armigeres subalbatus,1,7,0,0,0,0,,N,,2026-08-06,오정주(ojj213),2026년,07월,4주
40,말라리아매개모기조사감시,강원도보건환경연구원,2026,7,4주,2026-08-01,강원,춘천시 신북읍 지내리,기타,LED1,Aedes vexans,4,7,0,0,0,0,,N,,2026-08-06,오정주(ojj213),2026년,07월,4주
41,말라리아매개모기조사감시,강원도보건환경연구원,2026,7,4주,2026-08-01,강원,춘천시 신북읍 지내리,기타,LED1,Ochlerotatus koreicus,3,7,0,0,0,0,,N,,2026-08-06,오정주(ojj213),2026년,07월,4주
42,말라리아매개모기조사감시,강원도보건환경연구원,2026,7,4주,2026-08-01,강원,춘천시 신북읍 지내리,기타,LED1,Aedes albopictus,1,7,0,0,0,0,,N,,2026-08-06,오정주(ojj213),2026년,07월,4주
43,말라리아매개모기조사감시,강원도보건환경연구원,2026,7,4주,2026-08-01,강원,춘천시 중앙동,기타,LED1,Culex tritaeniorhynchus,2,7,0,0,0,0,,N,,2026-08-06,오정주(ojj213),2026년,07월,4주
44,말라리아매개모기조사감시,강원도보건환경연구원,2026,7,4주,2026-08-01,강원,춘천시 중앙동,기타,LED1,Culex pipiens,93,7,13,0,0,0,,N,,2026-08-06,오정주(ojj213),2026년,07월,4주
45,말라리아매개모기조사감시,강원도보건환경연구원,2026,7,4주,2026-08-01,강원,춘천시 중앙동,기타,LED1,Culex orientalis,3,7,0,0,0,0,,N,,2026-08-06,오정주(ojj213),2026년,07월,4주
46,말라리아매개모기조사감시,강원도보건환경연구원,2026,7,4주,2026-08-01,강원,춘천시 중앙동,기타,LED1,Armigeres subalbatus,10,7,1,0,0,0,,N,,2026-08-06,오정주(ojj213),2026년,07월,4주
47,말라리아매개모기조사감시,강원도보건환경연구원,2026,7,4주,2026-08-01,강원,춘천시 중앙동,기타,LED1,Aedes vexans,11,7,1,0,0,0,,N,,2026-08-06,오정주(ojj213),2026년,07월,4주
48,말라리아매개모기조사감시,강원도보건환경연구원,2026,7,4주,2026-08-01,강원,춘천시 중앙동,기타,LED1,Ochlerotatus koreicus,9,7,1,0,0,0,,N,,2026-08-06,오정주(ojj213),2026년,07월,4주
49,말라리아매개모기조사감시,강원도보건환경연구원,2026,7,4주,2026-08-01,강원,춘천시 중앙동,기타,LED1,Aedes albopictus,41,7,5,0,0,0,,N,,2026-08-06,오정주(ojj213),2026년,07월,4주
50,말라리아매개모기조사감시,강원도보건환경연구원,2026,7,4주,2026-08-01,강원,춘천시 중앙동,기타,LED1,Anopheles spp.,5,7,0,5,1,0,,N,,2026-08-06,오정주(ojj213),2026년,07월,4주
51,말라리아매개모기조사감시,강원도보건환경연구원,2026,7,4주,2026-07-25,강원,고성군 현내면 명파리,기타,LED1,Culex pipiens,3,7,0,0,0,0,,N,,2026-07-30,오정주(ojj213),2026년,07월,4주
52,말라리아매개모기조사감시,강원도보건환경연구원,2026,7,4주,2026-07-25,강원,고성군 현내면 명파리,기타,LED1,Culex orientalis,1,7,0,0,0,0,,N,,2026-07-30,오정주(ojj213),2026년,07월,4주
53,말라리아매개모기조사감시,강원도보건환경연구원,2026,7,4주,2026-07-25,강원,고성군 현내면 명파리,기타,LED1,Armigeres subalbatus,2,7,0,0,0,0,,N,,2026-07-30,오정주(ojj213),2026년,07월,4주
54,말라리아매개모기조사감시,강원도보건환경연구원,2026,7,4주,2026-07-25,강원,고성군 현내면 명파리,기타,LED1,Aedes vexans,5,7,0,0,0,0,,N,,2026-07-30,오정주(ojj213),2026년,07월,4주
55,말라리아매개모기조사감시,강원도보건환경연구원,2026,7,4주,2026-07-25,강원,고성군 현내면 명파리,기타,LED1,Ochlerotatus koreicus,11,7,1,0,0,0,,N,,2026-07-30,오정주(ojj213),2026년,07월,4주
56,말라리아매개모기조사감시,강원도보건환경연구원,2026,7,4주,2026-07-25,강원,고성군 현내면 명파리,기타,LED1,Aedes albopictus,4,7,0,0,0,0,,N,,2026-07-30,오정주(ojj213),2026년,07월,4주
57,말라리아매개모기조사감시,강원도보건환경연구원,2026,7,4주,2026-07-25,강원,고성군 현내면 명파리,기타,LED1,Anopheles spp.,4,7,0,4,1,0,,N,,2026-07-30,오정주(ojj213),2026년,07월,4주
58,말라리아매개모기조사감시,강원도보건환경연구원,2026,7,4주,2026-07-25,강원,인제군 인제읍 덕산리,기타,LED1,Armigeres subalbatus,1,7,0,0,0,0,,N,,2026-07-30,오정주(ojj213),2026년,07월,4주
59,말라리아매개모기조사감시,강원도보건환경연구원,2026,7,4주,2026-07-25,강원,인제군 인제읍 덕산리,기타,LED1,Ochlerotatus koreicus,1,7,0,0,0,0,,N,,2026-07-30,오정주(ojj213),2026년,07월,4주
60,말라리아매개모기조사감시,강원도보건환경연구원,2026,7,4주,2026-07-25,강원,인제군 인제읍 덕산리,기타,LED1,Anopheles spp.,2,7,0,2,1,0,,N,,2026-07-30,오정주(ojj213),2026년,07월,4주
61,말라리아매개모기조사감시,강원도보건환경연구원,2026,7,4주,2026-07-25,강원,양구군 국토면 구암리,기타,LED1,미실시,0,7,0,0,0,0,장비 꺼짐,N,,2026-07-30,오정주(ojj213),2026년,07월,4주
62,말라리아매개모기조사감시,강원도보건환경연구원,2026,7,4주,2026-07-25,강원,화천군 화천읍 신읍리,기타,LED1,Culex pipiens,8,7,1,0,0,0,,N,,2026-07-30,오정주(ojj213),2026년,07월,4주
63,말라리아매개모기조사감시,강원도보건환경연구원,2026,7,4주,2026-07-25,강원,화천군 화천읍 신읍리,기타,LED1,Culex orientalis,3,7,0,0,0,0,,N,,2026-07-30,오정주(ojj213),2026년,07월,4주
64,말라리아매개모기조사감시,강원도보건환경연구원,2026,7,4주,2026-07-25,강원,화천군 화천읍 신읍리,기타,LED1,Armigeres subalbatus,8,7,1,0,0,0,,N,,2026-07-30,오정주(ojj213),2026년,07월,4주
65,말라리아매개모기조사감시,강원도보건환경연구원,2026,7,4주,2026-07-25,강원,화천군 화천읍 신읍리,기타,LED1,Aedes vexans,1,7,0,0,0,0,,N,,2026-07-30,오정주(ojj213),2026년,07월,4주
66,말라리아매개모기조사감시,강원도보건환경연구원,2026,7,4주,2026-07-25,강원,화천군 화천읍 신읍리,기타,LED1,Ochlerotatus koreicus,32,7,4,0,0,0,,N,,2026-07-30,오정주(ojj213),2026년,07월,4주
67,말라리아매개모기조사감시,강원도보건환경연구원,2026,7,4주,2026-07-25,강원,화천군 화천읍 신읍리,기타,LED1,Anopheles spp.,18,7,2,18,2,0,,N,,2026-07-30,오정주(ojj213),2026년,07월,4주
68,말라리아매개모기조사감시,강원도보건환경연구원,2026,7,4주,2026-07-25,강원,철원군 김화읍 학사리,기타,LED1,Culex pipiens,5,7,0,0,0,0,,N,,2026-07-30,오정주(ojj213),2026년,07월,4주
69,말라리아매개모기조사감시,강원도보건환경연구원,2026,7,4주,2026-07-25,강원,철원군 김화읍 학사리,기타,LED1,Culex orientalis,32,7,4,0,0,0,,N,,2026-07-30,오정주(ojj213),2026년,07월,4주
70,말라리아매개모기조사감시,강원도보건환경연구원,2026,7,4주,2026-07-25,강원,철원군 김화읍 학사리,기타,LED1,Armigeres subalbatus,11,7,1,0,0,0,,N,,2026-07-30,오정주(ojj213),2026년,07월,4주
71,말라리아매개모기조사감시,강원도보건환경연구원,2026,7,4주,2026-07-25,강원,철원군 김화읍 학사리,기타,LED1,Aedes vexans,1,7,0,0,0,0,,N,,2026-07-30,오정주(ojj213),2026년,07월,4주
72,말라리아매개모기조사감시,강원도보건환경연구원,2026,7,4주,2026-07-25,강원,철원군 김화읍 학사리,기타,LED1,Ochlerotatus koreicus,41,7,5,0,0,0,,N,,2026-07-30,오정주(ojj213),2026년,07월,4주
73,말라리아매개모기조사감시,강원도보건환경연구원,2026,7,4주,2026-07-25,강원,철원군 김화읍 학사리,기타,LED1,Aedes albopictus,32,7,4,0,0,0,,N,,2026-07-30,오정주(ojj213),2026년,07월,4주
74,말라리아매개모기조사감시,강원도보건환경연구원,2026,7,4주,2026-07-25,강원,철원군 김화읍 학사리,기타,LED1,Anopheles spp.,3,7,0,3,1,0,,N,,2026-07-30,오정주(ojj213),2026년,07월,4주
75,말라리아매개모기조사감시,강원도보건환경연구원,2026,7,4주,2026-07-25,강원,철원군 철원읍 대마리,기타,LED1,Culex pipiens,19,7,2,0,0,0,,N,,2026-07-30,오정주(ojj213),2026년,07월,4주
76,말라리아매개모기조사감시,강원도보건환경연구원,2026,7,4주,2026-07-25,강원,철원군 철원읍 대마리,기타,LED1,Culex orientalis,148,7,21,0,0,0,,N,,2026-07-30,오정주(ojj213),2026년,07월,4주
77,말라리아매개모기조사감시,강원도보건환경연구원,2026,7,4주,2026-07-25,강원,철원군 철원읍 대마리,기타,LED1,Culex bitaeniorhynchus,1,7,0,0,0,0,,N,,2026-07-30,오정주(ojj213),2026년,07월,4주
78,말라리아매개모기조사감시,강원도보건환경연구원,2026,7,4주,2026-07-25,강원,철원군 철원읍 대마리,기타,LED1,Armigeres subalbatus,3,7,0,0,0,0,,N,,2026-07-30,오정주(ojj213),2026년,07월,4주
79,말라리아매개모기조사감시,강원도보건환경연구원,2026,7,4주,2026-07-25,강원,철원군 철원읍 대마리,기타,LED1,Aedes vexans,7,7,1,0,0,0,,N,,2026-07-30,오정주(ojj213),2026년,07월,4주
80,말라리아매개모기조사감시,강원도보건환경연구원,2026,7,4주,2026-07-25,강원,철원군 철원읍 대마리,기타,LED1,Ochlerotatus koreicus,11,7,1,0,0,0,,N,,2026-07-30,오정주(ojj213),2026년,07월,4주
81,말라리아매개모기조사감시,강원도보건환경연구원,2026,7,4주,2026-07-25,강원,철원군 철원읍 대마리,기타,LED1,Aedes albopictus,3,7,0,0,0,0,,N,,2026-07-30,오정주(ojj213),2026년,07월,4주
82,말라리아매개모기조사감시,강원도보건환경연구원,2026,7,4주,2026-07-25,강원,철원군 철원읍 대마리,기타,LED1,Anopheles spp.,50,7,7,50,5,0,,N,,2026-07-30,오정주(ojj213),2026년,07월,4주
83,말라리아매개모기조사감시,강원도보건환경연구원,2026,7,4주,2026-07-25,강원,춘천시 신북읍 지내리,기타,LED1,Culex orientalis,1,7,0,0,0,0,,N,,2026-07-30,오정주(ojj213),2026년,07월,4주
84,말라리아매개모기조사감시,강원도보건환경연구원,2026,7,4주,2026-07-25,강원,춘천시 신북읍 지내리,기타,LED1,Armigeres subalbatus,1,7,0,0,0,0,,N,,2026-07-30,오정주(ojj213),2026년,07월,4주
85,말라리아매개모기조사감시,강원도보건환경연구원,2026,7,4주,2026-07-25,강원,춘천시 신북읍 지내리,기타,LED1,Ochlerotatus koreicus,1,7,0,0,0,0,,N,,2026-07-30,오정주(ojj213),2026년,07월,4주
86,말라리아매개모기조사감시,강원도보건환경연구원,2026,7,4주,2026-07-25,강원,춘천시 신북읍 지내리,기타,LED1,Aedes albopictus,1,7,0,0,0,0,,N,,2026-07-30,오정주(ojj213),2026년,07월,4주
87,말라리아매개모기조사감시,강원도보건환경연구원,2026,7,4주,2026-07-25,강원,춘천시 신북읍 지내리,기타,LED1,Anopheles spp.,4,7,0,4,1,0,,N,,2026-07-30,오정주(ojj213),2026년,07월,4주
88,말라리아매개모기조사감시,강원도보건환경연구원,2026,7,4주,2026-07-25,강원,춘천시 중앙동,기타,LED1,Culex pipiens,70,7,10,0,0,0,,N,,2026-07-30,오정주(ojj213),2026년,07월,4주
89,말라리아매개모기조사감시,강원도보건환경연구원,2026,7,4주,2026-07-25,강원,춘천시 중앙동,기타,LED1,Culex orientalis,2,7,0,0,0,0,,N,,2026-07-30,오정주(ojj213),2026년,07월,4주
90,말라리아매개모기조사감시,강원도보건환경연구원,2026,7,4주,2026-07-25,강원,춘천시 중앙동,기타,LED1,Armigeres subalbatus,8,7,1,0,0,0,,N,,2026-07-30,오정주(ojj213),2026년,07월,4주
91,말라리아매개모기조사감시,강원도보건환경연구원,2026,7,4주,2026-07-25,강원,춘천시 중앙동,기타,LED1,Ochlerotatus koreicus,5,7,0,0,0,0,,N,,2026-07-30,오정주(ojj213),2026년,07월,4주
92,말라리아매개모기조사감시,강원도보건환경연구원,2026,7,4주,2026-07-25,강원,춘천시 중앙동,기타,LED1,Aedes albopictus,16,7,2,0,0,0,,N,,2026-07-30,오정주(ojj213),2026년,07월,4주
93,말라리아매개모기조사감시,강원도보건환경연구원,2026,7,4주,2026-07-25,강원,춘천시 중앙동,기타,LED1,Anopheles spp.,11,7,1,11,2,0,,N,,2026-07-30,오정주(ojj213),2026년,07월,4주
94,말라리아매개모기조사감시,강원도보건환경연구원,2026,7,3주,2026-07-18,강원,고성군 현내면 명파리,기타,LED1,Aedes vexans,9,7,1,0,0,0,,N,,2026-07-24,오정주(ojj213),2026년,07월,3주
95,말라리아매개모기조사감시,강원도보건환경연구원,2026,7,3주,2026-07-18,강원,고성군 현내면 명파리,기타,LED1,Ochlerotatus koreicus,1,7,0,0,0,0,,N,,2026-07-24,오정주(ojj213),2026년,07월,3주
96,말라리아매개모기조사감시,강원도보건환경연구원,2026,7,3주,2026-07-18,강원,고성군 현내면 명파리,기타,LED1,Aedes albopictus,2,7,0,0,0,0,,N,,2026-07-24,오정주(ojj213),2026년,07월,3주
97,말라리아매개모기조사감시,강원도보건환경연구원,2026,7,3주,2026-07-18,강원,고성군 현내면 명파리,기타,LED1,Anopheles spp.,2,7,0,2,1,0,,N,,2026-07-24,오정주(ojj213),2026년,07월,3주
98,말라리아매개모기조사감시,강원도보건환경연구원,2026,7,3주,2026-07-18,강원,인제군 인제읍 덕산리,기타,LED1,Culex pipiens,2,7,0,0,0,0,,N,,2026-07-24,오정주(ojj213),2026년,07월,3주
99,말라리아매개모기조사감시,강원도보건환경연구원,2026,7,3주,2026-07-18,강원,인제군 인제읍 덕산리,기타,LED1,Aedes vexans,2,7,0,0,0,0,,N,,2026-07-24,오정주(ojj213),2026년,07월,3주
100,말라리아매개모기조사감시,강원도보건환경연구원,2026,7,3주,2026-07-18,강원,인제군 인제읍 덕산리,기타,LED1,Ochlerotatus koreicus,5,7,0,0,0,0,,N,,2026-07-24,오정주(ojj213),2026년,07월,3주
101,말라리아매개모기조사감시,강원도보건환경연구원,2026,7,3주,2026-07-18,강원,양구군 국토면 구암리,기타,LED1,Aedes vexans,1,7,0,0,0,0,,N,,2026-07-24,오정주(ojj213),2026년,07월,3주
102,말라리아매개모기조사감시,강원도보건환경연구원,2026,7,3주,2026-07-18,강원,양구군 국토면 구암리,기타,LED1,Anopheles spp.,4,7,0,4,1,0,,N,,2026-07-24,오정주(ojj213),2026년,07월,3주
103,말라리아매개모기조사감시,강원도보건환경연구원,2026,7,3주,2026-07-18,강원,화천군 화천읍 신읍리,기타,LED1,Culex pipiens,7,7,1,0,0,0,,N,,2026-07-24,오정주(ojj213),2026년,07월,3주
104,말라리아매개모기조사감시,강원도보건환경연구원,2026,7,3주,2026-07-18,강원,화천군 화천읍 신읍리,기타,LED1,Culex orientalis,4,7,0,0,0,0,,N,,2026-07-24,오정주(ojj213),2026년,07월,3주
105,말라리아매개모기조사감시,강원도보건환경연구원,2026,7,3주,2026-07-18,강원,화천군 화천읍 신읍리,기타,LED1,Armigeres subalbatus,4,7,0,0,0,0,,N,,2026-07-24,오정주(ojj213),2026년,07월,3주
106,말라리아매개모기조사감시,강원도보건환경연구원,2026,7,3주,2026-07-18,강원,화천군 화천읍 신읍리,기타,LED1,Aedes vexans,6,7,0,0,0,0,,N,,2026-07-24,오정주(ojj213),2026년,07월,3주
107,말라리아매개모기조사감시,강원도보건환경연구원,2026,7,3주,2026-07-18,강원,화천군 화천읍 신읍리,기타,LED1,Ochlerotatus koreicus,51,7,7,0,0,0,,N,,2026-07-24,오정주(ojj213),2026년,07월,3주
108,말라리아매개모기조사감시,강원도보건환경연구원,2026,7,3주,2026-07-18,강원,화천군 화천읍 신읍리,기타,LED1,Anopheles spp.,17,7,2,17,2,0,,N,,2026-07-24,오정주(ojj213),2026년,07월,3주
109,말라리아매개모기조사감시,강원도보건환경연구원,2026,7,3주,2026-07-18,강원,철원군 김화읍 학사리,기타,LED1,기타,1,7,0,0,0,0,Aedes hatorii,N,,2026-07-24,오정주(ojj213),2026년,07월,3주
110,말라리아매개모기조사감시,강원도보건환경연구원,2026,7,3주,2026-07-18,강원,철원군 김화읍 학사리,기타,LED1,Culex pipiens,2,7,0,0,0,0,,N,,2026-07-24,오정주(ojj213),2026년,07월,3주
111,말라리아매개모기조사감시,강원도보건환경연구원,2026,7,3주,2026-07-18,강원,철원군 김화읍 학사리,기타,LED1,Culex orientalis,12,7,1,0,0,0,,N,,2026-07-24,오정주(ojj213),2026년,07월,3주
112,말라리아매개모기조사감시,강원도보건환경연구원,2026,7,3주,2026-07-18,강원,철원군 김화읍 학사리,기타,LED1,Culex bitaeniorhynchus,1,7,0,0,0,0,,N,,2026-07-24,오정주(ojj213),2026년,07월,3주
113,말라리아매개모기조사감시,강원도보건환경연구원,2026,7,3주,2026-07-18,강원,철원군 김화읍 학사리,기타,LED1,Armigeres subalbatus,11,7,1,0,0,0,,N,,2026-07-24,오정주(ojj213),2026년,07월,3주
114,말라리아매개모기조사감시,강원도보건환경연구원,2026,7,3주,2026-07-18,강원,철원군 김화읍 학사리,기타,LED1,Ochlerotatus koreicus,64,7,9,0,0,0,,N,,2026-07-24,오정주(ojj213),2026년,07월,3주
115,말라리아매개모기조사감시,강원도보건환경연구원,2026,7,3주,2026-07-18,강원,철원군 김화읍 학사리,기타,LED1,Aedes albopictus,12,7,1,0,0,0,,N,,2026-07-24,오정주(ojj213),2026년,07월,3주
116,말라리아매개모기조사감시,강원도보건환경연구원,2026,7,3주,2026-07-18,강원,철원군 김화읍 학사리,기타,LED1,Anopheles spp.,3,7,0,3,1,0,,N,,2026-07-24,오정주(ojj213),2026년,07월,3주
117,말라리아매개모기조사감시,강원도보건환경연구원,2026,7,3주,2026-07-18,강원,철원군 철원읍 대마리,기타,LED1,Culex pipiens,46,7,6,0,0,0,,N,,2026-07-24,오정주(ojj213),2026년,07월,3주
118,말라리아매개모기조사감시,강원도보건환경연구원,2026,7,3주,2026-07-18,강원,철원군 철원읍 대마리,기타,LED1,Culex orientalis,74,7,10,0,0,0,,N,,2026-07-24,오정주(ojj213),2026년,07월,3주
119,말라리아매개모기조사감시,강원도보건환경연구원,2026,7,3주,2026-07-18,강원,철원군 철원읍 대마리,기타,LED1,Aedes vexans,53,7,7,0,0,0,,N,,2026-07-24,오정주(ojj213),2026년,07월,3주
120,말라리아매개모기조사감시,강원도보건환경연구원,2026,7,3주,2026-07-18,강원,철원군 철원읍 대마리,기타,LED1,Ochlerotatus koreicus,5,7,0,0,0,0,,N,,2026-07-24,오정주(ojj213),2026년,07월,3주
121,말라리아매개모기조사감시,강원도보건환경연구원,2026,7,3주,2026-07-18,강원,철원군 철원읍 대마리,기타,LED1,Aedes albopictus,2,7,0,0,0,0,,N,,2026-07-24,오정주(ojj213),2026년,07월,3주
122,말라리아매개모기조사감시,강원도보건환경연구원,2026,7,3주,2026-07-18,강원,철원군 철원읍 대마리,기타,LED1,Anopheles spp.,74,7,10,74,8,0,,N,,2026-07-24,오정주(ojj213),2026년,07월,3주
123,말라리아매개모기조사감시,강원도보건환경연구원,2026,7,3주,2026-07-18,강원,춘천시 신북읍 지내리,기타,LED1,Culex pipiens,1,7,0,0,0,0,,N,,2026-07-24,오정주(ojj213),2026년,07월,3주
124,말라리아매개모기조사감시,강원도보건환경연구원,2026,7,3주,2026-07-18,강원,춘천시 신북읍 지내리,기타,LED1,Culex orientalis,2,7,0,0,0,0,,N,,2026-07-24,오정주(ojj213),2026년,07월,3주
125,말라리아매개모기조사감시,강원도보건환경연구원,2026,7,3주,2026-07-18,강원,춘천시 신북읍 지내리,기타,LED1,Ochlerotatus koreicus,2,7,0,0,0,0,,N,,2026-07-24,오정주(ojj213),2026년,07월,3주
126,말라리아매개모기조사감시,강원도보건환경연구원,2026,7,3주,2026-07-18,강원,춘천시 신북읍 지내리,기타,LED1,Anopheles spp.,5,7,0,5,1,0,,N,,2026-07-24,오정주(ojj213),2026년,07월,3주
127,말라리아매개모기조사감시,강원도보건환경연구원,2026,7,3주,2026-07-18,강원,춘천시 중앙동,기타,LED1,Culex pipiens,94,7,13,0,0,0,,N,,2026-07-24,오정주(ojj213),2026년,07월,3주
128,말라리아매개모기조사감시,강원도보건환경연구원,2026,7,3주,2026-07-18,강원,춘천시 중앙동,기타,LED1,Culex orientalis,4,7,0,0,0,0,,N,,2026-07-24,오정주(ojj213),2026년,07월,3주
129,말라리아매개모기조사감시,강원도보건환경연구원,2026,7,3주,2026-07-18,강원,춘천시 중앙동,기타,LED1,Armigeres subalbatus,2,7,0,0,0,0,,N,,2026-07-24,오정주(ojj213),2026년,07월,3주
130,말라리아매개모기조사감시,강원도보건환경연구원,2026,7,3주,2026-07-18,강원,춘천시 중앙동,기타,LED1,Aedes vexans,1,7,0,0,0,0,,N,,2026-07-24,오정주(ojj213),2026년,07월,3주
131,말라리아매개모기조사감시,강원도보건환경연구원,2026,7,3주,2026-07-18,강원,춘천시 중앙동,기타,LED1,Ochlerotatus koreicus,10,7,1,0,0,0,,N,,2026-07-24,오정주(ojj213),2026년,07월,3주
132,말라리아매개모기조사감시,강원도보건환경연구원,2026,7,3주,2026-07-18,강원,춘천시 중앙동,기타,LED1,Aedes albopictus,11,7,1,0,0,0,,N,,2026-07-24,오정주(ojj213),2026년,07월,3주
133,말라리아매개모기조사감시,강원도보건환경연구원,2026,7,3주,2026-07-18,강원,춘천시 중앙동,기타,LED1,Anopheles spp.,26,7,3,26,3,0,,N,,2026-07-24,오정주(ojj213),2026년,07월,3주
134,말라리아매개모기조사감시,강원도보건환경연구원,2026,7,2주,2026-07-11,강원,고성군 현내면 명파리,기타,LED1,Culex pipiens,2,7,0,0,0,0,,N,,2026-07-16,오정주(ojj213),2026년,07월,2주
135,말라리아매개모기조사감시,강원도보건환경연구원,2026,7,2주,2026-07-11,강원,고성군 현내면 명파리,기타,LED1,Culex orientalis,1,7,0,0,0,0,,N,,2026-07-16,오정주(ojj213),2026년,07월,2주
136,말라리아매개모기조사감시,강원도보건환경연구원,2026,7,2주,2026-07-11,강원,고성군 현내면 명파리,기타,LED1,Aedes vexans,20,7,2,0,0,0,,N,,2026-07-16,오정주(ojj213),2026년,07월,2주
137,말라리아매개모기조사감시,강원도보건환경연구원,2026,7,2주,2026-07-11,강원,고성군 현내면 명파리,기타,LED1,Ochlerotatus koreicus,10,7,1,0,0,0,,N,,2026-07-16,오정주(ojj213),2026년,07월,2주
138,말라리아매개모기조사감시,강원도보건환경연구원,2026,7,2주,2026-07-11,강원,고성군 현내면 명파리,기타,LED1,Aedes albopictus,3,7,0,0,0,0,,N,,2026-07-16,오정주(ojj213),2026년,07월,2주
139,말라리아매개모기조사감시,강원도보건환경연구원,2026,7,2주,2026-07-11,강원,고성군 현내면 명파리,기타,LED1,Anopheles spp.,1,7,0,1,1,0,,N,,2026-07-16,오정주(ojj213),2026년,07월,2주
140,말라리아매개모기조사감시,강원도보건환경연구원,2026,7,2주,2026-07-11,강원,인제군 인제읍 덕산리,기타,LED1,Culex pipiens,1,7,0,0,0,0,,N,,2026-07-16,오정주(ojj213),2026년,07월,2주
141,말라리아매개모기조사감시,강원도보건환경연구원,2026,7,2주,2026-07-11,강원,인제군 인제읍 덕산리,기타,LED1,Culex orientalis,1,7,0,0,0,0,,N,,2026-07-16,오정주(ojj213),2026년,07월,2주
142,말라리아매개모기조사감시,강원도보건환경연구원,2026,7,2주,2026-07-11,강원,인제군 인제읍 덕산리,기타,LED1,Armigeres subalbatus,1,7,0,0,0,0,,N,,2026-07-16,오정주(ojj213),2026년,07월,2주
143,말라리아매개모기조사감시,강원도보건환경연구원,2026,7,2주,2026-07-11,강원,인제군 인제읍 덕산리,기타,LED1,Ochlerotatus koreicus,3,7,0,0,0,0,,N,,2026-07-16,오정주(ojj213),2026년,07월,2주
144,말라리아매개모기조사감시,강원도보건환경연구원,2026,7,2주,2026-07-11,강원,인제군 인제읍 덕산리,기타,LED1,Anopheles spp.,2,7,0,2,1,0,,N,,2026-07-16,오정주(ojj213),2026년,07월,2주
145,말라리아매개모기조사감시,강원도보건환경연구원,2026,7,2주,2026-07-11,강원,양구군 국토면 구암리,기타,LED1,Culex pipiens,1,7,0,0,0,0,,N,,2026-07-16,오정주(ojj213),2026년,07월,2주
146,말라리아매개모기조사감시,강원도보건환경연구원,2026,7,2주,2026-07-11,강원,양구군 국토면 구암리,기타,LED1,Aedes vexans,8,7,1,0,0,0,,N,,2026-07-16,오정주(ojj213),2026년,07월,2주
147,말라리아매개모기조사감시,강원도보건환경연구원,2026,7,2주,2026-07-11,강원,양구군 국토면 구암리,기타,LED1,Ochlerotatus koreicus,1,7,0,0,0,0,,N,,2026-07-16,오정주(ojj213),2026년,07월,2주
148,말라리아매개모기조사감시,강원도보건환경연구원,2026,7,2주,2026-07-11,강원,양구군 국토면 구암리,기타,LED1,Anopheles spp.,11,7,1,11,2,0,,N,,2026-07-16,오정주(ojj213),2026년,07월,2주
149,말라리아매개모기조사감시,강원도보건환경연구원,2026,7,2주,2026-07-11,강원,화천군 화천읍 신읍리,기타,LED1,Culex pipiens,6,7,0,0,0,0,,N,,2026-07-16,오정주(ojj213),2026년,07월,2주
150,말라리아매개모기조사감시,강원도보건환경연구원,2026,7,2주,2026-07-11,강원,화천군 화천읍 신읍리,기타,LED1,Culex orientalis,5,7,0,0,0,0,,N,,2026-07-16,오정주(ojj213),2026년,07월,2주
151,말라리아매개모기조사감시,강원도보건환경연구원,2026,7,2주,2026-07-11,강원,화천군 화천읍 신읍리,기타,LED1,Armigeres subalbatus,6,7,0,0,0,0,,N,,2026-07-16,오정주(ojj213),2026년,07월,2주
152,말라리아매개모기조사감시,강원도보건환경연구원,2026,7,2주,2026-07-11,강원,화천군 화천읍 신읍리,기타,LED1,Aedes vexans,6,7,0,0,0,0,,N,,2026-07-16,오정주(ojj213),2026년,07월,2주
153,말라리아매개모기조사감시,강원도보건환경연구원,2026,7,2주,2026-07-11,강원,화천군 화천읍 신읍리,기타,LED1,Ochlerotatus koreicus,36,7,5,0,0,0,,N,,2026-07-16,오정주(ojj213),2026년,07월,2주
154,말라리아매개모기조사감시,강원도보건환경연구원,2026,7,2주,2026-07-11,강원,화천군 화천읍 신읍리,기타,LED1,Aedes albopictus,1,7,0,0,0,0,,N,,2026-07-16,오정주(ojj213),2026년,07월,2주
155,말라리아매개모기조사감시,강원도보건환경연구원,2026,7,2주,2026-07-11,강원,화천군 화천읍 신읍리,기타,LED1,Anopheles spp.,31,7,4,31,4,0,,N,,2026-07-16,오정주(ojj213),2026년,07월,2주
156,말라리아매개모기조사감시,강원도보건환경연구원,2026,7,2주,2026-07-11,강원,철원군 김화읍 학사리,기타,LED1,Culex pipiens,3,7,0,0,0,0,,N,,2026-07-16,오정주(ojj213),2026년,07월,2주
157,말라리아매개모기조사감시,강원도보건환경연구원,2026,7,2주,2026-07-11,강원,철원군 김화읍 학사리,기타,LED1,Culex orientalis,9,7,1,0,0,0,,N,,2026-07-16,오정주(ojj213),2026년,07월,2주
158,말라리아매개모기조사감시,강원도보건환경연구원,2026,7,2주,2026-07-11,강원,철원군 김화읍 학사리,기타,LED1,Armigeres subalbatus,14,7,2,0,0,0,,N,,2026-07-16,오정주(ojj213),2026년,07월,2주
159,말라리아매개모기조사감시,강원도보건환경연구원,2026,7,2주,2026-07-11,강원,철원군 김화읍 학사리,기타,LED1,Aedes vexans,1,7,0,0,0,0,,N,,2026-07-16,오정주(ojj213),2026년,07월,2주
160,말라리아매개모기조사감시,강원도보건환경연구원,2026,7,2주,2026-07-11,강원,철원군 김화읍 학사리,기타,LED1,Ochlerotatus koreicus,46,7,6,0,0,0,,N,,2026-07-16,오정주(ojj213),2026년,07월,2주
161,말라리아매개모기조사감시,강원도보건환경연구원,2026,7,2주,2026-07-11,강원,철원군 김화읍 학사리,기타,LED1,Aedes albopictus,26,7,3,0,0,0,,N,,2026-07-16,오정주(ojj213),2026년,07월,2주
162,말라리아매개모기조사감시,강원도보건환경연구원,2026,7,2주,2026-07-11,강원,철원군 철원읍 대마리,기타,LED1,Culex pipiens,29,7,4,0,0,0,,N,,2026-07-16,오정주(ojj213),2026년,07월,2주
163,말라리아매개모기조사감시,강원도보건환경연구원,2026,7,2주,2026-07-11,강원,철원군 철원읍 대마리,기타,LED1,Culex orientalis,23,7,3,0,0,0,,N,,2026-07-16,오정주(ojj213),2026년,07월,2주
164,말라리아매개모기조사감시,강원도보건환경연구원,2026,7,2주,2026-07-11,강원,철원군 철원읍 대마리,기타,LED1,Armigeres subalbatus,3,7,0,0,0,0,,N,,2026-07-16,오정주(ojj213),2026년,07월,2주
165,말라리아매개모기조사감시,강원도보건환경연구원,2026,7,2주,2026-07-11,강원,철원군 철원읍 대마리,기타,LED1,Aedes vexans,26,7,3,0,0,0,,N,,2026-07-16,오정주(ojj213),2026년,07월,2주
166,말라리아매개모기조사감시,강원도보건환경연구원,2026,7,2주,2026-07-11,강원,철원군 철원읍 대마리,기타,LED1,Ochlerotatus koreicus,5,7,0,0,0,0,,N,,2026-07-16,오정주(ojj213),2026년,07월,2주
167,말라리아매개모기조사감시,강원도보건환경연구원,2026,7,2주,2026-07-11,강원,철원군 철원읍 대마리,기타,LED1,Anopheles spp.,32,7,4,32,4,0,,N,,2026-07-16,오정주(ojj213),2026년,07월,2주
168,말라리아매개모기조사감시,강원도보건환경연구원,2026,7,2주,2026-07-11,강원,춘천시 신북읍 지내리,기타,LED1,Culex pipiens,3,7,0,0,0,0,,N,,2026-07-16,오정주(ojj213),2026년,07월,2주
169,말라리아매개모기조사감시,강원도보건환경연구원,2026,7,2주,2026-07-11,강원,춘천시 신북읍 지내리,기타,LED1,Culex orientalis,1,7,0,0,0,0,,N,,2026-07-16,오정주(ojj213),2026년,07월,2주
170,말라리아매개모기조사감시,강원도보건환경연구원,2026,7,2주,2026-07-11,강원,춘천시 신북읍 지내리,기타,LED1,Aedes vexans,1,7,0,0,0,0,,N,,2026-07-16,오정주(ojj213),2026년,07월,2주
171,말라리아매개모기조사감시,강원도보건환경연구원,2026,7,2주,2026-07-11,강원,춘천시 신북읍 지내리,기타,LED1,Ochlerotatus koreicus,5,7,0,0,0,0,,N,,2026-07-16,오정주(ojj213),2026년,07월,2주
172,말라리아매개모기조사감시,강원도보건환경연구원,2026,7,2주,2026-07-11,강원,춘천시 신북읍 지내리,기타,LED1,Anopheles spp.,8,7,1,8,1,0,,N,,2026-07-16,오정주(ojj213),2026년,07월,2주
173,말라리아매개모기조사감시,강원도보건환경연구원,2026,7,2주,2026-07-11,강원,춘천시 중앙동,기타,LED1,Culex pipiens,101,7,14,0,0,0,,N,,2026-07-16,오정주(ojj213),2026년,07월,2주
174,말라리아매개모기조사감시,강원도보건환경연구원,2026,7,2주,2026-07-11,강원,춘천시 중앙동,기타,LED1,Culex orientalis,4,7,0,0,0,0,,N,,2026-07-16,오정주(ojj213),2026년,07월,2주
175,말라리아매개모기조사감시,강원도보건환경연구원,2026,7,2주,2026-07-11,강원,춘천시 중앙동,기타,LED1,Aedes vexans,1,7,0,0,0,0,,N,,2026-07-16,오정주(ojj213),2026년,07월,2주
176,말라리아매개모기조사감시,강원도보건환경연구원,2026,7,2주,2026-07-11,강원,춘천시 중앙동,기타,LED1,Ochlerotatus koreicus,10,7,1,0,0,0,,N,,2026-07-16,오정주(ojj213),2026년,07월,2주
177,말라리아매개모기조사감시,강원도보건환경연구원,2026,7,2주,2026-07-11,강원,춘천시 중앙동,기타,LED1,Aedes albopictus,18,7,2,0,0,0,,N,,2026-07-16,오정주(ojj213),2026년,07월,2주
178,말라리아매개모기조사감시,강원도보건환경연구원,2026,7,2주,2026-07-11,강원,춘천시 중앙동,기타,LED1,Anopheles spp.,18,7,2,18,2,0,,N,,2026-07-16,오정주(ojj213),2026년,07월,2주
179,말라리아매개모기조사감시,강원도보건환경연구원,2026,7,1주,2026-07-04,강원,고성군 현내면 명파리,기타,LED1,Aedes vexans,5,7,0,0,0,0,,N,,2026-07-10,오정주(ojj213),2026년,07월,1주
180,말라리아매개모기조사감시,강원도보건환경연구원,2026,7,1주,2026-07-04,강원,고성군 현내면 명파리,기타,LED1,Ochlerotatus koreicus,4,7,0,0,0,0,,N,,2026-07-10,오정주(ojj213),2026년,07월,1주
181,말라리아매개모기조사감시,강원도보건환경연구원,2026,7,1주,2026-07-04,강원,인제군 인제읍 덕산리,기타,LED1,Aedes vexans,4,7,0,0,0,0,,N,,2026-07-10,오정주(ojj213),2026년,07월,1주
182,말라리아매개모기조사감시,강원도보건환경연구원,2026,7,1주,2026-07-04,강원,인제군 인제읍 덕산리,기타,LED1,Anopheles spp.,2,7,0,2,1,0,,N,,2026-07-10,오정주(ojj213),2026년,07월,1주
183,말라리아매개모기조사감시,강원도보건환경연구원,2026,7,1주,2026-07-04,강원,양구군 국토면 구암리,기타,LED1,Culex orientalis,2,7,0,0,0,0,,N,,2026-07-10,오정주(ojj213),2026년,07월,1주
184,말라리아매개모기조사감시,강원도보건환경연구원,2026,7,1주,2026-07-04,강원,양구군 국토면 구암리,기타,LED1,Aedes vexans,37,7,5,0,0,0,,N,,2026-07-10,오정주(ojj213),2026년,07월,1주
185,말라리아매개모기조사감시,강원도보건환경연구원,2026,7,1주,2026-07-04,강원,양구군 국토면 구암리,기타,LED1,Ochlerotatus koreicus,2,7,0,0,0,0,,N,,2026-07-10,오정주(ojj213),2026년,07월,1주
186,말라리아매개모기조사감시,강원도보건환경연구원,2026,7,1주,2026-07-04,강원,양구군 국토면 구암리,기타,LED1,Anopheles spp.,34,7,4,34,4,0,,N,,2026-07-10,오정주(ojj213),2026년,07월,1주
187,말라리아매개모기조사감시,강원도보건환경연구원,2026,7,1주,2026-07-04,강원,화천군 화천읍 신읍리,기타,LED1,Culex pipiens,5,7,0,0,0,0,,N,,2026-07-10,오정주(ojj213),2026년,07월,1주
188,말라리아매개모기조사감시,강원도보건환경연구원,2026,7,1주,2026-07-04,강원,화천군 화천읍 신읍리,기타,LED1,Culex orientalis,5,7,0,0,0,0,,N,,2026-07-10,오정주(ojj213),2026년,07월,1주
189,말라리아매개모기조사감시,강원도보건환경연구원,2026,7,1주,2026-07-04,강원,화천군 화천읍 신읍리,기타,LED1,Armigeres subalbatus,9,7,1,0,0,0,,N,,2026-07-10,오정주(ojj213),2026년,07월,1주
190,말라리아매개모기조사감시,강원도보건환경연구원,2026,7,1주,2026-07-04,강원,화천군 화천읍 신읍리,기타,LED1,Aedes vexans,18,7,2,0,0,0,,N,,2026-07-10,오정주(ojj213),2026년,07월,1주
191,말라리아매개모기조사감시,강원도보건환경연구원,2026,7,1주,2026-07-04,강원,화천군 화천읍 신읍리,기타,LED1,Ochlerotatus koreicus,41,7,5,0,0,0,,N,,2026-07-10,오정주(ojj213),2026년,07월,1주
192,말라리아매개모기조사감시,강원도보건환경연구원,2026,7,1주,2026-07-04,강원,화천군 화천읍 신읍리,기타,LED1,Aedes albopictus,1,7,0,0,0,0,,N,,2026-07-10,오정주(ojj213),2026년,07월,1주
193,말라리아매개모기조사감시,강원도보건환경연구원,2026,7,1주,2026-07-04,강원,화천군 화천읍 신읍리,기타,LED1,Anopheles spp.,32,7,4,32,4,0,,N,,2026-07-10,오정주(ojj213),2026년,07월,1주
194,말라리아매개모기조사감시,강원도보건환경연구원,2026,7,1주,2026-07-04,강원,철원군 김화읍 학사리,기타,LED1,Culex pipiens,16,7,2,0,0,0,,N,,2026-07-10,오정주(ojj213),2026년,07월,1주
195,말라리아매개모기조사감시,강원도보건환경연구원,2026,7,1주,2026-07-04,강원,철원군 김화읍 학사리,기타,LED1,Culex orientalis,36,7,5,0,0,0,,N,,2026-07-10,오정주(ojj213),2026년,07월,1주
196,말라리아매개모기조사감시,강원도보건환경연구원,2026,7,1주,2026-07-04,강원,철원군 김화읍 학사리,기타,LED1,Armigeres subalbatus,5,7,0,0,0,0,,N,,2026-07-10,오정주(ojj213),2026년,07월,1주
197,말라리아매개모기조사감시,강원도보건환경연구원,2026,7,1주,2026-07-04,강원,철원군 김화읍 학사리,기타,LED1,Aedes vexans,143,7,20,0,0,0,,N,,2026-07-10,오정주(ojj213),2026년,07월,1주
198,말라리아매개모기조사감시,강원도보건환경연구원,2026,7,1주,2026-07-04,강원,철원군 김화읍 학사리,기타,LED1,Ochlerotatus koreicus,7,7,1,0,0,0,,N,,2026-07-10,오정주(ojj213),2026년,07월,1주
199,말라리아매개모기조사감시,강원도보건환경연구원,2026,7,1주,2026-07-04,강원,철원군 김화읍 학사리,기타,LED1,Anopheles spp.,12,7,1,12,2,0,,N,,2026-07-10,오정주(ojj213),2026년,07월,1주
200,말라리아매개모기조사감시,강원도보건환경연구원,2026,7,1주,2026-07-04,강원,철원군 철원읍 대마리,기타,LED1,Culex pipiens,4,7,0,0,0,0,,N,,2026-07-10,오정주(ojj213),2026년,07월,1주
201,말라리아매개모기조사감시,강원도보건환경연구원,2026,7,1주,2026-07-04,강원,철원군 철원읍 대마리,기타,LED1,Culex orientalis,11,7,1,0,0,0,,N,,2026-07-10,오정주(ojj213),2026년,07월,1주
202,말라리아매개모기조사감시,강원도보건환경연구원,2026,7,1주,2026-07-04,강원,철원군 철원읍 대마리,기타,LED1,Armigeres subalbatus,9,7,1,0,0,0,,N,,2026-07-10,오정주(ojj213),2026년,07월,1주
203,말라리아매개모기조사감시,강원도보건환경연구원,2026,7,1주,2026-07-04,강원,철원군 철원읍 대마리,기타,LED1,Aedes vexans,7,7,1,0,0,0,,N,,2026-07-10,오정주(ojj213),2026년,07월,1주
204,말라리아매개모기조사감시,강원도보건환경연구원,2026,7,1주,2026-07-04,강원,철원군 철원읍 대마리,기타,LED1,Ochlerotatus koreicus,88,7,12,0,0,0,,N,,2026-07-10,오정주(ojj213),2026년,07월,1주
205,말라리아매개모기조사감시,강원도보건환경연구원,2026,7,1주,2026-07-04,강원,철원군 철원읍 대마리,기타,LED1,Aedes albopictus,20,7,2,0,0,0,,N,,2026-07-10,오정주(ojj213),2026년,07월,1주
206,말라리아매개모기조사감시,강원도보건환경연구원,2026,7,1주,2026-07-04,강원,춘천시 신북읍 지내리,기타,LED1,Culex pipiens,2,7,0,0,0,0,,N,,2026-07-10,오정주(ojj213),2026년,07월,1주
207,말라리아매개모기조사감시,강원도보건환경연구원,2026,7,1주,2026-07-04,강원,춘천시 신북읍 지내리,기타,LED1,Culex orientalis,1,7,0,0,0,0,,N,,2026-07-10,오정주(ojj213),2026년,07월,1주
208,말라리아매개모기조사감시,강원도보건환경연구원,2026,7,1주,2026-07-04,강원,춘천시 신북읍 지내리,기타,LED1,Aedes vexans,17,7,2,0,0,0,,N,,2026-07-10,오정주(ojj213),2026년,07월,1주
209,말라리아매개모기조사감시,강원도보건환경연구원,2026,7,1주,2026-07-04,강원,춘천시 신북읍 지내리,기타,LED1,Ochlerotatus koreicus,3,7,0,0,0,0,,N,,2026-07-10,오정주(ojj213),2026년,07월,1주
210,말라리아매개모기조사감시,강원도보건환경연구원,2026,7,1주,2026-07-04,강원,춘천시 신북읍 지내리,기타,LED1,Anopheles spp.,3,7,0,3,1,0,,N,,2026-07-10,오정주(ojj213),2026년,07월,1주
211,말라리아매개모기조사감시,강원도보건환경연구원,2026,7,1주,2026-07-04,강원,춘천시 중앙동,기타,LED1,Culex pipiens,109,7,15,0,0,0,,N,,2026-07-10,오정주(ojj213),2026년,07월,1주
212,말라리아매개모기조사감시,강원도보건환경연구원,2026,7,1주,2026-07-04,강원,춘천시 중앙동,기타,LED1,Culex orientalis,5,7,0,0,0,0,,N,,2026-07-10,오정주(ojj213),2026년,07월,1주
213,말라리아매개모기조사감시,강원도보건환경연구원,2026,7,1주,2026-07-04,강원,춘천시 중앙동,기타,LED1,Armigeres subalbatus,4,7,0,0,0,0,,N,,2026-07-10,오정주(ojj213),2026년,07월,1주
214,말라리아매개모기조사감시,강원도보건환경연구원,2026,7,1주,2026-07-04,강원,춘천시 중앙동,기타,LED1,Aedes vexans,10,7,1,0,0,0,,N,,2026-07-10,오정주(ojj213),2026년,07월,1주
215,말라리아매개모기조사감시,강원도보건환경연구원,2026,7,1주,2026-07-04,강원,춘천시 중앙동,기타,LED1,Ochlerotatus koreicus,21,7,3,0,0,0,,N,,2026-07-10,오정주(ojj213),2026년,07월,1주
216,말라리아매개모기조사감시,강원도보건환경연구원,2026,7,1주,2026-07-04,강원,춘천시 중앙동,기타,LED1,Aedes albopictus,14,7,2,0,0,0,,N,,2026-07-10,오정주(ojj213),2026년,07월,1주
217,말라리아매개모기조사감시,강원도보건환경연구원,2026,7,1주,2026-07-04,강원,춘천시 중앙동,기타,LED1,Anopheles spp.,8,7,1,8,1,0,,N,,2026-07-10,오정주(ojj213),2026년,07월,1주
218,말라리아매개모기조사감시,강원도보건환경연구원,2026,6,4주,2026-06-27,강원,고성군 현내면 명파리,기타,LED1,Aedes vexans,1,7,0,0,0,0,,N,,2026-07-03,오정주(ojj213),2026년,06월,4주
219,말라리아매개모기조사감시,강원도보건환경연구원,2026,6,4주,2026-06-27,강원,인제군 인제읍 덕산리,기타,LED1,Culex pipiens,1,7,0,0,0,0,,N,,2026-07-03,오정주(ojj213),2026년,06월,4주
220,말라리아매개모기조사감시,강원도보건환경연구원,2026,6,4주,2026-06-27,강원,인제군 인제읍 덕산리,기타,LED1,Aedes vexans,2,7,0,0,0,0,,N,,2026-07-03,오정주(ojj213),2026년,06월,4주
221,말라리아매개모기조사감시,강원도보건환경연구원,2026,6,4주,2026-06-27,강원,양구군 남면 구암리,기타,LED1,Culex pipiens,13,7,1,0,0,0,,N,,2026-07-03,오정주(ojj213),2026년,06월,4주
222,말라리아매개모기조사감시,강원도보건환경연구원,2026,6,4주,2026-06-27,강원,양구군 남면 구암리,기타,LED1,Culex orientalis,3,7,0,0,0,0,,N,,2026-07-03,오정주(ojj213),2026년,06월,4주
223,말라리아매개모기조사감시,강원도보건환경연구원,2026,6,4주,2026-06-27,강원,양구군 남면 구암리,기타,LED1,Aedes vexans,29,7,4,0,0,0,,N,,2026-07-03,오정주(ojj213),2026년,06월,4주
224,말라리아매개모기조사감시,강원도보건환경연구원,2026,6,4주,2026-06-27,강원,양구군 남면 구암리,기타,LED1,Ochlerotatus koreicus,1,7,0,0,0,0,,N,,2026-07-03,오정주(ojj213),2026년,06월,4주
225,말라리아매개모기조사감시,강원도보건환경연구원,2026,6,4주,2026-06-27,강원,양구군 남면 구암리,기타,LED1,Anopheles spp.,51,7,7,51,6,0,,N,,2026-07-03,오정주(ojj213),2026년,06월,4주
226,말라리아매개모기조사감시,강원도보건환경연구원,2026,6,4주,2026-06-27,강원,화천군 화천읍 신읍리,기타,LED1,Culex pipiens,4,7,0,0,0,0,,N,,2026-07-03,오정주(ojj213),2026년,06월,4주
227,말라리아매개모기조사감시,강원도보건환경연구원,2026,6,4주,2026-06-27,강원,화천군 화천읍 신읍리,기타,LED1,Culex orientalis,4,7,0,0,0,0,,N,,2026-07-03,오정주(ojj213),2026년,06월,4주
228,말라리아매개모기조사감시,강원도보건환경연구원,2026,6,4주,2026-06-27,강원,화천군 화천읍 신읍리,기타,LED1,Armigeres subalbatus,1,7,0,0,0,0,,N,,2026-07-03,오정주(ojj213),2026년,06월,4주
229,말라리아매개모기조사감시,강원도보건환경연구원,2026,6,4주,2026-06-27,강원,화천군 화천읍 신읍리,기타,LED1,Aedes vexans,10,7,1,0,0,0,,N,,2026-07-03,오정주(ojj213),2026년,06월,4주
230,말라리아매개모기조사감시,강원도보건환경연구원,2026,6,4주,2026-06-27,강원,화천군 화천읍 신읍리,기타,LED1,Ochlerotatus koreicus,28,7,4,0,0,0,,N,,2026-07-03,오정주(ojj213),2026년,06월,4주
231,말라리아매개모기조사감시,강원도보건환경연구원,2026,6,4주,2026-06-27,강원,화천군 화천읍 신읍리,기타,LED1,Anopheles spp.,19,7,2,19,2,0,,N,,2026-07-03,오정주(ojj213),2026년,06월,4주
232,말라리아매개모기조사감시,강원도보건환경연구원,2026,6,4주,2026-06-27,강원,철원군 김화읍 학사리,기타,LED1,Culex pipiens,3,7,0,0,0,0,,N,,2026-07-03,오정주(ojj213),2026년,06월,4주
233,말라리아매개모기조사감시,강원도보건환경연구원,2026,6,4주,2026-06-27,강원,철원군 김화읍 학사리,기타,LED1,Culex orientalis,21,7,3,0,0,0,,N,,2026-07-03,오정주(ojj213),2026년,06월,4주
234,말라리아매개모기조사감시,강원도보건환경연구원,2026,6,4주,2026-06-27,강원,철원군 김화읍 학사리,기타,LED1,Armigeres subalbatus,4,7,0,0,0,0,,N,,2026-07-03,오정주(ojj213),2026년,06월,4주
235,말라리아매개모기조사감시,강원도보건환경연구원,2026,6,4주,2026-06-27,강원,철원군 김화읍 학사리,기타,LED1,Aedes vexans,13,7,1,0,0,0,,N,,2026-07-03,오정주(ojj213),2026년,06월,4주
236,말라리아매개모기조사감시,강원도보건환경연구원,2026,6,4주,2026-06-27,강원,철원군 김화읍 학사리,기타,LED1,Ochlerotatus koreicus,64,7,9,0,0,0,,N,,2026-07-03,오정주(ojj213),2026년,06월,4주
237,말라리아매개모기조사감시,강원도보건환경연구원,2026,6,4주,2026-06-27,강원,철원군 김화읍 학사리,기타,LED1,Aedes albopictus,27,7,3,0,0,0,,N,,2026-07-03,오정주(ojj213),2026년,06월,4주
238,말라리아매개모기조사감시,강원도보건환경연구원,2026,6,4주,2026-06-27,강원,철원군 철원읍 대마리,기타,LED1,Culex pipiens,12,7,1,0,0,0,,N,,2026-07-03,오정주(ojj213),2026년,06월,4주
239,말라리아매개모기조사감시,강원도보건환경연구원,2026,6,4주,2026-06-27,강원,철원군 철원읍 대마리,기타,LED1,Culex orientalis,17,7,2,0,0,0,,N,,2026-07-03,오정주(ojj213),2026년,06월,4주
240,말라리아매개모기조사감시,강원도보건환경연구원,2026,6,4주,2026-06-27,강원,철원군 철원읍 대마리,기타,LED1,Armigeres subalbatus,1,7,0,0,0,0,,N,,2026-07-03,오정주(ojj213),2026년,06월,4주
241,말라리아매개모기조사감시,강원도보건환경연구원,2026,6,4주,2026-06-27,강원,철원군 철원읍 대마리,기타,LED1,Aedes vexans,44,7,6,0,0,0,,N,,2026-07-03,오정주(ojj213),2026년,06월,4주
242,말라리아매개모기조사감시,강원도보건환경연구원,2026,6,4주,2026-06-27,강원,철원군 철원읍 대마리,기타,LED1,Ochlerotatus koreicus,10,7,1,0,0,0,,N,,2026-07-03,오정주(ojj213),2026년,06월,4주
243,말라리아매개모기조사감시,강원도보건환경연구원,2026,6,4주,2026-06-27,강원,철원군 철원읍 대마리,기타,LED1,Aedes albopictus,1,7,0,0,0,0,,N,,2026-07-03,오정주(ojj213),2026년,06월,4주
244,말라리아매개모기조사감시,강원도보건환경연구원,2026,6,4주,2026-06-27,강원,철원군 철원읍 대마리,기타,LED1,Anopheles spp.,4,7,0,4,1,0,,N,,2026-07-03,오정주(ojj213),2026년,06월,4주
245,말라리아매개모기조사감시,강원도보건환경연구원,2026,6,4주,2026-06-27,강원,춘천시 신북읍 지내리,기타,LED1,Culex pipiens,3,7,0,0,0,0,,N,,2026-07-03,오정주(ojj213),2026년,06월,4주
246,말라리아매개모기조사감시,강원도보건환경연구원,2026,6,4주,2026-06-27,강원,춘천시 신북읍 지내리,기타,LED1,Aedes vexans,1,7,0,0,0,0,,N,,2026-07-03,오정주(ojj213),2026년,06월,4주
247,말라리아매개모기조사감시,강원도보건환경연구원,2026,6,4주,2026-06-27,강원,춘천시 신북읍 지내리,기타,LED1,Ochlerotatus koreicus,2,7,0,0,0,0,,N,,2026-07-03,오정주(ojj213),2026년,06월,4주
248,말라리아매개모기조사감시,강원도보건환경연구원,2026,6,4주,2026-06-27,강원,춘천시 신북읍 지내리,기타,LED1,Anopheles spp.,3,7,0,3,1,0,,N,,2026-07-03,오정주(ojj213),2026년,06월,4주
249,말라리아매개모기조사감시,강원도보건환경연구원,2026,6,4주,2026-06-27,강원,춘천시 중앙동,기타,LED1,Culex pipiens,53,7,7,0,0,0,,N,,2026-07-03,오정주(ojj213),2026년,06월,4주
250,말라리아매개모기조사감시,강원도보건환경연구원,2026,6,4주,2026-06-27,강원,춘천시 중앙동,기타,LED1,Culex orientalis,5,7,0,0,0,0,,N,,2026-07-03,오정주(ojj213),2026년,06월,4주
251,말라리아매개모기조사감시,강원도보건환경연구원,2026,6,4주,2026-06-27,강원,춘천시 중앙동,기타,LED1,Armigeres subalbatus,1,7,0,0,0,0,,N,,2026-07-03,오정주(ojj213),2026년,06월,4주
252,말라리아매개모기조사감시,강원도보건환경연구원,2026,6,4주,2026-06-27,강원,춘천시 중앙동,기타,LED1,Ochlerotatus koreicus,16,7,2,0,0,0,,N,,2026-07-03,오정주(ojj213),2026년,06월,4주
253,말라리아매개모기조사감시,강원도보건환경연구원,2026,6,4주,2026-06-27,강원,춘천시 중앙동,기타,LED1,Aedes albopictus,4,7,0,0,0,0,,N,,2026-07-03,오정주(ojj213),2026년,06월,4주
254,말라리아매개모기조사감시,강원도보건환경연구원,2026,6,4주,2026-06-27,강원,춘천시 중앙동,기타,LED1,Anopheles spp.,12,7,1,12,2,0,,N,,2026-07-03,오정주(ojj213),2026년,06월,4주
255,말라리아매개모기조사감시,강원도보건환경연구원,2026,6,3주,2026-06-20,강원,고성군 현내면 명파리,기타,LED1,Aedes vexans,2,7,0,0,0,0,,N,,2026-06-25,오정주(ojj213),2026년,06월,3주
256,말라리아매개모기조사감시,강원도보건환경연구원,2026,6,3주,2026-06-20,강원,고성군 현내면 명파리,기타,LED1,Ochlerotatus koreicus,3,7,0,0,0,0,,N,,2026-06-25,오정주(ojj213),2026년,06월,3주
257,말라리아매개모기조사감시,강원도보건환경연구원,2026,6,3주,2026-06-20,강원,인제군 인제읍 덕산리,기타,LED1,Culex orientalis,1,7,0,0,0,0,,N,,2026-06-25,오정주(ojj213),2026년,06월,3주
258,말라리아매개모기조사감시,강원도보건환경연구원,2026,6,3주,2026-06-20,강원,인제군 인제읍 덕산리,기타,LED1,Anopheles spp.,1,7,0,1,1,0,,N,,2026-06-25,오정주(ojj213),2026년,06월,3주
259,말라리아매개모기조사감시,강원도보건환경연구원,2026,6,3주,2026-06-20,강원,양구군 남면 구암리,기타,LED1,Culex pipiens,5,7,0,0,0,0,,N,,2026-06-25,오정주(ojj213),2026년,06월,3주
260,말라리아매개모기조사감시,강원도보건환경연구원,2026,6,3주,2026-06-20,강원,양구군 남면 구암리,기타,LED1,Culex orientalis,3,7,0,0,0,0,,N,,2026-06-25,오정주(ojj213),2026년,06월,3주
261,말라리아매개모기조사감시,강원도보건환경연구원,2026,6,3주,2026-06-20,강원,양구군 남면 구암리,기타,LED1,Aedes vexans,54,7,7,0,0,0,,N,,2026-06-25,오정주(ojj213),2026년,06월,3주
262,말라리아매개모기조사감시,강원도보건환경연구원,2026,6,3주,2026-06-20,강원,양구군 남면 구암리,기타,LED1,Ochlerotatus koreicus,1,7,0,0,0,0,,N,,2026-06-25,오정주(ojj213),2026년,06월,3주
263,말라리아매개모기조사감시,강원도보건환경연구원,2026,6,3주,2026-06-20,강원,양구군 남면 구암리,기타,LED1,Anopheles spp.,36,7,5,36,4,0,,N,,2026-06-25,오정주(ojj213),2026년,06월,3주
264,말라리아매개모기조사감시,강원도보건환경연구원,2026,6,3주,2026-06-20,강원,화천군 화천읍 신읍리,기타,LED1,Culex pipiens,27,7,3,0,0,0,,N,,2026-06-25,오정주(ojj213),2026년,06월,3주
265,말라리아매개모기조사감시,강원도보건환경연구원,2026,6,3주,2026-06-20,강원,화천군 화천읍 신읍리,기타,LED1,Culex orientalis,6,7,0,0,0,0,,N,,2026-06-25,오정주(ojj213),2026년,06월,3주
266,말라리아매개모기조사감시,강원도보건환경연구원,2026,6,3주,2026-06-20,강원,화천군 화천읍 신읍리,기타,LED1,Armigeres subalbatus,3,7,0,0,0,0,,N,,2026-06-25,오정주(ojj213),2026년,06월,3주
267,말라리아매개모기조사감시,강원도보건환경연구원,2026,6,3주,2026-06-20,강원,화천군 화천읍 신읍리,기타,LED1,Aedes vexans,82,7,11,0,0,0,,N,,2026-06-25,오정주(ojj213),2026년,06월,3주
268,말라리아매개모기조사감시,강원도보건환경연구원,2026,6,3주,2026-06-20,강원,화천군 화천읍 신읍리,기타,LED1,Ochlerotatus koreicus,51,7,7,0,0,0,,N,,2026-06-25,오정주(ojj213),2026년,06월,3주
269,말라리아매개모기조사감시,강원도보건환경연구원,2026,6,3주,2026-06-20,강원,화천군 화천읍 신읍리,기타,LED1,Anopheles spp.,10,7,1,10,1,0,,N,,2026-06-25,오정주(ojj213),2026년,06월,3주
270,말라리아매개모기조사감시,강원도보건환경연구원,2026,6,3주,2026-06-20,강원,철원군 김화읍 학사리,기타,LED1,Culex pipiens,3,7,0,0,0,0,,N,,2026-06-25,오정주(ojj213),2026년,06월,3주
271,말라리아매개모기조사감시,강원도보건환경연구원,2026,6,3주,2026-06-20,강원,철원군 김화읍 학사리,기타,LED1,Culex orientalis,11,7,1,0,0,0,,N,,2026-06-25,오정주(ojj213),2026년,06월,3주
272,말라리아매개모기조사감시,강원도보건환경연구원,2026,6,3주,2026-06-20,강원,철원군 김화읍 학사리,기타,LED1,Armigeres subalbatus,5,7,0,0,0,0,,N,,2026-06-25,오정주(ojj213),2026년,06월,3주
273,말라리아매개모기조사감시,강원도보건환경연구원,2026,6,3주,2026-06-20,강원,철원군 김화읍 학사리,기타,LED1,Aedes vexans,3,7,0,0,0,0,,N,,2026-06-25,오정주(ojj213),2026년,06월,3주
274,말라리아매개모기조사감시,강원도보건환경연구원,2026,6,3주,2026-06-20,강원,철원군 김화읍 학사리,기타,LED1,Ochlerotatus koreicus,75,7,10,0,0,0,,N,,2026-06-25,오정주(ojj213),2026년,06월,3주
275,말라리아매개모기조사감시,강원도보건환경연구원,2026,6,3주,2026-06-20,강원,철원군 김화읍 학사리,기타,LED1,Aedes albopictus,13,7,1,0,0,0,,N,,2026-06-25,오정주(ojj213),2026년,06월,3주
276,말라리아매개모기조사감시,강원도보건환경연구원,2026,6,3주,2026-06-20,강원,철원군 철원읍 대마리,기타,LED1,Culex pipiens,40,7,5,0,0,0,,N,,2026-06-25,오정주(ojj213),2026년,06월,3주
277,말라리아매개모기조사감시,강원도보건환경연구원,2026,6,3주,2026-06-20,강원,철원군 철원읍 대마리,기타,LED1,Culex orientalis,38,7,5,0,0,0,,N,,2026-06-25,오정주(ojj213),2026년,06월,3주
278,말라리아매개모기조사감시,강원도보건환경연구원,2026,6,3주,2026-06-20,강원,철원군 철원읍 대마리,기타,LED1,Armigeres subalbatus,3,7,0,0,0,0,,N,,2026-06-25,오정주(ojj213),2026년,06월,3주
279,말라리아매개모기조사감시,강원도보건환경연구원,2026,6,3주,2026-06-20,강원,철원군 철원읍 대마리,기타,LED1,Aedes vexans,27,7,3,0,0,0,,N,,2026-06-25,오정주(ojj213),2026년,06월,3주
280,말라리아매개모기조사감시,강원도보건환경연구원,2026,6,3주,2026-06-20,강원,철원군 철원읍 대마리,기타,LED1,Ochlerotatus koreicus,3,7,0,0,0,0,,N,,2026-06-25,오정주(ojj213),2026년,06월,3주
281,말라리아매개모기조사감시,강원도보건환경연구원,2026,6,3주,2026-06-20,강원,철원군 철원읍 대마리,기타,LED1,Anopheles spp.,5,7,0,5,1,0,,N,,2026-06-25,오정주(ojj213),2026년,06월,3주
282,말라리아매개모기조사감시,강원도보건환경연구원,2026,6,3주,2026-06-20,강원,춘천시 신북읍 지내리,기타,LED1,Culex pipiens,1,7,0,0,0,0,,N,,2026-06-25,오정주(ojj213),2026년,06월,3주
283,말라리아매개모기조사감시,강원도보건환경연구원,2026,6,3주,2026-06-20,강원,춘천시 신북읍 지내리,기타,LED1,Culex orientalis,3,7,0,0,0,0,,N,,2026-06-25,오정주(ojj213),2026년,06월,3주
284,말라리아매개모기조사감시,강원도보건환경연구원,2026,6,3주,2026-06-20,강원,춘천시 신북읍 지내리,기타,LED1,Aedes vexans,3,7,0,0,0,0,,N,,2026-06-25,오정주(ojj213),2026년,06월,3주
285,말라리아매개모기조사감시,강원도보건환경연구원,2026,6,3주,2026-06-20,강원,춘천시 신북읍 지내리,기타,LED1,Ochlerotatus koreicus,1,7,0,0,0,0,,N,,2026-06-25,오정주(ojj213),2026년,06월,3주
286,말라리아매개모기조사감시,강원도보건환경연구원,2026,6,3주,2026-06-20,강원,춘천시 신북읍 지내리,기타,LED1,Anopheles spp.,11,7,1,11,2,0,,N,,2026-06-25,오정주(ojj213),2026년,06월,3주
287,말라리아매개모기조사감시,강원도보건환경연구원,2026,6,3주,2026-06-20,강원,춘천시 중앙동,기타,LED1,Culex pipiens,127,7,18,0,0,0,,N,,2026-06-25,오정주(ojj213),2026년,06월,3주
288,말라리아매개모기조사감시,강원도보건환경연구원,2026,6,3주,2026-06-20,강원,춘천시 중앙동,기타,LED1,Culex orientalis,1,7,0,0,0,0,,N,,2026-06-25,오정주(ojj213),2026년,06월,3주
289,말라리아매개모기조사감시,강원도보건환경연구원,2026,6,3주,2026-06-20,강원,춘천시 중앙동,기타,LED1,Armigeres subalbatus,1,7,0,0,0,0,,N,,2026-06-25,오정주(ojj213),2026년,06월,3주
290,말라리아매개모기조사감시,강원도보건환경연구원,2026,6,3주,2026-06-20,강원,춘천시 중앙동,기타,LED1,Aedes vexans,3,7,0,0,0,0,,N,,2026-06-25,오정주(ojj213),2026년,06월,3주
291,말라리아매개모기조사감시,강원도보건환경연구원,2026,6,3주,2026-06-20,강원,춘천시 중앙동,기타,LED1,Ochlerotatus koreicus,11,7,1,0,0,0,,N,,2026-06-25,오정주(ojj213),2026년,06월,3주
292,말라리아매개모기조사감시,강원도보건환경연구원,2026,6,3주,2026-06-20,강원,춘천시 중앙동,기타,LED1,Aedes albopictus,6,7,0,0,0,0,,N,,2026-06-25,오정주(ojj213),2026년,06월,3주
293,말라리아매개모기조사감시,강원도보건환경연구원,2026,6,3주,2026-06-20,강원,춘천시 중앙동,기타,LED1,Anopheles spp.,9,7,1,9,1,0,,N,,2026-06-25,오정주(ojj213),2026년,06월,3주
294,말라리아매개모기조사감시,강원도보건환경연구원,2026,6,2주,2026-06-13,강원,고성군 현내면 명파리,기타,LED1,Aedes vexans,5,7,0,0,0,0,,N,,2026-06-25,오정주(ojj213),2026년,06월,2주
295,말라리아매개모기조사감시,강원도보건환경연구원,2026,6,2주,2026-06-13,강원,고성군 현내면 명파리,기타,LED1,Ochlerotatus koreicus,1,7,0,0,0,0,,N,,2026-06-25,오정주(ojj213),2026년,06월,2주
296,말라리아매개모기조사감시,강원도보건환경연구원,2026,6,2주,2026-06-13,강원,양구군 남면 구암리,기타,LED1,Culex pipiens,7,7,1,0,0,0,,N,,2026-06-25,오정주(ojj213),2026년,06월,2주
297,말라리아매개모기조사감시,강원도보건환경연구원,2026,6,2주,2026-06-13,강원,양구군 남면 구암리,기타,LED1,Culex orientalis,1,7,0,0,0,0,,N,,2026-06-25,오정주(ojj213),2026년,06월,2주
298,말라리아매개모기조사감시,강원도보건환경연구원,2026,6,2주,2026-06-13,강원,양구군 남면 구암리,기타,LED1,Aedes vexans,17,7,2,0,0,0,,N,,2026-06-25,오정주(ojj213),2026년,06월,2주
299,말라리아매개모기조사감시,강원도보건환경연구원,2026,6,2주,2026-06-13,강원,양구군 남면 구암리,기타,LED1,Anopheles spp.,5,7,0,5,1,0,,N,,2026-06-25,오정주(ojj213),2026년,06월,2주
300,말라리아매개모기조사감시,강원도보건환경연구원,2026,6,2주,2026-06-13,강원,화천군 화천읍 신읍리,기타,LED1,Culex pipiens,2,7,0,0,0,0,,N,,2026-06-25,오정주(ojj213),2026년,06월,2주
301,말라리아매개모기조사감시,강원도보건환경연구원,2026,6,2주,2026-06-13,강원,화천군 화천읍 신읍리,기타,LED1,Armigeres subalbatus,1,7,0,0,0,0,,N,,2026-06-25,오정주(ojj213),2026년,06월,2주
302,말라리아매개모기조사감시,강원도보건환경연구원,2026,6,2주,2026-06-13,강원,화천군 화천읍 신읍리,기타,LED1,Aedes vexans,4,7,0,0,0,0,,N,,2026-06-25,오정주(ojj213),2026년,06월,2주
303,말라리아매개모기조사감시,강원도보건환경연구원,2026,6,2주,2026-06-13,강원,화천군 화천읍 신읍리,기타,LED1,Ochlerotatus koreicus,10,7,1,0,0,0,,N,,2026-06-25,오정주(ojj213),2026년,06월,2주
304,말라리아매개모기조사감시,강원도보건환경연구원,2026,6,2주,2026-06-13,강원,철원군 김화읍 학사리,기타,LED1,Culex pipiens,1,7,0,0,0,0,,N,,2026-06-25,오정주(ojj213),2026년,06월,2주
305,말라리아매개모기조사감시,강원도보건환경연구원,2026,6,2주,2026-06-13,강원,철원군 김화읍 학사리,기타,LED1,Culex orientalis,4,7,0,0,0,0,,N,,2026-06-25,오정주(ojj213),2026년,06월,2주
306,말라리아매개모기조사감시,강원도보건환경연구원,2026,6,2주,2026-06-13,강원,철원군 김화읍 학사리,기타,LED1,Armigeres subalbatus,2,7,0,0,0,0,,N,,2026-06-25,오정주(ojj213),2026년,06월,2주
307,말라리아매개모기조사감시,강원도보건환경연구원,2026,6,2주,2026-06-13,강원,철원군 김화읍 학사리,기타,LED1,Aedes vexans,3,7,0,0,0,0,,N,,2026-06-25,오정주(ojj213),2026년,06월,2주
308,말라리아매개모기조사감시,강원도보건환경연구원,2026,6,2주,2026-06-13,강원,철원군 김화읍 학사리,기타,LED1,Ochlerotatus koreicus,42,7,6,0,0,0,,N,,2026-06-25,오정주(ojj213),2026년,06월,2주
309,말라리아매개모기조사감시,강원도보건환경연구원,2026,6,2주,2026-06-13,강원,철원군 김화읍 학사리,기타,LED1,Aedes albopictus,11,7,1,0,0,0,,N,,2026-06-25,오정주(ojj213),2026년,06월,2주
310,말라리아매개모기조사감시,강원도보건환경연구원,2026,6,2주,2026-06-13,강원,철원군 철원읍 대마리,기타,LED1,Culex pipiens,16,7,2,0,0,0,,N,,2026-06-25,오정주(ojj213),2026년,06월,2주
311,말라리아매개모기조사감시,강원도보건환경연구원,2026,6,2주,2026-06-13,강원,철원군 철원읍 대마리,기타,LED1,Culex orientalis,7,7,1,0,0,0,,N,,2026-06-25,오정주(ojj213),2026년,06월,2주
312,말라리아매개모기조사감시,강원도보건환경연구원,2026,6,2주,2026-06-13,강원,철원군 철원읍 대마리,기타,LED1,Aedes vexans,23,7,3,0,0,0,,N,,2026-06-25,오정주(ojj213),2026년,06월,2주
313,말라리아매개모기조사감시,강원도보건환경연구원,2026,6,2주,2026-06-13,강원,철원군 철원읍 대마리,기타,LED1,Anopheles spp.,1,7,0,1,1,0,,N,,2026-06-25,오정주(ojj213),2026년,06월,2주
314,말라리아매개모기조사감시,강원도보건환경연구원,2026,6,2주,2026-06-13,강원,춘천시 신북읍 지내리,기타,LED1,Culex pipiens,2,7,0,0,0,0,,N,,2026-06-25,오정주(ojj213),2026년,06월,2주
315,말라리아매개모기조사감시,강원도보건환경연구원,2026,6,2주,2026-06-13,강원,춘천시 신북읍 지내리,기타,LED1,Ochlerotatus koreicus,1,7,0,0,0,0,,N,,2026-06-25,오정주(ojj213),2026년,06월,2주
316,말라리아매개모기조사감시,강원도보건환경연구원,2026,6,2주,2026-06-13,강원,춘천시 신북읍 지내리,기타,LED1,Anopheles spp.,2,7,0,2,1,0,,N,,2026-06-25,오정주(ojj213),2026년,06월,2주
317,말라리아매개모기조사감시,강원도보건환경연구원,2026,6,2주,2026-06-13,강원,춘천시 중앙동,기타,LED1,Culex pipiens,108,7,15,0,0,0,,N,,2026-06-25,오정주(ojj213),2026년,06월,2주
318,말라리아매개모기조사감시,강원도보건환경연구원,2026,6,2주,2026-06-13,강원,춘천시 중앙동,기타,LED1,Aedes vexans,7,7,1,0,0,0,,N,,2026-06-25,오정주(ojj213),2026년,06월,2주
319,말라리아매개모기조사감시,강원도보건환경연구원,2026,6,2주,2026-06-13,강원,춘천시 중앙동,기타,LED1,Ochlerotatus koreicus,7,7,1,0,0,0,,N,,2026-06-25,오정주(ojj213),2026년,06월,2주
320,말라리아매개모기조사감시,강원도보건환경연구원,2026,6,2주,2026-06-13,강원,춘천시 중앙동,기타,LED1,Aedes albopictus,10,7,1,0,0,0,,N,,2026-06-25,오정주(ojj213),2026년,06월,2주
321,말라리아매개모기조사감시,강원도보건환경연구원,2026,6,2주,2026-06-13,강원,춘천시 중앙동,기타,LED1,Anopheles spp.,2,7,0,2,1,0,,N,,2026-06-25,오정주(ojj213),2026년,06월,2주
322,말라리아매개모기조사감시,강원도보건환경연구원,2026,6,1주,2026-06-06,강원,고성군 현내면 명파리,기타,LED1,Aedes vexans,6,7,0,0,0,0,,N,,2026-06-12,최연희(chldusgmlek),2026년,06월,1주
323,말라리아매개모기조사감시,강원도보건환경연구원,2026,6,1주,2026-06-06,강원,고성군 현내면 명파리,기타,LED1,Ochlerotatus koreicus,3,7,0,0,0,0,,N,,2026-06-12,최연희(chldusgmlek),2026년,06월,1주
324,말라리아매개모기조사감시,강원도보건환경연구원,2026,6,1주,2026-06-06,강원,인제군 인제읍 덕산리,기타,LED1,Culex pipiens,2,7,0,0,0,0,,N,,2026-06-12,최연희(chldusgmlek),2026년,06월,1주
325,말라리아매개모기조사감시,강원도보건환경연구원,2026,6,1주,2026-06-06,강원,인제군 인제읍 덕산리,기타,LED1,Ochlerotatus koreicus,2,7,0,0,0,0,,N,,2026-06-12,최연희(chldusgmlek),2026년,06월,1주
326,말라리아매개모기조사감시,강원도보건환경연구원,2026,6,1주,2026-06-06,강원,양구군 남면 구암리,기타,LED1,Culex pipiens,4,7,0,0,0,0,,N,,2026-06-12,최연희(chldusgmlek),2026년,06월,1주
327,말라리아매개모기조사감시,강원도보건환경연구원,2026,6,1주,2026-06-06,강원,양구군 남면 구암리,기타,LED1,Aedes vexans,8,7,1,0,0,0,,N,,2026-06-12,최연희(chldusgmlek),2026년,06월,1주
328,말라리아매개모기조사감시,강원도보건환경연구원,2026,6,1주,2026-06-06,강원,양구군 남면 구암리,기타,LED1,Ochlerotatus koreicus,1,7,0,0,0,0,,N,,2026-06-12,최연희(chldusgmlek),2026년,06월,1주
329,말라리아매개모기조사감시,강원도보건환경연구원,2026,6,1주,2026-06-06,강원,양구군 남면 구암리,기타,LED1,Anopheles spp.,2,7,0,2,1,0,,N,,2026-06-12,최연희(chldusgmlek),2026년,06월,1주
330,말라리아매개모기조사감시,강원도보건환경연구원,2026,6,1주,2026-06-06,강원,화천군 화천읍 신읍리,기타,LED1,Culex pipiens,4,7,0,0,0,0,,N,,2026-06-12,최연희(chldusgmlek),2026년,06월,1주
331,말라리아매개모기조사감시,강원도보건환경연구원,2026,6,1주,2026-06-06,강원,화천군 화천읍 신읍리,기타,LED1,Aedes albopictus,1,7,0,0,0,0,,N,,2026-06-12,최연희(chldusgmlek),2026년,06월,1주
332,말라리아매개모기조사감시,강원도보건환경연구원,2026,6,1주,2026-06-06,강원,화천군 화천읍 신읍리,기타,LED1,Aedes vexans,22,7,3,0,0,0,,N,,2026-06-12,최연희(chldusgmlek),2026년,06월,1주
333,말라리아매개모기조사감시,강원도보건환경연구원,2026,6,1주,2026-06-06,강원,화천군 화천읍 신읍리,기타,LED1,Ochlerotatus koreicus,23,7,3,0,0,0,,N,,2026-06-12,최연희(chldusgmlek),2026년,06월,1주
334,말라리아매개모기조사감시,강원도보건환경연구원,2026,6,1주,2026-06-06,강원,화천군 화천읍 신읍리,기타,LED1,Anopheles spp.,3,7,0,3,1,0,,N,,2026-06-12,최연희(chldusgmlek),2026년,06월,1주
335,말라리아매개모기조사감시,강원도보건환경연구원,2026,6,1주,2026-06-06,강원,철원군 김화읍 학사리,기타,LED1,Culex pipiens,1,7,0,0,0,0,,N,,2026-06-12,최연희(chldusgmlek),2026년,06월,1주
336,말라리아매개모기조사감시,강원도보건환경연구원,2026,6,1주,2026-06-06,강원,철원군 김화읍 학사리,기타,LED1,Culex orientalis,3,7,0,0,0,0,,N,,2026-06-12,최연희(chldusgmlek),2026년,06월,1주
337,말라리아매개모기조사감시,강원도보건환경연구원,2026,6,1주,2026-06-06,강원,철원군 김화읍 학사리,기타,LED1,Ochlerotatus koreicus,39,7,5,0,0,0,,N,,2026-06-12,최연희(chldusgmlek),2026년,06월,1주
338,말라리아매개모기조사감시,강원도보건환경연구원,2026,6,1주,2026-06-06,강원,철원군 김화읍 학사리,기타,LED1,Armigeres subalbatus,1,7,0,0,0,0,,N,,2026-06-12,최연희(chldusgmlek),2026년,06월,1주
339,말라리아매개모기조사감시,강원도보건환경연구원,2026,6,1주,2026-06-06,강원,철원군 김화읍 학사리,기타,LED1,Aedes albopictus,4,7,0,0,0,0,,N,,2026-06-12,최연희(chldusgmlek),2026년,06월,1주
340,말라리아매개모기조사감시,강원도보건환경연구원,2026,6,1주,2026-06-06,강원,철원군 철원읍 대마리,기타,LED1,Aedes vexans,11,7,1,0,0,0,,N,,2026-06-12,최연희(chldusgmlek),2026년,06월,1주
341,말라리아매개모기조사감시,강원도보건환경연구원,2026,6,1주,2026-06-06,강원,철원군 철원읍 대마리,기타,LED1,Culex orientalis,2,7,0,0,0,0,,N,,2026-06-12,최연희(chldusgmlek),2026년,06월,1주
342,말라리아매개모기조사감시,강원도보건환경연구원,2026,6,1주,2026-06-06,강원,철원군 철원읍 대마리,기타,LED1,Culex pipiens,5,7,0,0,0,0,,N,,2026-06-12,최연희(chldusgmlek),2026년,06월,1주
343,말라리아매개모기조사감시,강원도보건환경연구원,2026,6,1주,2026-06-06,강원,철원군 철원읍 대마리,기타,LED1,Ochlerotatus koreicus,1,7,0,0,0,0,,N,,2026-06-12,최연희(chldusgmlek),2026년,06월,1주
344,말라리아매개모기조사감시,강원도보건환경연구원,2026,6,1주,2026-06-06,강원,철원군 철원읍 대마리,기타,LED1,Anopheles spp.,1,7,0,1,1,0,,N,,2026-06-12,최연희(chldusgmlek),2026년,06월,1주
345,말라리아매개모기조사감시,강원도보건환경연구원,2026,6,1주,2026-06-06,강원,춘천시 중앙동,기타,LED1,Culex pipiens,55,7,7,0,0,0,,N,,2026-06-12,최연희(chldusgmlek),2026년,06월,1주
346,말라리아매개모기조사감시,강원도보건환경연구원,2026,6,1주,2026-06-06,강원,춘천시 중앙동,기타,LED1,Aedes albopictus,2,7,0,0,0,0,,N,,2026-06-12,최연희(chldusgmlek),2026년,06월,1주
347,말라리아매개모기조사감시,강원도보건환경연구원,2026,6,1주,2026-06-06,강원,춘천시 중앙동,기타,LED1,Aedes vexans,11,7,1,0,0,0,,N,,2026-06-12,최연희(chldusgmlek),2026년,06월,1주
348,말라리아매개모기조사감시,강원도보건환경연구원,2026,6,1주,2026-06-06,강원,춘천시 중앙동,기타,LED1,Ochlerotatus koreicus,7,7,1,0,0,0,,N,,2026-06-12,최연희(chldusgmlek),2026년,06월,1주
349,말라리아매개모기조사감시,강원도보건환경연구원,2026,6,1주,2026-06-06,강원,춘천시 신북읍 지내리,기타,LED1,Aedes vexans,1,7,0,0,0,0,,N,,2026-06-12,최연희(chldusgmlek),2026년,06월,1주
350,말라리아매개모기조사감시,강원도보건환경연구원,2026,6,1주,2026-06-06,강원,춘천시 신북읍 지내리,기타,LED1,Culex pipiens,2,7,0,0,0,0,,N,,2026-06-12,최연희(chldusgmlek),2026년,06월,1주
351,말라리아매개모기조사감시,강원도보건환경연구원,2026,6,1주,2026-06-06,강원,춘천시 신북읍 지내리,기타,LED1,Culex orientalis,1,7,0,0,0,0,,N,,2026-06-12,최연희(chldusgmlek),2026년,06월,1주
352,말라리아매개모기조사감시,강원도보건환경연구원,2026,6,1주,2026-06-06,강원,춘천시 신북읍 지내리,기타,LED1,Ochlerotatus koreicus,1,7,0,0,0,0,,N,,2026-06-12,최연희(chldusgmlek),2026년,06월,1주
353,말라리아매개모기조사감시,강원도보건환경연구원,2026,6,1주,2026-06-06,강원,춘천시 신북읍 지내리,기타,LED1,Anopheles spp.,1,7,0,1,1,0,,N,,2026-06-12,최연희(chldusgmlek),2026년,06월,1주
354,말라리아매개모기조사감시,강원도보건환경연구원,2026,5,4주,2026-05-30,강원,고성군 현내면 명파리,기타,LED1,Culex pipiens,1,7,0,0,0,0,,N,,2026-06-05,오정주(ojj213),2026년,05월,4주
355,말라리아매개모기조사감시,강원도보건환경연구원,2026,5,4주,2026-05-30,강원,고성군 현내면 명파리,기타,LED1,Culex orientalis,1,7,0,0,0,0,,N,,2026-06-05,오정주(ojj213),2026년,05월,4주
356,말라리아매개모기조사감시,강원도보건환경연구원,2026,5,4주,2026-05-30,강원,고성군 현내면 명파리,기타,LED1,Aedes vexans,13,7,1,0,0,0,,N,,2026-06-05,오정주(ojj213),2026년,05월,4주
357,말라리아매개모기조사감시,강원도보건환경연구원,2026,5,4주,2026-05-30,강원,고성군 현내면 명파리,기타,LED1,Ochlerotatus togoi,2,7,0,0,0,0,,N,,2026-06-05,오정주(ojj213),2026년,05월,4주
358,말라리아매개모기조사감시,강원도보건환경연구원,2026,5,4주,2026-05-30,강원,인제군 인제읍 덕산리,기타,LED1,Culex pipiens,1,7,0,0,0,0,,N,,2026-06-05,오정주(ojj213),2026년,05월,4주
359,말라리아매개모기조사감시,강원도보건환경연구원,2026,5,4주,2026-05-30,강원,양구군 남면 구암리,기타,LED1,Culex pipiens,1,7,0,0,0,0,,N,,2026-06-05,오정주(ojj213),2026년,05월,4주
360,말라리아매개모기조사감시,강원도보건환경연구원,2026,5,4주,2026-05-30,강원,양구군 남면 구암리,기타,LED1,Culex orientalis,1,7,0,0,0,0,,N,,2026-06-05,오정주(ojj213),2026년,05월,4주
361,말라리아매개모기조사감시,강원도보건환경연구원,2026,5,4주,2026-05-30,강원,양구군 남면 구암리,기타,LED1,Aedes vexans,25,7,3,0,0,0,,N,,2026-06-05,오정주(ojj213),2026년,05월,4주
362,말라리아매개모기조사감시,강원도보건환경연구원,2026,5,4주,2026-05-30,강원,양구군 남면 구암리,기타,LED1,Ochlerotatus togoi,1,7,0,0,0,0,,N,,2026-06-05,오정주(ojj213),2026년,05월,4주
363,말라리아매개모기조사감시,강원도보건환경연구원,2026,5,4주,2026-05-30,강원,화천군 화천읍 신읍리,기타,LED1,Culex pipiens,4,7,0,0,0,0,,N,,2026-06-05,오정주(ojj213),2026년,05월,4주
364,말라리아매개모기조사감시,강원도보건환경연구원,2026,5,4주,2026-05-30,강원,화천군 화천읍 신읍리,기타,LED1,Culex orientalis,1,7,0,0,0,0,,N,,2026-06-05,오정주(ojj213),2026년,05월,4주
365,말라리아매개모기조사감시,강원도보건환경연구원,2026,5,4주,2026-05-30,강원,화천군 화천읍 신읍리,기타,LED1,Aedes vexans,28,7,4,0,0,0,,N,,2026-06-05,오정주(ojj213),2026년,05월,4주
366,말라리아매개모기조사감시,강원도보건환경연구원,2026,5,4주,2026-05-30,강원,화천군 화천읍 신읍리,기타,LED1,Ochlerotatus koreicus,46,7,6,0,0,0,,N,,2026-06-05,오정주(ojj213),2026년,05월,4주
367,말라리아매개모기조사감시,강원도보건환경연구원,2026,5,4주,2026-05-30,강원,화천군 화천읍 신읍리,기타,LED1,Anopheles spp.,1,7,0,1,1,0,,N,,2026-06-05,오정주(ojj213),2026년,05월,4주
368,말라리아매개모기조사감시,강원도보건환경연구원,2026,5,4주,2026-05-30,강원,철원군 김화읍 학사리,기타,LED1,Culex pipiens,2,7,0,0,0,0,,N,,2026-06-05,오정주(ojj213),2026년,05월,4주
369,말라리아매개모기조사감시,강원도보건환경연구원,2026,5,4주,2026-05-30,강원,철원군 김화읍 학사리,기타,LED1,Culex orientalis,4,7,0,0,0,0,,N,,2026-06-05,오정주(ojj213),2026년,05월,4주
370,말라리아매개모기조사감시,강원도보건환경연구원,2026,5,4주,2026-05-30,강원,철원군 김화읍 학사리,기타,LED1,Ochlerotatus koreicus,58,7,8,0,0,0,,N,,2026-06-05,오정주(ojj213),2026년,05월,4주
371,말라리아매개모기조사감시,강원도보건환경연구원,2026,5,4주,2026-05-30,강원,철원군 김화읍 학사리,기타,LED1,Aedes albopictus,1,7,0,0,0,0,,N,,2026-06-05,오정주(ojj213),2026년,05월,4주
372,말라리아매개모기조사감시,강원도보건환경연구원,2026,5,4주,2026-05-30,강원,철원군 철원읍 대마리,기타,LED1,Culex pipiens,9,7,1,0,0,0,,N,,2026-06-05,오정주(ojj213),2026년,05월,4주
373,말라리아매개모기조사감시,강원도보건환경연구원,2026,5,4주,2026-05-30,강원,철원군 철원읍 대마리,기타,LED1,Culex orientalis,2,7,0,0,0,0,,N,,2026-06-05,오정주(ojj213),2026년,05월,4주
374,말라리아매개모기조사감시,강원도보건환경연구원,2026,5,4주,2026-05-30,강원,철원군 철원읍 대마리,기타,LED1,Aedes vexans,51,7,7,0,0,0,,N,,2026-06-05,오정주(ojj213),2026년,05월,4주
375,말라리아매개모기조사감시,강원도보건환경연구원,2026,5,4주,2026-05-30,강원,철원군 철원읍 대마리,기타,LED1,Ochlerotatus togoi,1,7,0,0,0,0,,N,,2026-06-05,오정주(ojj213),2026년,05월,4주
376,말라리아매개모기조사감시,강원도보건환경연구원,2026,5,4주,2026-05-30,강원,철원군 철원읍 대마리,기타,LED1,Ochlerotatus koreicus,1,7,0,0,0,0,,N,,2026-06-05,오정주(ojj213),2026년,05월,4주
377,말라리아매개모기조사감시,강원도보건환경연구원,2026,5,4주,2026-05-30,강원,철원군 철원읍 대마리,기타,LED1,Anopheles spp.,1,7,0,1,1,0,,N,,2026-06-05,오정주(ojj213),2026년,05월,4주
378,말라리아매개모기조사감시,강원도보건환경연구원,2026,5,4주,2026-05-30,강원,춘천시 신북읍 지내리,기타,LED1,Culex pipiens,2,7,0,0,0,0,,N,,2026-06-05,오정주(ojj213),2026년,05월,4주
379,말라리아매개모기조사감시,강원도보건환경연구원,2026,5,4주,2026-05-30,강원,춘천시 신북읍 지내리,기타,LED1,Culex orientalis,1,7,0,0,0,0,,N,,2026-06-05,오정주(ojj213),2026년,05월,4주
380,말라리아매개모기조사감시,강원도보건환경연구원,2026,5,4주,2026-05-30,강원,춘천시 신북읍 지내리,기타,LED1,Aedes vexans,1,7,0,0,0,0,,N,,2026-06-05,오정주(ojj213),2026년,05월,4주
381,말라리아매개모기조사감시,강원도보건환경연구원,2026,5,4주,2026-05-30,강원,춘천시 중앙동,기타,LED1,Culex pipiens,54,7,7,0,0,0,,N,,2026-06-05,오정주(ojj213),2026년,05월,4주
382,말라리아매개모기조사감시,강원도보건환경연구원,2026,5,4주,2026-05-30,강원,춘천시 중앙동,기타,LED1,Aedes vexans,6,7,0,0,0,0,,N,,2026-06-05,오정주(ojj213),2026년,05월,4주
383,말라리아매개모기조사감시,강원도보건환경연구원,2026,5,4주,2026-05-30,강원,춘천시 중앙동,기타,LED1,Ochlerotatus koreicus,4,7,0,0,0,0,,N,,2026-06-05,오정주(ojj213),2026년,05월,4주
384,말라리아매개모기조사감시,강원도보건환경연구원,2026,5,3주,2026-05-23,강원,고성군 현내면 명파리,기타,LED1,Culex pipiens,2,8,0,0,0,0,,N,,2026-05-31,최연희(chldusgmlek),2026년,05월,3주
385,말라리아매개모기조사감시,강원도보건환경연구원,2026,5,3주,2026-05-23,강원,고성군 현내면 명파리,기타,LED1,Aedes vexans,7,8,0,0,0,0,,N,,2026-05-31,최연희(chldusgmlek),2026년,05월,3주
386,말라리아매개모기조사감시,강원도보건환경연구원,2026,5,3주,2026-05-23,강원,고성군 현내면 명파리,기타,LED1,Ochlerotatus koreicus,5,8,0,0,0,0,,N,,2026-05-31,최연희(chldusgmlek),2026년,05월,3주
387,말라리아매개모기조사감시,강원도보건환경연구원,2026,5,3주,2026-05-23,강원,고성군 현내면 명파리,기타,LED1,Anopheles spp.,1,8,0,1,1,0,,N,,2026-05-31,최연희(chldusgmlek),2026년,05월,3주
388,말라리아매개모기조사감시,강원도보건환경연구원,2026,5,3주,2026-05-23,강원,인제군 인제읍 덕산리,기타,LED1,Culex pipiens,12,8,1,0,0,0,,N,,2026-05-31,최연희(chldusgmlek),2026년,05월,3주
389,말라리아매개모기조사감시,강원도보건환경연구원,2026,5,3주,2026-05-23,강원,인제군 인제읍 덕산리,기타,LED1,Aedes vexans,2,8,0,0,0,0,,N,,2026-05-31,최연희(chldusgmlek),2026년,05월,3주
390,말라리아매개모기조사감시,강원도보건환경연구원,2026,5,3주,2026-05-23,강원,인제군 인제읍 덕산리,기타,LED1,Ochlerotatus koreicus,1,8,0,0,0,0,,N,,2026-05-31,최연희(chldusgmlek),2026년,05월,3주
391,말라리아매개모기조사감시,강원도보건환경연구원,2026,5,3주,2026-05-23,강원,양구군 남면 구암리,기타,LED1,Culex pipiens,17,8,2,0,0,0,,N,,2026-05-31,최연희(chldusgmlek),2026년,05월,3주
392,말라리아매개모기조사감시,강원도보건환경연구원,2026,5,3주,2026-05-23,강원,양구군 남면 구암리,기타,LED1,Culex orientalis,2,8,0,0,0,0,,N,,2026-05-31,최연희(chldusgmlek),2026년,05월,3주
393,말라리아매개모기조사감시,강원도보건환경연구원,2026,5,3주,2026-05-23,강원,양구군 남면 구암리,기타,LED1,Aedes vexans,28,8,3,0,0,0,,N,,2026-05-31,최연희(chldusgmlek),2026년,05월,3주
394,말라리아매개모기조사감시,강원도보건환경연구원,2026,5,3주,2026-05-23,강원,양구군 남면 구암리,기타,LED1,Ochlerotatus koreicus,6,8,0,0,0,0,,N,,2026-05-31,최연희(chldusgmlek),2026년,05월,3주
395,말라리아매개모기조사감시,강원도보건환경연구원,2026,5,3주,2026-05-23,강원,양구군 남면 구암리,기타,LED1,Anopheles spp.,4,8,0,4,1,0,,N,,2026-05-31,최연희(chldusgmlek),2026년,05월,3주
396,말라리아매개모기조사감시,강원도보건환경연구원,2026,5,3주,2026-05-23,강원,화천군 화천읍 신읍리,기타,LED1,Armigeres subalbatus,1,8,0,0,0,0,,N,,2026-05-31,최연희(chldusgmlek),2026년,05월,3주
397,말라리아매개모기조사감시,강원도보건환경연구원,2026,5,3주,2026-05-23,강원,화천군 화천읍 신읍리,기타,LED1,Culex pipiens,8,8,1,0,0,0,,N,,2026-05-31,최연희(chldusgmlek),2026년,05월,3주
398,말라리아매개모기조사감시,강원도보건환경연구원,2026,5,3주,2026-05-23,강원,화천군 화천읍 신읍리,기타,LED1,Culex orientalis,1,8,0,0,0,0,,N,,2026-05-31,최연희(chldusgmlek),2026년,05월,3주
399,말라리아매개모기조사감시,강원도보건환경연구원,2026,5,3주,2026-05-23,강원,화천군 화천읍 신읍리,기타,LED1,Aedes vexans,18,8,2,0,0,0,,N,,2026-05-31,최연희(chldusgmlek),2026년,05월,3주
400,말라리아매개모기조사감시,강원도보건환경연구원,2026,5,3주,2026-05-23,강원,화천군 화천읍 신읍리,기타,LED1,Ochlerotatus koreicus,114,8,14,0,0,0,,N,,2026-05-31,최연희(chldusgmlek),2026년,05월,3주
401,말라리아매개모기조사감시,강원도보건환경연구원,2026,5,3주,2026-05-23,강원,화천군 화천읍 신읍리,기타,LED1,Anopheles spp.,1,8,0,1,1,0,,N,,2026-05-31,최연희(chldusgmlek),2026년,05월,3주
402,말라리아매개모기조사감시,강원도보건환경연구원,2026,5,3주,2026-05-23,강원,철원군 김화읍 학사리,기타,LED1,Culex pipiens,6,8,0,0,0,0,,N,,2026-05-31,최연희(chldusgmlek),2026년,05월,3주
403,말라리아매개모기조사감시,강원도보건환경연구원,2026,5,3주,2026-05-23,강원,철원군 김화읍 학사리,기타,LED1,Culex orientalis,12,8,1,0,0,0,,N,,2026-05-31,최연희(chldusgmlek),2026년,05월,3주
404,말라리아매개모기조사감시,강원도보건환경연구원,2026,5,3주,2026-05-23,강원,철원군 김화읍 학사리,기타,LED1,Ochlerotatus koreicus,40,8,5,0,0,0,,N,,2026-05-31,최연희(chldusgmlek),2026년,05월,3주
405,말라리아매개모기조사감시,강원도보건환경연구원,2026,5,3주,2026-05-23,강원,철원군 김화읍 학사리,기타,LED1,Aedes vexans,6,8,0,0,0,0,,N,,2026-05-31,최연희(chldusgmlek),2026년,05월,3주
406,말라리아매개모기조사감시,강원도보건환경연구원,2026,5,3주,2026-05-23,강원,철원군 김화읍 학사리,기타,LED1,Aedes albopictus,1,8,0,0,0,0,,N,,2026-05-31,최연희(chldusgmlek),2026년,05월,3주
407,말라리아매개모기조사감시,강원도보건환경연구원,2026,5,3주,2026-05-23,강원,철원군 철원읍 대마리,기타,LED1,Aedes vexans,199,8,24,0,0,0,,N,,2026-05-31,최연희(chldusgmlek),2026년,05월,3주
408,말라리아매개모기조사감시,강원도보건환경연구원,2026,5,3주,2026-05-23,강원,철원군 철원읍 대마리,기타,LED1,Culex orientalis,3,8,0,0,0,0,,N,,2026-05-31,최연희(chldusgmlek),2026년,05월,3주
409,말라리아매개모기조사감시,강원도보건환경연구원,2026,5,3주,2026-05-23,강원,철원군 철원읍 대마리,기타,LED1,Culex pipiens,48,8,6,0,0,0,,N,,2026-05-31,최연희(chldusgmlek),2026년,05월,3주
410,말라리아매개모기조사감시,강원도보건환경연구원,2026,5,3주,2026-05-23,강원,철원군 철원읍 대마리,기타,LED1,Ochlerotatus koreicus,2,8,0,0,0,0,,N,,2026-05-31,최연희(chldusgmlek),2026년,05월,3주
411,말라리아매개모기조사감시,강원도보건환경연구원,2026,5,3주,2026-05-23,강원,철원군 철원읍 대마리,기타,LED1,Anopheles spp.,2,8,0,2,1,0,,N,,2026-05-31,최연희(chldusgmlek),2026년,05월,3주
412,말라리아매개모기조사감시,강원도보건환경연구원,2026,5,3주,2026-05-23,강원,춘천시 신북읍 지내리,기타,LED1,Culex pipiens,18,8,2,0,0,0,,N,,2026-05-31,최연희(chldusgmlek),2026년,05월,3주
413,말라리아매개모기조사감시,강원도보건환경연구원,2026,5,3주,2026-05-23,강원,춘천시 신북읍 지내리,기타,LED1,Aedes vexans,6,8,0,0,0,0,,N,,2026-05-31,최연희(chldusgmlek),2026년,05월,3주
414,말라리아매개모기조사감시,강원도보건환경연구원,2026,5,3주,2026-05-23,강원,춘천시 신북읍 지내리,기타,LED1,Ochlerotatus koreicus,1,8,0,0,0,0,,N,,2026-05-31,최연희(chldusgmlek),2026년,05월,3주
415,말라리아매개모기조사감시,강원도보건환경연구원,2026,5,3주,2026-05-23,강원,춘천시 중앙동,기타,LED1,Aedes vexans,3,8,0,0,0,0,,N,,2026-05-31,최연희(chldusgmlek),2026년,05월,3주
416,말라리아매개모기조사감시,강원도보건환경연구원,2026,5,3주,2026-05-23,강원,춘천시 중앙동,기타,LED1,Culex pipiens,76,8,9,0,0,0,,N,,2026-05-31,최연희(chldusgmlek),2026년,05월,3주
417,말라리아매개모기조사감시,강원도보건환경연구원,2026,5,3주,2026-05-23,강원,춘천시 중앙동,기타,LED1,Ochlerotatus koreicus,14,8,1,0,0,0,,N,,2026-05-31,최연희(chldusgmlek),2026년,05월,3주
418,말라리아매개모기조사감시,강원도보건환경연구원,2026,5,2주,2026-05-16,강원,고성군 현내면 명파리,기타,LED1,Culex pipiens,4,7,0,0,0,0,,N,,2026-05-26,최연희(chldusgmlek),2026년,05월,2주
419,말라리아매개모기조사감시,강원도보건환경연구원,2026,5,2주,2026-05-16,강원,고성군 현내면 명파리,기타,LED1,Aedes vexans,7,7,1,0,0,0,,N,,2026-05-26,최연희(chldusgmlek),2026년,05월,2주
420,말라리아매개모기조사감시,강원도보건환경연구원,2026,5,2주,2026-05-16,강원,고성군 현내면 명파리,기타,LED1,Ochlerotatus koreicus,2,7,0,0,0,0,,N,,2026-05-26,최연희(chldusgmlek),2026년,05월,2주
421,말라리아매개모기조사감시,강원도보건환경연구원,2026,5,2주,2026-05-16,강원,인제군 인제읍 덕산리,기타,LED1,Culex pipiens,3,7,0,0,0,0,,N,,2026-05-26,최연희(chldusgmlek),2026년,05월,2주
422,말라리아매개모기조사감시,강원도보건환경연구원,2026,5,2주,2026-05-16,강원,인제군 인제읍 덕산리,기타,LED1,Armigeres subalbatus,1,7,0,0,0,0,,N,,2026-05-26,최연희(chldusgmlek),2026년,05월,2주
423,말라리아매개모기조사감시,강원도보건환경연구원,2026,5,2주,2026-05-16,강원,인제군 인제읍 덕산리,기타,LED1,Aedes vexans,2,7,0,0,0,0,,N,,2026-05-26,최연희(chldusgmlek),2026년,05월,2주
424,말라리아매개모기조사감시,강원도보건환경연구원,2026,5,2주,2026-05-16,강원,양구군 남면 구암리,기타,LED1,Culex pipiens,4,7,0,0,0,0,,N,,2026-05-26,최연희(chldusgmlek),2026년,05월,2주
425,말라리아매개모기조사감시,강원도보건환경연구원,2026,5,2주,2026-05-16,강원,양구군 남면 구암리,기타,LED1,Culex orientalis,2,7,0,0,0,0,,N,,2026-05-26,최연희(chldusgmlek),2026년,05월,2주
426,말라리아매개모기조사감시,강원도보건환경연구원,2026,5,2주,2026-05-16,강원,양구군 남면 구암리,기타,LED1,Aedes vexans,14,7,2,0,0,0,,N,,2026-05-26,최연희(chldusgmlek),2026년,05월,2주
427,말라리아매개모기조사감시,강원도보건환경연구원,2026,5,2주,2026-05-16,강원,양구군 남면 구암리,기타,LED1,Ochlerotatus koreicus,4,7,0,0,0,0,,N,,2026-05-26,최연희(chldusgmlek),2026년,05월,2주
428,말라리아매개모기조사감시,강원도보건환경연구원,2026,5,2주,2026-05-16,강원,화천군 화천읍 신읍리,기타,LED1,Culex pipiens,13,7,1,0,0,0,,N,,2026-05-26,최연희(chldusgmlek),2026년,05월,2주
429,말라리아매개모기조사감시,강원도보건환경연구원,2026,5,2주,2026-05-16,강원,화천군 화천읍 신읍리,기타,LED1,Culex orientalis,1,7,0,0,0,0,,N,,2026-05-26,최연희(chldusgmlek),2026년,05월,2주
430,말라리아매개모기조사감시,강원도보건환경연구원,2026,5,2주,2026-05-16,강원,화천군 화천읍 신읍리,기타,LED1,Aedes vexans,7,7,1,0,0,0,,N,,2026-05-26,최연희(chldusgmlek),2026년,05월,2주
431,말라리아매개모기조사감시,강원도보건환경연구원,2026,5,2주,2026-05-16,강원,화천군 화천읍 신읍리,기타,LED1,Ochlerotatus koreicus,61,7,8,0,0,0,,N,,2026-05-26,최연희(chldusgmlek),2026년,05월,2주
432,말라리아매개모기조사감시,강원도보건환경연구원,2026,5,2주,2026-05-16,강원,철원군 김화읍 학사리,기타,LED1,Culex pipiens,7,7,1,0,0,0,,N,,2026-05-26,최연희(chldusgmlek),2026년,05월,2주
433,말라리아매개모기조사감시,강원도보건환경연구원,2026,5,2주,2026-05-16,강원,철원군 김화읍 학사리,기타,LED1,Culex orientalis,1,7,0,0,0,0,,N,,2026-05-26,최연희(chldusgmlek),2026년,05월,2주
434,말라리아매개모기조사감시,강원도보건환경연구원,2026,5,2주,2026-05-16,강원,철원군 김화읍 학사리,기타,LED1,Ochlerotatus koreicus,1,7,0,0,0,0,,N,,2026-05-26,최연희(chldusgmlek),2026년,05월,2주
435,말라리아매개모기조사감시,강원도보건환경연구원,2026,5,2주,2026-05-16,강원,철원군 김화읍 학사리,기타,LED1,Aedes vexans,11,7,1,0,0,0,,N,,2026-05-26,최연희(chldusgmlek),2026년,05월,2주
436,말라리아매개모기조사감시,강원도보건환경연구원,2026,5,2주,2026-05-16,강원,철원군 김화읍 학사리,기타,LED1,Anopheles spp.,2,7,0,2,1,0,,N,,2026-05-26,최연희(chldusgmlek),2026년,05월,2주
437,말라리아매개모기조사감시,강원도보건환경연구원,2026,5,2주,2026-05-16,강원,철원군 철원읍 대마리,기타,LED1,Aedes vexans,34,7,4,0,0,0,,N,,2026-05-26,최연희(chldusgmlek),2026년,05월,2주
438,말라리아매개모기조사감시,강원도보건환경연구원,2026,5,2주,2026-05-16,강원,철원군 철원읍 대마리,기타,LED1,Culex orientalis,1,7,0,0,0,0,,N,,2026-05-26,최연희(chldusgmlek),2026년,05월,2주
439,말라리아매개모기조사감시,강원도보건환경연구원,2026,5,2주,2026-05-16,강원,철원군 철원읍 대마리,기타,LED1,Culex pipiens,15,7,2,0,0,0,,N,,2026-05-26,최연희(chldusgmlek),2026년,05월,2주
440,말라리아매개모기조사감시,강원도보건환경연구원,2026,5,2주,2026-05-16,강원,철원군 철원읍 대마리,기타,LED1,Ochlerotatus koreicus,1,7,0,0,0,0,,N,,2026-05-26,최연희(chldusgmlek),2026년,05월,2주
441,말라리아매개모기조사감시,강원도보건환경연구원,2026,5,2주,2026-05-16,강원,철원군 철원읍 대마리,기타,LED1,Anopheles spp.,6,7,0,6,1,0,,N,,2026-05-26,최연희(chldusgmlek),2026년,05월,2주
442,말라리아매개모기조사감시,강원도보건환경연구원,2026,5,2주,2026-05-16,강원,춘천시 신북읍 지내리,기타,LED1,Culex vagans,4,7,0,0,0,0,,N,,2026-05-26,최연희(chldusgmlek),2026년,05월,2주
443,말라리아매개모기조사감시,강원도보건환경연구원,2026,5,2주,2026-05-16,강원,춘천시 신북읍 지내리,기타,LED1,Culex pipiens,23,7,3,0,0,0,,N,,2026-05-26,최연희(chldusgmlek),2026년,05월,2주
444,말라리아매개모기조사감시,강원도보건환경연구원,2026,5,2주,2026-05-16,강원,춘천시 신북읍 지내리,기타,LED1,Culex orientalis,1,7,0,0,0,0,,N,,2026-05-26,최연희(chldusgmlek),2026년,05월,2주
445,말라리아매개모기조사감시,강원도보건환경연구원,2026,5,2주,2026-05-16,강원,춘천시 신북읍 지내리,기타,LED1,Aedes vexans,3,7,0,0,0,0,,N,,2026-05-26,최연희(chldusgmlek),2026년,05월,2주
446,말라리아매개모기조사감시,강원도보건환경연구원,2026,5,2주,2026-05-16,강원,춘천시 신북읍 지내리,기타,LED1,Anopheles spp.,1,7,0,1,1,0,,N,,2026-05-26,최연희(chldusgmlek),2026년,05월,2주
447,말라리아매개모기조사감시,강원도보건환경연구원,2026,5,2주,2026-05-16,강원,춘천시 중앙동,기타,LED1,Culex pipiens,39,7,5,0,0,0,,N,,2026-05-26,최연희(chldusgmlek),2026년,05월,2주
448,말라리아매개모기조사감시,강원도보건환경연구원,2026,5,2주,2026-05-16,강원,춘천시 중앙동,기타,LED1,Ochlerotatus koreicus,12,7,1,0,0,0,,N,,2026-05-26,최연희(chldusgmlek),2026년,05월,2주
449,말라리아매개모기조사감시,강원도보건환경연구원,2026,5,1주,2026-05-09,강원,인제군 인제읍 덕산리,기타,LED1,Culex pipiens,8,7,1,0,0,0,,N,,2026-05-13,최연희(chldusgmlek),2026년,05월,1주
450,말라리아매개모기조사감시,강원도보건환경연구원,2026,5,1주,2026-05-09,강원,양구군 남면 구암리,기타,LED1,Culex pipiens,4,7,0,0,0,0,,N,,2026-05-13,최연희(chldusgmlek),2026년,05월,1주
451,말라리아매개모기조사감시,강원도보건환경연구원,2026,5,1주,2026-05-09,강원,양구군 남면 구암리,기타,LED1,Aedes vexans,3,7,0,0,0,0,,N,,2026-05-13,최연희(chldusgmlek),2026년,05월,1주
452,말라리아매개모기조사감시,강원도보건환경연구원,2026,5,1주,2026-05-09,강원,양구군 남면 구암리,기타,LED1,Ochlerotatus koreicus,1,7,0,0,0,0,,N,,2026-05-13,최연희(chldusgmlek),2026년,05월,1주
453,말라리아매개모기조사감시,강원도보건환경연구원,2026,5,1주,2026-05-09,강원,화천군 화천읍 신읍리,기타,LED1,Culex pipiens,5,7,0,0,0,0,,N,,2026-05-13,최연희(chldusgmlek),2026년,05월,1주
454,말라리아매개모기조사감시,강원도보건환경연구원,2026,5,1주,2026-05-09,강원,철원군 김화읍 학사리,기타,LED1,Ochlerotatus koreicus,1,7,0,0,0,0,,N,,2026-05-13,최연희(chldusgmlek),2026년,05월,1주
455,말라리아매개모기조사감시,강원도보건환경연구원,2026,5,1주,2026-05-09,강원,철원군 김화읍 학사리,기타,LED1,Culex pipiens,1,7,0,0,0,0,,N,,2026-05-13,최연희(chldusgmlek),2026년,05월,1주
456,말라리아매개모기조사감시,강원도보건환경연구원,2026,5,1주,2026-05-09,강원,철원군 철원읍 대마리,기타,LED1,Aedes vexans,6,7,0,0,0,0,,N,,2026-05-13,최연희(chldusgmlek),2026년,05월,1주
457,말라리아매개모기조사감시,강원도보건환경연구원,2026,5,1주,2026-05-09,강원,철원군 철원읍 대마리,기타,LED1,Culex pipiens,4,7,0,0,0,0,,N,,2026-05-13,최연희(chldusgmlek),2026년,05월,1주
458,말라리아매개모기조사감시,강원도보건환경연구원,2026,5,1주,2026-05-09,강원,철원군 철원읍 대마리,기타,LED1,Anopheles spp.,1,7,0,1,1,0,,N,,2026-05-13,최연희(chldusgmlek),2026년,05월,1주
459,말라리아매개모기조사감시,강원도보건환경연구원,2026,5,1주,2026-05-09,강원,춘천시 신북읍 지내리,기타,LED1,Culex vagans,4,7,0,0,0,0,,N,,2026-05-13,최연희(chldusgmlek),2026년,05월,1주
460,말라리아매개모기조사감시,강원도보건환경연구원,2026,5,1주,2026-05-09,강원,춘천시 신북읍 지내리,기타,LED1,Culex pipiens,5,7,0,0,0,0,,N,,2026-05-13,최연희(chldusgmlek),2026년,05월,1주
461,말라리아매개모기조사감시,강원도보건환경연구원,2026,5,1주,2026-05-09,강원,춘천시 신북읍 지내리,기타,LED1,Culex orientalis,1,7,0,0,0,0,,N,,2026-05-13,최연희(chldusgmlek),2026년,05월,1주
462,말라리아매개모기조사감시,강원도보건환경연구원,2026,5,1주,2026-05-09,강원,춘천시 중앙동,기타,LED1,Ochlerotatus koreicus,2,7,0,0,0,0,,N,,2026-05-13,최연희(chldusgmlek),2026년,05월,1주
463,말라리아매개모기조사감시,강원도보건환경연구원,2026,5,1주,2026-05-09,강원,춘천시 중앙동,기타,LED1,Culex pipiens,13,7,1,0,0,0,,N,,2026-05-13,최연희(chldusgmlek),2026년,05월,1주
464,말라리아매개모기조사감시,강원도보건환경연구원,2026,5,4주,2026-05-02,강원,고성군 현내면 명파리,기타,LED1,Culex pipiens,1,7,0,0,0,0,,N,,2026-05-08,최연희(chldusgmlek),2026년,04월,4주
465,말라리아매개모기조사감시,강원도보건환경연구원,2026,5,4주,2026-05-02,강원,고성군 현내면 명파리,기타,LED1,Culex orientalis,1,7,0,0,0,0,,N,,2026-05-08,최연희(chldusgmlek),2026년,04월,4주
466,말라리아매개모기조사감시,강원도보건환경연구원,2026,5,4주,2026-05-02,강원,인제군 인제읍 덕산리,기타,LED1,Culex pipiens,5,7,0,0,0,0,,N,,2026-05-08,최연희(chldusgmlek),2026년,04월,4주
467,말라리아매개모기조사감시,강원도보건환경연구원,2026,5,4주,2026-05-02,강원,양구군 남면 구암리,기타,LED1,Culex pipiens,1,7,0,0,0,0,,N,,2026-05-08,최연희(chldusgmlek),2026년,04월,4주
468,말라리아매개모기조사감시,강원도보건환경연구원,2026,5,4주,2026-05-02,강원,양구군 남면 구암리,기타,LED1,Aedes vexans,1,7,0,0,0,0,,N,,2026-05-08,최연희(chldusgmlek),2026년,04월,4주
469,말라리아매개모기조사감시,강원도보건환경연구원,2026,5,4주,2026-05-02,강원,화천군 화천읍 신읍리,기타,LED1,Ochlerotatus koreicus,1,7,0,0,0,0,,N,,2026-05-08,최연희(chldusgmlek),2026년,04월,4주
470,말라리아매개모기조사감시,강원도보건환경연구원,2026,5,4주,2026-05-02,강원,화천군 화천읍 신읍리,기타,LED1,Aedes vexans,1,7,0,0,0,0,,N,,2026-05-08,최연희(chldusgmlek),2026년,04월,4주
471,말라리아매개모기조사감시,강원도보건환경연구원,2026,5,4주,2026-05-02,강원,화천군 화천읍 신읍리,기타,LED1,Culex pipiens,1,7,0,0,0,0,,N,,2026-05-08,최연희(chldusgmlek),2026년,04월,4주
472,말라리아매개모기조사감시,강원도보건환경연구원,2026,5,4주,2026-05-02,강원,화천군 화천읍 신읍리,기타,LED1,Culex orientalis,1,7,0,0,0,0,,N,,2026-05-08,최연희(chldusgmlek),2026년,04월,4주
473,말라리아매개모기조사감시,강원도보건환경연구원,2026,5,4주,2026-05-02,강원,철원군 김화읍 학사리,기타,LED1,Ochlerotatus koreicus,1,7,0,0,0,0,,N,,2026-05-08,최연희(chldusgmlek),2026년,04월,4주
474,말라리아매개모기조사감시,강원도보건환경연구원,2026,5,4주,2026-05-02,강원,철원군 김화읍 학사리,기타,LED1,Culex pipiens,9,7,1,0,0,0,,N,,2026-05-08,최연희(chldusgmlek),2026년,04월,4주
475,말라리아매개모기조사감시,강원도보건환경연구원,2026,5,4주,2026-05-02,강원,철원군 김화읍 학사리,기타,LED1,Culex orientalis,2,7,0,0,0,0,,N,,2026-05-08,최연희(chldusgmlek),2026년,04월,4주
476,말라리아매개모기조사감시,강원도보건환경연구원,2026,5,4주,2026-05-02,강원,철원군 김화읍 학사리,기타,LED1,Aedes albopictus,1,7,0,0,0,0,,N,,2026-05-08,최연희(chldusgmlek),2026년,04월,4주
477,말라리아매개모기조사감시,강원도보건환경연구원,2026,5,4주,2026-05-02,강원,철원군 철원읍 대마리,기타,LED1,Ochlerotatus koreicus,2,7,0,0,0,0,,N,,2026-05-08,최연희(chldusgmlek),2026년,04월,4주
478,말라리아매개모기조사감시,강원도보건환경연구원,2026,5,4주,2026-05-02,강원,철원군 철원읍 대마리,기타,LED1,Culex pipiens,4,7,0,0,0,0,,N,,2026-05-08,최연희(chldusgmlek),2026년,04월,4주
479,말라리아매개모기조사감시,강원도보건환경연구원,2026,5,4주,2026-05-02,강원,춘천시 신북읍 지내리,기타,LED1,Culex pipiens,1,7,0,0,0,0,,N,,2026-05-08,최연희(chldusgmlek),2026년,04월,4주
480,말라리아매개모기조사감시,강원도보건환경연구원,2026,5,4주,2026-05-02,강원,춘천시 신북읍 지내리,기타,LED1,Ochlerotatus koreicus,1,7,0,0,0,0,,N,,2026-05-08,최연희(chldusgmlek),2026년,04월,4주
481,말라리아매개모기조사감시,강원도보건환경연구원,2026,5,4주,2026-05-02,강원,춘천시 중앙동,기타,LED1,Culex orientalis,1,7,0,0,0,0,,N,,2026-05-08,최연희(chldusgmlek),2026년,04월,4주
482,말라리아매개모기조사감시,강원도보건환경연구원,2026,5,4주,2026-05-02,강원,춘천시 중앙동,기타,LED1,Ochlerotatus koreicus,1,7,0,0,0,0,,N,,2026-05-08,최연희(chldusgmlek),2026년,04월,4주
483,말라리아매개모기조사감시,강원도보건환경연구원,2026,5,4주,2026-05-02,강원,춘천시 중앙동,기타,LED1,Culex pipiens,10,7,1,0,0,0,,N,,2026-05-08,최연희(chldusgmlek),2026년,04월,4주
484,말라리아매개모기조사감시,강원도보건환경연구원,2026,4,4주,2026-04-25,강원,고성군 현내면 명파리,기타,LED1,Culex pipiens,1,7,0,0,0,0,,N,,2026-05-08,최연희(chldusgmlek),2026년,04월,4주
485,말라리아매개모기조사감시,강원도보건환경연구원,2026,4,4주,2026-04-25,강원,인제군 인제읍 덕산리,기타,LED1,Culex orientalis,2,7,0,0,0,0,,N,,2026-05-04,최연희(chldusgmlek),2026년,04월,4주
486,말라리아매개모기조사감시,강원도보건환경연구원,2026,4,4주,2026-04-25,강원,인제군 인제읍 덕산리,기타,LED1,Culex pipiens,4,7,0,0,0,0,,N,,2026-05-04,최연희(chldusgmlek),2026년,04월,4주
487,말라리아매개모기조사감시,강원도보건환경연구원,2026,4,4주,2026-04-25,강원,양구군 남면 구암리,기타,LED1,Culex orientalis,1,7,0,0,0,0,,N,,2026-05-04,최연희(chldusgmlek),2026년,04월,4주
488,말라리아매개모기조사감시,강원도보건환경연구원,2026,4,4주,2026-04-25,강원,화천군 화천읍 신읍리,기타,LED1,Culex pipiens,1,7,0,0,0,0,,N,,2026-05-04,최연희(chldusgmlek),2026년,04월,4주
489,말라리아매개모기조사감시,강원도보건환경연구원,2026,4,4주,2026-04-25,강원,화천군 화천읍 신읍리,기타,LED1,Culex orientalis,1,7,0,0,0,0,,N,,2026-05-04,최연희(chldusgmlek),2026년,04월,4주
490,말라리아매개모기조사감시,강원도보건환경연구원,2026,4,4주,2026-04-25,강원,철원군 김화읍 학사리,기타,LED1,Ochlerotatus koreicus,2,7,0,0,0,0,,N,,2026-05-04,최연희(chldusgmlek),2026년,04월,4주
491,말라리아매개모기조사감시,강원도보건환경연구원,2026,4,4주,2026-04-25,강원,철원군 김화읍 학사리,기타,LED1,Culex pipiens,8,7,1,0,0,0,,N,,2026-05-04,최연희(chldusgmlek),2026년,04월,4주
492,말라리아매개모기조사감시,강원도보건환경연구원,2026,4,4주,2026-04-25,강원,철원군 김화읍 학사리,기타,LED1,Culex orientalis,3,7,0,0,0,0,,N,,2026-05-04,최연희(chldusgmlek),2026년,04월,4주
493,말라리아매개모기조사감시,강원도보건환경연구원,2026,4,4주,2026-04-25,강원,철원군 철원읍 대마리,기타,LED1,Culex pipiens,4,7,0,0,0,0,,N,,2026-05-04,최연희(chldusgmlek),2026년,04월,4주
494,말라리아매개모기조사감시,강원도보건환경연구원,2026,4,4주,2026-04-25,강원,춘천시 신북읍 지내리,기타,LED1,Culex pipiens,5,7,0,0,0,0,,N,,2026-05-04,최연희(chldusgmlek),2026년,04월,4주
495,말라리아매개모기조사감시,강원도보건환경연구원,2026,4,4주,2026-04-25,강원,춘천시 중앙동,기타,LED1,Ochlerotatus koreicus,1,7,0,0,0,0,,N,,2026-05-04,최연희(chldusgmlek),2026년,04월,4주
496,말라리아매개모기조사감시,강원도보건환경연구원,2026,4,4주,2026-04-25,강원,춘천시 중앙동,기타,LED1,Culex pipiens,20,7,2,0,0,0,,N,,2026-05-04,최연희(chldusgmlek),2026년,04월,4주
497,말라리아매개모기조사감시,강원도보건환경연구원,2026,4,3주,2026-04-18,강원,고성군 현내면 명파리,기타,LED1,미채집,0,7,0,0,0,0,모기채집안됨,N,,2026-04-24,최연희(chldusgmlek),2026년,04월,3주
498,말라리아매개모기조사감시,강원도보건환경연구원,2026,4,3주,2026-04-18,강원,인제군 인제읍 덕산리,기타,LED1,Culex pipiens,1,7,0,0,0,0,,N,,2026-04-24,최연희(chldusgmlek),2026년,04월,3주
499,말라리아매개모기조사감시,강원도보건환경연구원,2026,4,3주,2026-04-18,강원,양구군 남면 구암리,기타,LED1,Culex pipiens,13,7,1,0,0,0,,N,,2026-04-24,최연희(chldusgmlek),2026년,04월,3주
500,말라리아매개모기조사감시,강원도보건환경연구원,2026,4,3주,2026-04-18,강원,화천군 화천읍 신읍리,기타,LED1,Culex pipiens,12,7,1,0,0,0,,N,,2026-04-24,최연희(chldusgmlek),2026년,04월,3주
501,말라리아매개모기조사감시,강원도보건환경연구원,2026,4,3주,2026-04-18,강원,화천군 화천읍 신읍리,기타,LED1,Culex orientalis,2,7,0,0,0,0,,N,,2026-04-24,최연희(chldusgmlek),2026년,04월,3주
502,말라리아매개모기조사감시,강원도보건환경연구원,2026,4,3주,2026-04-18,강원,화천군 화천읍 신읍리,기타,LED1,Anopheles spp.,1,7,0,1,1,0,,N,,2026-04-24,최연희(chldusgmlek),2026년,04월,3주
503,말라리아매개모기조사감시,강원도보건환경연구원,2026,4,3주,2026-04-18,강원,철원군 김화읍 학사리,기타,LED1,Culex pipiens,4,7,0,0,0,0,,N,,2026-04-24,최연희(chldusgmlek),2026년,04월,3주
504,말라리아매개모기조사감시,강원도보건환경연구원,2026,4,3주,2026-04-18,강원,철원군 김화읍 학사리,기타,LED1,Culex orientalis,3,7,0,0,0,0,,N,,2026-04-24,최연희(chldusgmlek),2026년,04월,3주
505,말라리아매개모기조사감시,강원도보건환경연구원,2026,4,3주,2026-04-18,강원,철원군 철원읍 대마리,기타,LED1,Culex orientalis,1,7,0,0,0,0,,N,,2026-04-24,최연희(chldusgmlek),2026년,04월,3주
506,말라리아매개모기조사감시,강원도보건환경연구원,2026,4,3주,2026-04-18,강원,철원군 철원읍 대마리,기타,LED1,Culex pipiens,12,7,1,0,0,0,,N,,2026-04-24,최연희(chldusgmlek),2026년,04월,3주
507,말라리아매개모기조사감시,강원도보건환경연구원,2026,4,3주,2026-04-18,강원,철원군 철원읍 대마리,기타,LED1,Anopheles spp.,4,7,0,4,1,0,,N,,2026-04-24,최연희(chldusgmlek),2026년,04월,3주
508,말라리아매개모기조사감시,강원도보건환경연구원,2026,4,3주,2026-04-18,강원,춘천시 신북읍 지내리,기타,LED1,Culex pipiens,9,7,1,0,0,0,,N,,2026-04-24,최연희(chldusgmlek),2026년,04월,3주
509,말라리아매개모기조사감시,강원도보건환경연구원,2026,4,3주,2026-04-18,강원,춘천시 중앙동,기타,LED1,Culex pipiens,69,7,9,0,0,0,,N,,2026-04-24,최연희(chldusgmlek),2026년,04월,3주
510,말라리아매개모기조사감시,강원도보건환경연구원,2026,4,2주,2026-04-11,강원,고성군 현내면 명파리,기타,LED1,미채집,0,7,0,0,0,0,모기채집안됨,N,,2026-04-16,정태동(skyjtd15),2026년,04월,2주
511,말라리아매개모기조사감시,강원도보건환경연구원,2026,4,2주,2026-04-11,강원,인제군 인제읍 덕산리,기타,LED1,Culex pipiens,2,7,0,0,0,0,,N,,2026-04-16,정태동(skyjtd15),2026년,04월,2주
512,말라리아매개모기조사감시,강원도보건환경연구원,2026,4,2주,2026-04-11,강원,양구군 남면 구암리,기타,LED1,Culex pipiens,11,7,1,0,0,0,,N,,2026-04-16,정태동(skyjtd15),2026년,04월,2주
513,말라리아매개모기조사감시,강원도보건환경연구원,2026,4,2주,2026-04-11,강원,양구군 남면 구암리,기타,LED1,Culex orientalis,3,7,0,0,0,0,,N,,2026-04-16,정태동(skyjtd15),2026년,04월,2주
514,말라리아매개모기조사감시,강원도보건환경연구원,2026,4,2주,2026-04-11,강원,양구군 남면 구암리,기타,LED1,Anopheles spp.,1,7,0,1,1,0,,N,,2026-04-16,정태동(skyjtd15),2026년,04월,2주
515,말라리아매개모기조사감시,강원도보건환경연구원,2026,4,2주,2026-04-11,강원,화천군 화천읍 신읍리,기타,LED1,Culex pipiens,3,7,0,0,0,0,,N,,2026-04-16,정태동(skyjtd15),2026년,04월,2주
516,말라리아매개모기조사감시,강원도보건환경연구원,2026,4,2주,2026-04-11,강원,화천군 화천읍 신읍리,기타,LED1,Aedes vexans,1,7,0,0,0,0,,N,,2026-04-16,정태동(skyjtd15),2026년,04월,2주
517,말라리아매개모기조사감시,강원도보건환경연구원,2026,4,2주,2026-04-11,강원,철원군 김화읍 학사리,기타,LED1,Culex pipiens,6,7,0,0,0,0,,N,,2026-04-16,정태동(skyjtd15),2026년,04월,2주
518,말라리아매개모기조사감시,강원도보건환경연구원,2026,4,2주,2026-04-11,강원,철원군 철원읍 대마리,기타,LED1,Culex pipiens,3,7,0,0,0,0,,N,,2026-04-16,정태동(skyjtd15),2026년,04월,2주
519,말라리아매개모기조사감시,강원도보건환경연구원,2026,4,2주,2026-04-11,강원,춘천시 신북읍 지내리,기타,LED1,Culex pipiens,1,7,0,0,0,0,,N,,2026-04-16,정태동(skyjtd15),2026년,04월,2주
520,말라리아매개모기조사감시,강원도보건환경연구원,2026,4,2주,2026-04-11,강원,춘천시 신북읍 지내리,기타,LED1,Anopheles spp.,1,7,0,1,1,0,,N,,2026-04-16,정태동(skyjtd15),2026년,04월,2주
521,말라리아매개모기조사감시,강원도보건환경연구원,2026,4,2주,2026-04-11,강원,춘천시 중앙동,기타,LED1,Culex pipiens,23,7,3,0,0,0,,N,,2026-04-16,정태동(skyjtd15),2026년,04월,2주
522,말라리아매개모기조사감시,강원도보건환경연구원,2026,4,1주,2026-04-04,강원,고성군 현내면 명파리,기타,LED1,미채집,0,7,0,0,0,0,모기채집안됨,N,,2026-04-14,정태동(skyjtd15),2026년,04월,1주
523,말라리아매개모기조사감시,강원도보건환경연구원,2026,4,1주,2026-04-04,강원,인제군 인제읍 덕산리,기타,LED1,미채집,0,7,0,0,0,0,모기채집안됨,N,,2026-04-14,정태동(skyjtd15),2026년,04월,1주
524,말라리아매개모기조사감시,강원도보건환경연구원,2026,4,1주,2026-04-04,강원,양구군 남면 구암리,기타,LED1,미채집,0,7,0,0,0,0,모기채집안됨,N,,2026-04-14,정태동(skyjtd15),2026년,04월,1주
525,말라리아매개모기조사감시,강원도보건환경연구원,2026,4,1주,2026-04-04,강원,화천군 화천읍 신읍리,기타,LED1,미채집,0,7,0,0,0,0,모기채집안됨,N,,2026-04-14,정태동(skyjtd15),2026년,04월,1주
526,말라리아매개모기조사감시,강원도보건환경연구원,2026,4,1주,2026-04-04,강원,철원군 김화읍 학사리,기타,LED1,Culex pipiens,14,7,2,0,0,0,,N,,2026-04-14,정태동(skyjtd15),2026년,04월,1주
527,말라리아매개모기조사감시,강원도보건환경연구원,2026,4,1주,2026-04-04,강원,철원군 김화읍 학사리,기타,LED1,Culex orientalis,1,7,0,0,0,0,,N,,2026-04-14,정태동(skyjtd15),2026년,04월,1주
528,말라리아매개모기조사감시,강원도보건환경연구원,2026,4,1주,2026-04-04,강원,철원군 철원읍 대마리,기타,LED1,Culex pipiens,18,7,2,0,0,0,,N,,2026-04-14,정태동(skyjtd15),2026년,04월,1주
529,말라리아매개모기조사감시,강원도보건환경연구원,2026,4,1주,2026-04-04,강원,철원군 철원읍 대마리,기타,LED1,Culex orientalis,1,7,0,0,0,0,,N,,2026-04-14,정태동(skyjtd15),2026년,04월,1주
530,말라리아매개모기조사감시,강원도보건환경연구원,2026,4,1주,2026-04-04,강원,철원군 철원읍 대마리,기타,LED1,Anopheles spp.,1,7,0,1,1,0,,N,,2026-04-14,정태동(skyjtd15),2026년,04월,1주
531,말라리아매개모기조사감시,강원도보건환경연구원,2026,4,1주,2026-04-04,강원,춘천시 신북읍 지내리,기타,LED1,Culex pipiens,6,7,0,0,0,0,,N,,2026-04-14,정태동(skyjtd15),2026년,04월,1주
532,말라리아매개모기조사감시,강원도보건환경연구원,2026,4,1주,2026-04-04,강원,춘천시 중앙동,기타,LED1,Culex pipiens,30,7,4,0,0,0,,N,,2026-04-14,정태동(skyjtd15),2026년,04월,1주
533,말라리아매개모기조사감시,강원도보건환경연구원,2026,4,1주,2026-04-04,강원,춘천시 중앙동,기타,LED1,Culex orientalis,2,7,0,0,0,0,,N,,2026-04-14,정태동(skyjtd15),2026년,04월,1주
534,말라리아매개모기조사감시,강원도보건환경연구원,2026,4,1주,2026-04-04,강원,춘천시 중앙동,기타,LED1,Anopheles spp.,2,7,0,2,1,0,,N,,2026-04-14,정태동(skyjtd15),2026년,04월,1주
535,말라리아매개모기조사감시,강원도보건환경연구원,2025,10,2주,2025-10-11,강원,고성군 현내면 명파리,기타,LED1,Anopheles spp.,1,11,0,1,1,0,,N,,2026-01-27,최연희(chldusgmlek),2025년,10월,2주
536,말라리아매개모기조사감시,강원도보건환경연구원,2025,10,4주,2025-11-01,강원,인제군 인제읍 덕산리,기타,LED1,Armigeres subalbatus,1,7,0,0,0,0,,N,,2025-11-06,최연희(chldusgmlek),2025년,10월,4주
537,말라리아매개모기조사감시,강원도보건환경연구원,2025,10,4주,2025-11-01,강원,인제군 인제읍 덕산리,기타,LED1,Aedes vexans,1,7,0,0,0,0,,N,,2025-11-06,최연희(chldusgmlek),2025년,10월,4주
538,말라리아매개모기조사감시,강원도보건환경연구원,2025,10,4주,2025-11-01,강원,양구군 남면 구암리,기타,LED1,Culex tritaeniorhynchus,1,7,0,0,0,0,,N,,2025-11-06,최연희(chldusgmlek),2025년,10월,4주
539,말라리아매개모기조사감시,강원도보건환경연구원,2025,10,4주,2025-11-01,강원,양구군 남면 구암리,기타,LED1,Culex pipiens,1,7,0,0,0,0,,N,,2025-11-06,최연희(chldusgmlek),2025년,10월,4주
540,말라리아매개모기조사감시,강원도보건환경연구원,2025,10,4주,2025-11-01,강원,화천군 화천읍 신읍리,기타,LED1,Culex tritaeniorhynchus,1,7,0,0,0,0,,N,,2025-11-06,최연희(chldusgmlek),2025년,10월,4주
541,말라리아매개모기조사감시,강원도보건환경연구원,2025,10,4주,2025-11-01,강원,화천군 화천읍 신읍리,기타,LED1,Culex pipiens,10,7,1,0,0,0,,N,,2025-11-06,최연희(chldusgmlek),2025년,10월,4주
542,말라리아매개모기조사감시,강원도보건환경연구원,2025,10,4주,2025-11-01,강원,화천군 화천읍 신읍리,기타,LED1,Culex orientalis,1,7,0,0,0,0,,N,,2025-11-06,최연희(chldusgmlek),2025년,10월,4주
543,말라리아매개모기조사감시,강원도보건환경연구원,2025,10,4주,2025-11-01,강원,화천군 화천읍 신읍리,기타,LED1,Aedes vexans,1,7,0,0,0,0,,N,,2025-11-06,최연희(chldusgmlek),2025년,10월,4주
544,말라리아매개모기조사감시,강원도보건환경연구원,2025,10,4주,2025-11-01,강원,철원군 김화읍 학사리,기타,LED1,Culex pipiens,44,7,6,0,0,0,,N,,2025-11-06,최연희(chldusgmlek),2025년,10월,4주
545,말라리아매개모기조사감시,강원도보건환경연구원,2025,10,4주,2025-11-01,강원,철원군 김화읍 학사리,기타,LED1,Culex orientalis,1,7,0,0,0,0,,N,,2025-11-06,최연희(chldusgmlek),2025년,10월,4주
546,말라리아매개모기조사감시,강원도보건환경연구원,2025,10,4주,2025-11-01,강원,춘천시 신북읍 지내리,기타,LED1,Culex pipiens,7,7,1,0,0,0,,N,,2025-11-06,최연희(chldusgmlek),2025년,10월,4주
547,말라리아매개모기조사감시,강원도보건환경연구원,2025,10,4주,2025-11-01,강원,춘천시 신북읍 지내리,기타,LED1,Aedes vexans,1,7,0,0,0,0,,N,,2025-11-06,최연희(chldusgmlek),2025년,10월,4주
548,말라리아매개모기조사감시,강원도보건환경연구원,2025,10,4주,2025-11-01,강원,춘천시 중앙동,기타,LED1,Culex pipiens,54,7,7,0,0,0,,N,,2025-11-06,최연희(chldusgmlek),2025년,10월,4주
549,말라리아매개모기조사감시,강원도보건환경연구원,2025,10,4주,2025-11-01,강원,춘천시 중앙동,기타,LED1,Aedes vexans,1,7,0,0,0,0,,N,,2025-11-06,최연희(chldusgmlek),2025년,10월,4주
550,말라리아매개모기조사감시,강원도보건환경연구원,2025,10,4주,2025-10-25,강원,인제군 인제읍 덕산리,기타,LED1,Culex pipiens,2,7,0,0,0,0,,N,,2025-11-03,최연희(chldusgmlek),2025년,10월,4주
551,말라리아매개모기조사감시,강원도보건환경연구원,2025,10,4주,2025-10-25,강원,인제군 인제읍 덕산리,기타,LED1,Culex orientalis,1,7,0,0,0,0,,N,,2025-11-03,최연희(chldusgmlek),2025년,10월,4주
552,말라리아매개모기조사감시,강원도보건환경연구원,2025,10,4주,2025-10-25,강원,인제군 인제읍 덕산리,기타,LED1,Armigeres subalbatus,4,7,0,0,0,0,,N,,2025-11-03,최연희(chldusgmlek),2025년,10월,4주
553,말라리아매개모기조사감시,강원도보건환경연구원,2025,10,4주,2025-10-25,강원,인제군 인제읍 덕산리,기타,LED1,Anopheles spp.,1,7,0,1,1,0,,N,,2025-11-03,최연희(chldusgmlek),2025년,10월,4주
554,말라리아매개모기조사감시,강원도보건환경연구원,2025,10,4주,2025-10-25,강원,양구군 남면 구암리,기타,LED1,Culex pipiens,3,7,0,0,0,0,,N,,2025-11-03,최연희(chldusgmlek),2025년,10월,4주
555,말라리아매개모기조사감시,강원도보건환경연구원,2025,10,4주,2025-10-25,강원,양구군 남면 구암리,기타,LED1,Culex orientalis,1,7,0,0,0,0,,N,,2025-11-03,최연희(chldusgmlek),2025년,10월,4주
556,말라리아매개모기조사감시,강원도보건환경연구원,2025,10,4주,2025-10-25,강원,화천군 화천읍 신읍리,기타,LED1,Culex pipiens,6,7,0,0,0,0,,N,,2025-11-03,최연희(chldusgmlek),2025년,10월,4주
557,말라리아매개모기조사감시,강원도보건환경연구원,2025,10,4주,2025-10-25,강원,철원군 김화읍 학사리,기타,LED1,Culex pipiens,25,7,3,0,0,0,,N,,2025-11-03,최연희(chldusgmlek),2025년,10월,4주
558,말라리아매개모기조사감시,강원도보건환경연구원,2025,10,4주,2025-10-25,강원,철원군 철원읍 대마리,기타,LED1,Culex pipiens,17,7,2,0,0,0,,N,,2025-11-03,최연희(chldusgmlek),2025년,10월,4주
559,말라리아매개모기조사감시,강원도보건환경연구원,2025,10,4주,2025-10-25,강원,춘천시 신북읍 지내리,기타,LED1,Culex pipiens,3,7,0,0,0,0,,N,,2025-11-03,최연희(chldusgmlek),2025년,10월,4주
560,말라리아매개모기조사감시,강원도보건환경연구원,2025,10,4주,2025-10-25,강원,춘천시 신북읍 지내리,기타,LED1,Anopheles spp.,1,7,0,1,1,0,,N,,2025-11-03,최연희(chldusgmlek),2025년,10월,4주
561,말라리아매개모기조사감시,강원도보건환경연구원,2025,10,4주,2025-10-25,강원,춘천시 중앙동,기타,LED1,Culex pipiens,40,7,5,0,0,0,,N,,2025-11-03,최연희(chldusgmlek),2025년,10월,4주
562,말라리아매개모기조사감시,강원도보건환경연구원,2025,10,4주,2025-10-25,강원,춘천시 중앙동,기타,LED1,Culex orientalis,3,7,0,0,0,0,,N,,2025-11-03,최연희(chldusgmlek),2025년,10월,4주
563,말라리아매개모기조사감시,강원도보건환경연구원,2025,10,4주,2025-10-25,강원,춘천시 중앙동,기타,LED1,Armigeres subalbatus,1,7,0,0,0,0,,N,,2025-11-03,최연희(chldusgmlek),2025년,10월,4주
564,말라리아매개모기조사감시,강원도보건환경연구원,2025,10,4주,2025-10-25,강원,춘천시 중앙동,기타,LED1,Ochlerotatus koreicus,1,7,0,0,0,0,,N,,2025-11-03,최연희(chldusgmlek),2025년,10월,4주
565,말라리아매개모기조사감시,강원도보건환경연구원,2025,10,4주,2025-10-25,강원,춘천시 중앙동,기타,LED1,Anopheles spp.,1,7,0,1,1,0,,N,,2025-11-03,최연희(chldusgmlek),2025년,10월,4주
566,말라리아매개모기조사감시,강원도보건환경연구원,2025,10,3주,2025-10-18,강원,고성군 현내면 명파리,기타,LED1,Armigeres subalbatus,2,7,0,0,0,0,,N,,2025-11-03,최연희(chldusgmlek),2025년,10월,3주
567,말라리아매개모기조사감시,강원도보건환경연구원,2025,10,3주,2025-10-18,강원,고성군 현내면 명파리,기타,LED1,Aedes vexans,3,7,0,0,0,0,,N,,2025-11-03,최연희(chldusgmlek),2025년,10월,3주
568,말라리아매개모기조사감시,강원도보건환경연구원,2025,10,3주,2025-10-18,강원,고성군 현내면 명파리,기타,LED1,Ochlerotatus togoi,6,7,0,0,0,0,,N,,2025-11-03,최연희(chldusgmlek),2025년,10월,3주
569,말라리아매개모기조사감시,강원도보건환경연구원,2025,10,3주,2025-10-18,강원,고성군 현내면 명파리,기타,LED1,Ochlerotatus koreicus,4,7,0,0,0,0,,N,,2025-11-03,최연희(chldusgmlek),2025년,10월,3주
570,말라리아매개모기조사감시,강원도보건환경연구원,2025,10,3주,2025-10-18,강원,인제군 인제읍 덕산리,기타,LED1,Culex pipiens,3,7,0,0,0,0,,N,,2025-11-03,최연희(chldusgmlek),2025년,10월,3주
571,말라리아매개모기조사감시,강원도보건환경연구원,2025,10,3주,2025-10-18,강원,인제군 인제읍 덕산리,기타,LED1,Armigeres subalbatus,13,7,1,0,0,0,,N,,2025-11-03,최연희(chldusgmlek),2025년,10월,3주
572,말라리아매개모기조사감시,강원도보건환경연구원,2025,10,3주,2025-10-18,강원,양구군 남면 구암리,기타,LED1,Culex tritaeniorhynchus,1,7,0,0,0,0,,N,,2025-11-03,최연희(chldusgmlek),2025년,10월,3주
573,말라리아매개모기조사감시,강원도보건환경연구원,2025,10,3주,2025-10-18,강원,양구군 남면 구암리,기타,LED1,Culex pipiens,28,7,4,0,0,0,,N,,2025-11-03,최연희(chldusgmlek),2025년,10월,3주
574,말라리아매개모기조사감시,강원도보건환경연구원,2025,10,3주,2025-10-18,강원,양구군 남면 구암리,기타,LED1,Culex orientalis,7,7,1,0,0,0,,N,,2025-11-03,최연희(chldusgmlek),2025년,10월,3주
575,말라리아매개모기조사감시,강원도보건환경연구원,2025,10,3주,2025-10-18,강원,양구군 남면 구암리,기타,LED1,Armigeres subalbatus,5,7,0,0,0,0,,N,,2025-11-03,최연희(chldusgmlek),2025년,10월,3주
576,말라리아매개모기조사감시,강원도보건환경연구원,2025,10,3주,2025-10-18,강원,양구군 남면 구암리,기타,LED1,Aedes vexans,6,7,0,0,0,0,,N,,2025-11-03,최연희(chldusgmlek),2025년,10월,3주
577,말라리아매개모기조사감시,강원도보건환경연구원,2025,10,3주,2025-10-18,강원,양구군 남면 구암리,기타,LED1,Ochlerotatus koreicus,1,7,0,0,0,0,,N,,2025-11-03,최연희(chldusgmlek),2025년,10월,3주
578,말라리아매개모기조사감시,강원도보건환경연구원,2025,10,3주,2025-10-18,강원,양구군 남면 구암리,기타,LED1,Anopheles spp.,9,7,1,9,1,0,,N,,2025-11-03,최연희(chldusgmlek),2025년,10월,3주
579,말라리아매개모기조사감시,강원도보건환경연구원,2025,10,3주,2025-10-18,강원,화천군 화천읍 신읍리,기타,LED1,Culex pipiens,7,7,1,0,0,0,,N,,2025-11-03,최연희(chldusgmlek),2025년,10월,3주
580,말라리아매개모기조사감시,강원도보건환경연구원,2025,10,3주,2025-10-18,강원,화천군 화천읍 신읍리,기타,LED1,Culex orientalis,2,7,0,0,0,0,,N,,2025-11-03,최연희(chldusgmlek),2025년,10월,3주
581,말라리아매개모기조사감시,강원도보건환경연구원,2025,10,3주,2025-10-18,강원,화천군 화천읍 신읍리,기타,LED1,Armigeres subalbatus,26,7,3,0,0,0,,N,,2025-11-03,최연희(chldusgmlek),2025년,10월,3주
582,말라리아매개모기조사감시,강원도보건환경연구원,2025,10,3주,2025-10-18,강원,화천군 화천읍 신읍리,기타,LED1,Aedes vexans,2,7,0,0,0,0,,N,,2025-11-03,최연희(chldusgmlek),2025년,10월,3주
583,말라리아매개모기조사감시,강원도보건환경연구원,2025,10,3주,2025-10-18,강원,화천군 화천읍 신읍리,기타,LED1,Anopheles spp.,2,7,0,2,1,0,,N,,2025-11-03,최연희(chldusgmlek),2025년,10월,3주
584,말라리아매개모기조사감시,강원도보건환경연구원,2025,10,3주,2025-10-18,강원,철원군 김화읍 학사리,기타,LED1,Culex pipiens,13,7,1,0,0,0,,N,,2025-11-03,최연희(chldusgmlek),2025년,10월,3주
585,말라리아매개모기조사감시,강원도보건환경연구원,2025,10,3주,2025-10-18,강원,철원군 김화읍 학사리,기타,LED1,Culex orientalis,2,7,0,0,0,0,,N,,2025-11-03,최연희(chldusgmlek),2025년,10월,3주
586,말라리아매개모기조사감시,강원도보건환경연구원,2025,10,3주,2025-10-18,강원,철원군 김화읍 학사리,기타,LED1,Armigeres subalbatus,1,7,0,0,0,0,,N,,2025-11-03,최연희(chldusgmlek),2025년,10월,3주
587,말라리아매개모기조사감시,강원도보건환경연구원,2025,10,3주,2025-10-18,강원,철원군 김화읍 학사리,기타,LED1,Aedes vexans,3,7,0,0,0,0,,N,,2025-11-03,최연희(chldusgmlek),2025년,10월,3주
588,말라리아매개모기조사감시,강원도보건환경연구원,2025,10,3주,2025-10-18,강원,철원군 김화읍 학사리,기타,LED1,Ochlerotatus koreicus,5,7,0,0,0,0,,N,,2025-11-03,최연희(chldusgmlek),2025년,10월,3주
589,말라리아매개모기조사감시,강원도보건환경연구원,2025,10,3주,2025-10-18,강원,철원군 철원읍 대마리,기타,LED1,Culex pipiens,25,7,3,0,0,0,,N,,2025-11-03,최연희(chldusgmlek),2025년,10월,3주
590,말라리아매개모기조사감시,강원도보건환경연구원,2025,10,3주,2025-10-18,강원,철원군 철원읍 대마리,기타,LED1,Culex orientalis,2,7,0,0,0,0,,N,,2025-11-03,최연희(chldusgmlek),2025년,10월,3주
591,말라리아매개모기조사감시,강원도보건환경연구원,2025,10,3주,2025-10-18,강원,철원군 철원읍 대마리,기타,LED1,Armigeres subalbatus,2,7,0,0,0,0,,N,,2025-11-03,최연희(chldusgmlek),2025년,10월,3주
592,말라리아매개모기조사감시,강원도보건환경연구원,2025,10,3주,2025-10-18,강원,철원군 철원읍 대마리,기타,LED1,Aedes vexans,2,7,0,0,0,0,,N,,2025-11-03,최연희(chldusgmlek),2025년,10월,3주
593,말라리아매개모기조사감시,강원도보건환경연구원,2025,10,3주,2025-10-18,강원,철원군 철원읍 대마리,기타,LED1,Ochlerotatus koreicus,19,7,2,0,0,0,,N,,2025-11-03,최연희(chldusgmlek),2025년,10월,3주
594,말라리아매개모기조사감시,강원도보건환경연구원,2025,10,3주,2025-10-18,강원,철원군 철원읍 대마리,기타,LED1,Aedes albopictus,1,7,0,0,0,0,,N,,2025-11-03,최연희(chldusgmlek),2025년,10월,3주
595,말라리아매개모기조사감시,강원도보건환경연구원,2025,10,3주,2025-10-18,강원,철원군 철원읍 대마리,기타,LED1,Anopheles spp.,1,7,0,1,1,0,,N,,2025-11-03,최연희(chldusgmlek),2025년,10월,3주
596,말라리아매개모기조사감시,강원도보건환경연구원,2025,10,3주,2025-10-18,강원,춘천시 신북읍 지내리,기타,LED1,Culex pipiens,1,7,0,0,0,0,,N,,2025-11-03,최연희(chldusgmlek),2025년,10월,3주
597,말라리아매개모기조사감시,강원도보건환경연구원,2025,10,3주,2025-10-18,강원,춘천시 신북읍 지내리,기타,LED1,Armigeres subalbatus,4,7,0,0,0,0,,N,,2025-11-03,최연희(chldusgmlek),2025년,10월,3주
598,말라리아매개모기조사감시,강원도보건환경연구원,2025,10,3주,2025-10-18,강원,춘천시 신북읍 지내리,기타,LED1,Aedes vexans,2,7,0,0,0,0,,N,,2025-11-03,최연희(chldusgmlek),2025년,10월,3주
599,말라리아매개모기조사감시,강원도보건환경연구원,2025,10,3주,2025-10-18,강원,춘천시 신북읍 지내리,기타,LED1,Ochlerotatus koreicus,1,7,0,0,0,0,,N,,2025-11-03,최연희(chldusgmlek),2025년,10월,3주
600,말라리아매개모기조사감시,강원도보건환경연구원,2025,10,3주,2025-10-18,강원,춘천시 중앙동,기타,LED1,Culex pipiens,60,7,8,0,0,0,,N,,2025-11-03,최연희(chldusgmlek),2025년,10월,3주
601,말라리아매개모기조사감시,강원도보건환경연구원,2025,10,3주,2025-10-18,강원,춘천시 중앙동,기타,LED1,Culex orientalis,2,7,0,0,0,0,,N,,2025-11-03,최연희(chldusgmlek),2025년,10월,3주
602,말라리아매개모기조사감시,강원도보건환경연구원,2025,10,3주,2025-10-18,강원,춘천시 중앙동,기타,LED1,Armigeres subalbatus,2,7,0,0,0,0,,N,,2025-11-03,최연희(chldusgmlek),2025년,10월,3주
603,말라리아매개모기조사감시,강원도보건환경연구원,2025,10,3주,2025-10-18,강원,춘천시 중앙동,기타,LED1,Aedes vexans,2,7,0,0,0,0,,N,,2025-11-03,최연희(chldusgmlek),2025년,10월,3주
604,말라리아매개모기조사감시,강원도보건환경연구원,2025,10,3주,2025-10-18,강원,춘천시 중앙동,기타,LED1,Ochlerotatus koreicus,4,7,0,0,0,0,,N,,2025-11-03,최연희(chldusgmlek),2025년,10월,3주
605,말라리아매개모기조사감시,강원도보건환경연구원,2025,10,3주,2025-10-18,강원,춘천시 중앙동,기타,LED1,Aedes albopictus,6,7,0,0,0,0,,N,,2025-11-03,최연희(chldusgmlek),2025년,10월,3주
606,말라리아매개모기조사감시,강원도보건환경연구원,2025,10,3주,2025-10-18,강원,춘천시 중앙동,기타,LED1,Anopheles spp.,1,7,0,1,1,0,,N,,2025-11-03,최연희(chldusgmlek),2025년,10월,3주
607,말라리아매개모기조사감시,강원도보건환경연구원,2025,10,2주,2025-10-11,강원,고성군 현내면 명파리,기타,LED1,Culex tritaeniorhynchus,2,11,0,0,0,0,실제수거일 10-13,N,,2025-11-03,최연희(chldusgmlek),2025년,10월,2주
608,말라리아매개모기조사감시,강원도보건환경연구원,2025,10,2주,2025-10-11,강원,고성군 현내면 명파리,기타,LED1,Armigeres subalbatus,1,11,0,0,0,0,실제수거일 10-13,N,,2025-11-03,최연희(chldusgmlek),2025년,10월,2주
609,말라리아매개모기조사감시,강원도보건환경연구원,2025,10,2주,2025-10-11,강원,고성군 현내면 명파리,기타,LED1,Aedes vexans,1,11,0,0,0,0,실제수거일 10-13,N,,2025-11-03,최연희(chldusgmlek),2025년,10월,2주
610,말라리아매개모기조사감시,강원도보건환경연구원,2025,10,2주,2025-10-11,강원,고성군 현내면 명파리,기타,LED1,Ochlerotatus koreicus,1,11,0,0,0,0,실제수거일 10-13,N,,2025-11-03,최연희(chldusgmlek),2025년,10월,2주
611,말라리아매개모기조사감시,강원도보건환경연구원,2025,10,2주,2025-10-11,강원,인제군 인제읍 덕산리,기타,LED1,Culex pipiens,4,11,0,0,0,0,실제수거일 10-13,N,,2025-11-03,최연희(chldusgmlek),2025년,10월,2주
612,말라리아매개모기조사감시,강원도보건환경연구원,2025,10,2주,2025-10-11,강원,인제군 인제읍 덕산리,기타,LED1,Culex bitaeniorhynchus,1,11,0,0,0,0,실제수거일 10-13,N,,2025-11-03,최연희(chldusgmlek),2025년,10월,2주
613,말라리아매개모기조사감시,강원도보건환경연구원,2025,10,2주,2025-10-11,강원,인제군 인제읍 덕산리,기타,LED1,Armigeres subalbatus,13,11,1,0,0,0,실제수거일 10-13,N,,2025-11-03,최연희(chldusgmlek),2025년,10월,2주
614,말라리아매개모기조사감시,강원도보건환경연구원,2025,10,2주,2025-10-11,강원,인제군 인제읍 덕산리,기타,LED1,Ochlerotatus koreicus,5,11,0,0,0,0,실제수거일 10-13,N,,2025-11-03,최연희(chldusgmlek),2025년,10월,2주
615,말라리아매개모기조사감시,강원도보건환경연구원,2025,10,2주,2025-10-11,강원,인제군 인제읍 덕산리,기타,LED1,Aedes albopictus,1,11,0,0,0,0,실제수거일 10-13,N,,2025-11-03,최연희(chldusgmlek),2025년,10월,2주
616,말라리아매개모기조사감시,강원도보건환경연구원,2025,10,2주,2025-10-11,강원,양구군 남면 구암리,기타,LED1,Culex tritaeniorhynchus,3,11,0,0,0,0,실제수거일 10-13,N,,2025-11-03,최연희(chldusgmlek),2025년,10월,2주
617,말라리아매개모기조사감시,강원도보건환경연구원,2025,10,2주,2025-10-11,강원,양구군 남면 구암리,기타,LED1,Culex pipiens,23,11,2,0,0,0,실제수거일 10-13,N,,2025-11-03,최연희(chldusgmlek),2025년,10월,2주
618,말라리아매개모기조사감시,강원도보건환경연구원,2025,10,2주,2025-10-11,강원,양구군 남면 구암리,기타,LED1,Culex orientalis,3,11,0,0,0,0,실제수거일 10-13,N,,2025-11-03,최연희(chldusgmlek),2025년,10월,2주
619,말라리아매개모기조사감시,강원도보건환경연구원,2025,10,2주,2025-10-11,강원,양구군 남면 구암리,기타,LED1,Armigeres subalbatus,4,11,0,0,0,0,실제수거일 10-13,N,,2025-11-03,최연희(chldusgmlek),2025년,10월,2주
620,말라리아매개모기조사감시,강원도보건환경연구원,2025,10,2주,2025-10-11,강원,양구군 남면 구암리,기타,LED1,Aedes vexans,4,11,0,0,0,0,실제수거일 10-13,N,,2025-11-03,최연희(chldusgmlek),2025년,10월,2주
621,말라리아매개모기조사감시,강원도보건환경연구원,2025,10,2주,2025-10-11,강원,양구군 남면 구암리,기타,LED1,Anopheles spp.,4,11,0,4,1,0,실제수거일 10-13,N,,2025-11-03,최연희(chldusgmlek),2025년,10월,2주
622,말라리아매개모기조사감시,강원도보건환경연구원,2025,10,2주,2025-10-11,강원,화천군 화천읍 신읍리,기타,LED1,Culex tritaeniorhynchus,2,11,0,0,0,0,실제수거일 10-13,N,,2025-11-03,최연희(chldusgmlek),2025년,10월,2주
623,말라리아매개모기조사감시,강원도보건환경연구원,2025,10,2주,2025-10-11,강원,화천군 화천읍 신읍리,기타,LED1,Culex pipiens,15,11,1,0,0,0,실제수거일 10-13,N,,2025-11-03,최연희(chldusgmlek),2025년,10월,2주
624,말라리아매개모기조사감시,강원도보건환경연구원,2025,10,2주,2025-10-11,강원,화천군 화천읍 신읍리,기타,LED1,Culex orientalis,3,11,0,0,0,0,실제수거일 10-13,N,,2025-11-03,최연희(chldusgmlek),2025년,10월,2주
625,말라리아매개모기조사감시,강원도보건환경연구원,2025,10,2주,2025-10-11,강원,화천군 화천읍 신읍리,기타,LED1,Armigeres subalbatus,30,11,2,0,0,0,실제수거일 10-13,N,,2025-11-03,최연희(chldusgmlek),2025년,10월,2주
626,말라리아매개모기조사감시,강원도보건환경연구원,2025,10,2주,2025-10-11,강원,화천군 화천읍 신읍리,기타,LED1,Aedes vexans,8,11,0,0,0,0,실제수거일 10-13,N,,2025-11-03,최연희(chldusgmlek),2025년,10월,2주
627,말라리아매개모기조사감시,강원도보건환경연구원,2025,10,2주,2025-10-11,강원,화천군 화천읍 신읍리,기타,LED1,Ochlerotatus koreicus,17,11,1,0,0,0,실제수거일 10-13,N,,2025-11-03,최연희(chldusgmlek),2025년,10월,2주
628,말라리아매개모기조사감시,강원도보건환경연구원,2025,10,2주,2025-10-11,강원,화천군 화천읍 신읍리,기타,LED1,Aedes albopictus,1,11,0,0,0,0,실제수거일 10-13,N,,2025-11-03,최연희(chldusgmlek),2025년,10월,2주
629,말라리아매개모기조사감시,강원도보건환경연구원,2025,10,2주,2025-10-11,강원,화천군 화천읍 신읍리,기타,LED1,Anopheles spp.,2,11,0,2,1,0,실제수거일 10-13,N,,2025-11-03,최연희(chldusgmlek),2025년,10월,2주
630,말라리아매개모기조사감시,강원도보건환경연구원,2025,10,2주,2025-10-11,강원,철원군 김화읍 학사리,기타,LED1,Culex tritaeniorhynchus,39,11,3,0,0,0,실제수거일 10-13,N,,2025-11-03,최연희(chldusgmlek),2025년,10월,2주
631,말라리아매개모기조사감시,강원도보건환경연구원,2025,10,2주,2025-10-11,강원,철원군 김화읍 학사리,기타,LED1,Culex pipiens,9,11,0,0,0,0,실제수거일 10-13,N,,2025-11-03,최연희(chldusgmlek),2025년,10월,2주
632,말라리아매개모기조사감시,강원도보건환경연구원,2025,10,2주,2025-10-11,강원,철원군 김화읍 학사리,기타,LED1,Culex orientalis,4,11,0,0,0,0,실제수거일 10-13,N,,2025-11-03,최연희(chldusgmlek),2025년,10월,2주
633,말라리아매개모기조사감시,강원도보건환경연구원,2025,10,2주,2025-10-11,강원,철원군 김화읍 학사리,기타,LED1,Culex bitaeniorhynchus,2,11,0,0,0,0,실제수거일 10-13,N,,2025-11-03,최연희(chldusgmlek),2025년,10월,2주
634,말라리아매개모기조사감시,강원도보건환경연구원,2025,10,2주,2025-10-11,강원,철원군 김화읍 학사리,기타,LED1,Armigeres subalbatus,5,11,0,0,0,0,실제수거일 10-13,N,,2025-11-03,최연희(chldusgmlek),2025년,10월,2주
635,말라리아매개모기조사감시,강원도보건환경연구원,2025,10,2주,2025-10-11,강원,철원군 김화읍 학사리,기타,LED1,Aedes vexans,7,11,0,0,0,0,실제수거일 10-13,N,,2025-11-03,최연희(chldusgmlek),2025년,10월,2주
636,말라리아매개모기조사감시,강원도보건환경연구원,2025,10,2주,2025-10-11,강원,철원군 김화읍 학사리,기타,LED1,Ochlerotatus koreicus,3,11,0,0,0,0,실제수거일 10-13,N,,2025-11-03,최연희(chldusgmlek),2025년,10월,2주
637,말라리아매개모기조사감시,강원도보건환경연구원,2025,10,2주,2025-10-11,강원,철원군 김화읍 학사리,기타,LED1,Anopheles spp.,3,11,0,3,1,0,실제수거일 10-13,N,,2025-11-03,최연희(chldusgmlek),2025년,10월,2주
638,말라리아매개모기조사감시,강원도보건환경연구원,2025,10,2주,2025-10-11,강원,철원군 철원읍 대마리,기타,LED1,Culex tritaeniorhynchus,60,11,5,0,0,0,실제수거일 10-13,N,,2025-11-03,최연희(chldusgmlek),2025년,10월,2주
639,말라리아매개모기조사감시,강원도보건환경연구원,2025,10,2주,2025-10-11,강원,철원군 철원읍 대마리,기타,LED1,Culex pipiens,32,11,2,0,0,0,실제수거일 10-13,N,,2025-11-03,최연희(chldusgmlek),2025년,10월,2주
640,말라리아매개모기조사감시,강원도보건환경연구원,2025,10,2주,2025-10-11,강원,철원군 철원읍 대마리,기타,LED1,Culex orientalis,23,11,2,0,0,0,실제수거일 10-13,N,,2025-11-03,최연희(chldusgmlek),2025년,10월,2주
641,말라리아매개모기조사감시,강원도보건환경연구원,2025,10,2주,2025-10-11,강원,철원군 철원읍 대마리,기타,LED1,Culex bitaeniorhynchus,1,11,0,0,0,0,실제수거일 10-13,N,,2025-11-03,최연희(chldusgmlek),2025년,10월,2주
642,말라리아매개모기조사감시,강원도보건환경연구원,2025,10,2주,2025-10-11,강원,철원군 철원읍 대마리,기타,LED1,Armigeres subalbatus,9,11,0,0,0,0,실제수거일 10-13,N,,2025-11-03,최연희(chldusgmlek),2025년,10월,2주
643,말라리아매개모기조사감시,강원도보건환경연구원,2025,10,2주,2025-10-11,강원,철원군 철원읍 대마리,기타,LED1,Aedes vexans,20,11,1,0,0,0,실제수거일 10-13,N,,2025-11-03,최연희(chldusgmlek),2025년,10월,2주
644,말라리아매개모기조사감시,강원도보건환경연구원,2025,10,2주,2025-10-11,강원,철원군 철원읍 대마리,기타,LED1,Ochlerotatus koreicus,2,11,0,0,0,0,실제수거일 10-13,N,,2025-11-03,최연희(chldusgmlek),2025년,10월,2주
645,말라리아매개모기조사감시,강원도보건환경연구원,2025,10,2주,2025-10-11,강원,철원군 철원읍 대마리,기타,LED1,Anopheles spp.,5,11,0,5,1,0,실제수거일 10-13,N,,2025-11-03,최연희(chldusgmlek),2025년,10월,2주
646,말라리아매개모기조사감시,강원도보건환경연구원,2025,10,2주,2025-10-11,강원,춘천시 신북읍 지내리,기타,LED1,Culex tritaeniorhynchus,3,11,0,0,0,0,실제수거일 10-13,N,,2025-11-03,최연희(chldusgmlek),2025년,10월,2주
647,말라리아매개모기조사감시,강원도보건환경연구원,2025,10,2주,2025-10-11,강원,춘천시 신북읍 지내리,기타,LED1,Culex pipiens,4,11,0,0,0,0,실제수거일 10-13,N,,2025-11-03,최연희(chldusgmlek),2025년,10월,2주
648,말라리아매개모기조사감시,강원도보건환경연구원,2025,10,2주,2025-10-11,강원,춘천시 신북읍 지내리,기타,LED1,Culex orientalis,1,11,0,0,0,0,실제수거일 10-13,N,,2025-11-03,최연희(chldusgmlek),2025년,10월,2주
649,말라리아매개모기조사감시,강원도보건환경연구원,2025,10,2주,2025-10-11,강원,춘천시 신북읍 지내리,기타,LED1,Armigeres subalbatus,12,11,1,0,0,0,실제수거일 10-13,N,,2025-11-03,최연희(chldusgmlek),2025년,10월,2주
650,말라리아매개모기조사감시,강원도보건환경연구원,2025,10,2주,2025-10-11,강원,춘천시 신북읍 지내리,기타,LED1,Ochlerotatus koreicus,3,11,0,0,0,0,실제수거일 10-13,N,,2025-11-03,최연희(chldusgmlek),2025년,10월,2주
651,말라리아매개모기조사감시,강원도보건환경연구원,2025,10,2주,2025-10-11,강원,춘천시 중앙동,기타,LED1,Culex tritaeniorhynchus,5,11,0,0,0,0,실제수거일 10-13,N,,2025-11-03,최연희(chldusgmlek),2025년,10월,2주
652,말라리아매개모기조사감시,강원도보건환경연구원,2025,10,2주,2025-10-11,강원,춘천시 중앙동,기타,LED1,Culex pipiens,106,11,9,0,0,0,실제수거일 10-13,N,,2025-11-03,최연희(chldusgmlek),2025년,10월,2주
653,말라리아매개모기조사감시,강원도보건환경연구원,2025,10,2주,2025-10-11,강원,춘천시 중앙동,기타,LED1,Culex orientalis,4,11,0,0,0,0,실제수거일 10-13,N,,2025-11-03,최연희(chldusgmlek),2025년,10월,2주
654,말라리아매개모기조사감시,강원도보건환경연구원,2025,10,2주,2025-10-11,강원,춘천시 중앙동,기타,LED1,Armigeres subalbatus,9,11,0,0,0,0,실제수거일 10-13,N,,2025-11-03,최연희(chldusgmlek),2025년,10월,2주
655,말라리아매개모기조사감시,강원도보건환경연구원,2025,10,2주,2025-10-11,강원,춘천시 중앙동,기타,LED1,Aedes vexans,5,11,0,0,0,0,실제수거일 10-13,N,,2025-11-03,최연희(chldusgmlek),2025년,10월,2주
656,말라리아매개모기조사감시,강원도보건환경연구원,2025,10,2주,2025-10-11,강원,춘천시 중앙동,기타,LED1,Ochlerotatus koreicus,10,11,0,0,0,0,실제수거일 10-13,N,,2025-11-03,최연희(chldusgmlek),2025년,10월,2주
657,말라리아매개모기조사감시,강원도보건환경연구원,2025,10,2주,2025-10-11,강원,춘천시 중앙동,기타,LED1,Aedes albopictus,8,11,0,0,0,0,실제수거일 10-13,N,,2025-11-03,최연희(chldusgmlek),2025년,10월,2주
658,말라리아매개모기조사감시,강원도보건환경연구원,2025,10,2주,2025-10-11,강원,춘천시 중앙동,기타,LED1,Anopheles spp.,4,11,0,4,1,0,실제수거일 10-13,N,,2025-11-03,최연희(chldusgmlek),2025년,10월,2주
659,말라리아매개모기조사감시,강원도보건환경연구원,2025,9,1주,2025-10-02,강원,고성군 현내면 명파리,기타,LED1,Culex tritaeniorhynchus,1,3,0,0,0,0,,N,,2025-11-03,최연희(chldusgmlek),2025년,10월,1주
660,말라리아매개모기조사감시,강원도보건환경연구원,2025,9,1주,2025-10-02,강원,고성군 현내면 명파리,기타,LED1,Culex pipiens,1,3,0,0,0,0,,N,,2025-11-03,최연희(chldusgmlek),2025년,10월,1주
661,말라리아매개모기조사감시,강원도보건환경연구원,2025,9,1주,2025-10-02,강원,고성군 현내면 명파리,기타,LED1,Culex bitaeniorhynchus,1,3,0,0,0,0,,N,,2025-11-03,최연희(chldusgmlek),2025년,10월,1주
662,말라리아매개모기조사감시,강원도보건환경연구원,2025,9,1주,2025-10-02,강원,고성군 현내면 명파리,기타,LED1,Aedes vexans,29,3,9,0,0,0,,N,,2025-11-03,최연희(chldusgmlek),2025년,10월,1주
663,말라리아매개모기조사감시,강원도보건환경연구원,2025,9,1주,2025-10-02,강원,고성군 현내면 명파리,기타,LED1,Ochlerotatus koreicus,1,3,0,0,0,0,,N,,2025-11-03,최연희(chldusgmlek),2025년,10월,1주
664,말라리아매개모기조사감시,강원도보건환경연구원,2025,9,1주,2025-10-02,강원,고성군 현내면 명파리,기타,LED1,Anopheles spp.,1,3,0,1,1,0,,N,,2025-11-03,최연희(chldusgmlek),2025년,10월,1주
665,말라리아매개모기조사감시,강원도보건환경연구원,2025,9,1주,2025-10-02,강원,인제군 인제읍 덕산리,기타,LED1,Culex tritaeniorhynchus,1,3,0,0,0,0,,N,,2025-11-03,최연희(chldusgmlek),2025년,10월,1주
666,말라리아매개모기조사감시,강원도보건환경연구원,2025,9,1주,2025-10-02,강원,인제군 인제읍 덕산리,기타,LED1,Culex pipiens,1,3,0,0,0,0,,N,,2025-11-03,최연희(chldusgmlek),2025년,10월,1주
667,말라리아매개모기조사감시,강원도보건환경연구원,2025,9,1주,2025-10-02,강원,인제군 인제읍 덕산리,기타,LED1,Culex orientalis,1,3,0,0,0,0,,N,,2025-11-03,최연희(chldusgmlek),2025년,10월,1주
668,말라리아매개모기조사감시,강원도보건환경연구원,2025,9,1주,2025-10-02,강원,인제군 인제읍 덕산리,기타,LED1,Armigeres subalbatus,4,3,1,0,0,0,,N,,2025-11-03,최연희(chldusgmlek),2025년,10월,1주
669,말라리아매개모기조사감시,강원도보건환경연구원,2025,9,1주,2025-10-02,강원,인제군 인제읍 덕산리,기타,LED1,Ochlerotatus koreicus,2,3,0,0,0,0,,N,,2025-11-03,최연희(chldusgmlek),2025년,10월,1주
670,말라리아매개모기조사감시,강원도보건환경연구원,2025,9,1주,2025-10-02,강원,양구군 남면 구암리,기타,LED1,Culex tritaeniorhynchus,2,3,0,0,0,0,,N,,2025-11-03,최연희(chldusgmlek),2025년,10월,1주
671,말라리아매개모기조사감시,강원도보건환경연구원,2025,9,1주,2025-10-02,강원,양구군 남면 구암리,기타,LED1,Culex pipiens,13,3,4,0,0,0,,N,,2025-11-03,최연희(chldusgmlek),2025년,10월,1주
672,말라리아매개모기조사감시,강원도보건환경연구원,2025,9,1주,2025-10-02,강원,양구군 남면 구암리,기타,LED1,Culex orientalis,4,3,1,0,0,0,,N,,2025-11-03,최연희(chldusgmlek),2025년,10월,1주
673,말라리아매개모기조사감시,강원도보건환경연구원,2025,9,1주,2025-10-02,강원,양구군 남면 구암리,기타,LED1,Armigeres subalbatus,11,3,3,0,0,0,,N,,2025-11-03,최연희(chldusgmlek),2025년,10월,1주
674,말라리아매개모기조사감시,강원도보건환경연구원,2025,9,1주,2025-10-02,강원,양구군 남면 구암리,기타,LED1,Aedes vexans,19,3,6,0,0,0,,N,,2025-11-03,최연희(chldusgmlek),2025년,10월,1주
675,말라리아매개모기조사감시,강원도보건환경연구원,2025,9,1주,2025-10-02,강원,양구군 남면 구암리,기타,LED1,Anopheles spp.,20,3,6,20,2,0,,N,,2025-11-03,최연희(chldusgmlek),2025년,10월,1주
676,말라리아매개모기조사감시,강원도보건환경연구원,2025,9,1주,2025-10-02,강원,화천군 화천읍 신읍리,기타,LED1,Culex tritaeniorhynchus,2,3,0,0,0,0,,N,,2025-11-03,최연희(chldusgmlek),2025년,10월,1주
677,말라리아매개모기조사감시,강원도보건환경연구원,2025,9,1주,2025-10-02,강원,화천군 화천읍 신읍리,기타,LED1,Culex pipiens,4,3,1,0,0,0,,N,,2025-11-03,최연희(chldusgmlek),2025년,10월,1주
678,말라리아매개모기조사감시,강원도보건환경연구원,2025,9,1주,2025-10-02,강원,화천군 화천읍 신읍리,기타,LED1,Culex orientalis,1,3,0,0,0,0,,N,,2025-11-03,최연희(chldusgmlek),2025년,10월,1주
679,말라리아매개모기조사감시,강원도보건환경연구원,2025,9,1주,2025-10-02,강원,화천군 화천읍 신읍리,기타,LED1,Culex bitaeniorhynchus,1,3,0,0,0,0,,N,,2025-11-03,최연희(chldusgmlek),2025년,10월,1주
680,말라리아매개모기조사감시,강원도보건환경연구원,2025,9,1주,2025-10-02,강원,화천군 화천읍 신읍리,기타,LED1,Armigeres subalbatus,1,3,0,0,0,0,,N,,2025-11-03,최연희(chldusgmlek),2025년,10월,1주
681,말라리아매개모기조사감시,강원도보건환경연구원,2025,9,1주,2025-10-02,강원,화천군 화천읍 신읍리,기타,LED1,Aedes vexans,3,3,1,0,0,0,,N,,2025-11-03,최연희(chldusgmlek),2025년,10월,1주
682,말라리아매개모기조사감시,강원도보건환경연구원,2025,9,1주,2025-10-02,강원,화천군 화천읍 신읍리,기타,LED1,Anopheles spp.,3,3,1,3,1,0,,N,,2025-11-03,최연희(chldusgmlek),2025년,10월,1주
683,말라리아매개모기조사감시,강원도보건환경연구원,2025,9,1주,2025-10-02,강원,철원군 김화읍 학사리,기타,LED1,Culex pipiens,1,3,0,0,0,0,,N,,2025-11-03,최연희(chldusgmlek),2025년,10월,1주
684,말라리아매개모기조사감시,강원도보건환경연구원,2025,9,1주,2025-10-02,강원,철원군 김화읍 학사리,기타,LED1,Culex bitaeniorhynchus,1,3,0,0,0,0,,N,,2025-11-03,최연희(chldusgmlek),2025년,10월,1주
685,말라리아매개모기조사감시,강원도보건환경연구원,2025,9,1주,2025-10-02,강원,철원군 김화읍 학사리,기타,LED1,Armigeres subalbatus,6,3,2,0,0,0,,N,,2025-11-03,최연희(chldusgmlek),2025년,10월,1주
686,말라리아매개모기조사감시,강원도보건환경연구원,2025,9,1주,2025-10-02,강원,철원군 김화읍 학사리,기타,LED1,Ochlerotatus koreicus,20,3,6,0,0,0,,N,,2025-11-03,최연희(chldusgmlek),2025년,10월,1주
687,말라리아매개모기조사감시,강원도보건환경연구원,2025,9,1주,2025-10-02,강원,철원군 김화읍 학사리,기타,LED1,Aedes albopictus,4,3,1,0,0,0,,N,,2025-11-03,최연희(chldusgmlek),2025년,10월,1주
688,말라리아매개모기조사감시,강원도보건환경연구원,2025,9,1주,2025-10-02,강원,철원군 철원읍 대마리,기타,LED1,Culex tritaeniorhynchus,127,3,42,0,0,0,,N,,2025-11-03,최연희(chldusgmlek),2025년,10월,1주
689,말라리아매개모기조사감시,강원도보건환경연구원,2025,9,1주,2025-10-02,강원,철원군 철원읍 대마리,기타,LED1,Culex pipiens,20,3,6,0,0,0,,N,,2025-11-03,최연희(chldusgmlek),2025년,10월,1주
690,말라리아매개모기조사감시,강원도보건환경연구원,2025,9,1주,2025-10-02,강원,철원군 철원읍 대마리,기타,LED1,Culex orientalis,35,3,11,0,0,0,,N,,2025-11-03,최연희(chldusgmlek),2025년,10월,1주
691,말라리아매개모기조사감시,강원도보건환경연구원,2025,9,1주,2025-10-02,강원,철원군 철원읍 대마리,기타,LED1,Culex bitaeniorhynchus,5,3,1,0,0,0,,N,,2025-11-03,최연희(chldusgmlek),2025년,10월,1주
692,말라리아매개모기조사감시,강원도보건환경연구원,2025,9,1주,2025-10-02,강원,철원군 철원읍 대마리,기타,LED1,Armigeres subalbatus,5,3,1,0,0,0,,N,,2025-11-03,최연희(chldusgmlek),2025년,10월,1주
693,말라리아매개모기조사감시,강원도보건환경연구원,2025,9,1주,2025-10-02,강원,철원군 철원읍 대마리,기타,LED1,Aedes vexans,37,3,12,0,0,0,,N,,2025-11-03,최연희(chldusgmlek),2025년,10월,1주
694,말라리아매개모기조사감시,강원도보건환경연구원,2025,9,1주,2025-10-02,강원,철원군 철원읍 대마리,기타,LED1,Ochlerotatus koreicus,1,3,0,0,0,0,,N,,2025-11-03,최연희(chldusgmlek),2025년,10월,1주
695,말라리아매개모기조사감시,강원도보건환경연구원,2025,9,1주,2025-10-02,강원,철원군 철원읍 대마리,기타,LED1,Aedes albopictus,1,3,0,0,0,0,,N,,2025-11-03,최연희(chldusgmlek),2025년,10월,1주
696,말라리아매개모기조사감시,강원도보건환경연구원,2025,9,1주,2025-10-02,강원,철원군 철원읍 대마리,기타,LED1,Anopheles spp.,10,3,3,10,1,0,,N,,2025-11-03,최연희(chldusgmlek),2025년,10월,1주
697,말라리아매개모기조사감시,강원도보건환경연구원,2025,9,1주,2025-10-02,강원,춘천시 신북읍 지내리,기타,LED1,Culex tritaeniorhynchus,3,3,1,0,0,0,,N,,2025-11-03,최연희(chldusgmlek),2025년,10월,1주
698,말라리아매개모기조사감시,강원도보건환경연구원,2025,9,1주,2025-10-02,강원,춘천시 신북읍 지내리,기타,LED1,Armigeres subalbatus,2,3,0,0,0,0,,N,,2025-11-03,최연희(chldusgmlek),2025년,10월,1주
699,말라리아매개모기조사감시,강원도보건환경연구원,2025,9,1주,2025-10-02,강원,춘천시 신북읍 지내리,기타,LED1,Aedes vexans,2,3,0,0,0,0,,N,,2025-11-03,최연희(chldusgmlek),2025년,10월,1주
700,말라리아매개모기조사감시,강원도보건환경연구원,2025,9,1주,2025-10-02,강원,춘천시 중앙동,기타,LED1,Culex pipiens,25,3,8,0,0,0,,N,,2025-11-03,최연희(chldusgmlek),2025년,10월,1주
701,말라리아매개모기조사감시,강원도보건환경연구원,2025,9,1주,2025-10-02,강원,춘천시 중앙동,기타,LED1,Armigeres subalbatus,7,3,2,0,0,0,,N,,2025-11-03,최연희(chldusgmlek),2025년,10월,1주
702,말라리아매개모기조사감시,강원도보건환경연구원,2025,9,1주,2025-10-02,강원,춘천시 중앙동,기타,LED1,Aedes vexans,4,3,1,0,0,0,,N,,2025-11-03,최연희(chldusgmlek),2025년,10월,1주
703,말라리아매개모기조사감시,강원도보건환경연구원,2025,9,1주,2025-10-02,강원,춘천시 중앙동,기타,LED1,Ochlerotatus koreicus,4,3,1,0,0,0,,N,,2025-11-03,최연희(chldusgmlek),2025년,10월,1주
704,말라리아매개모기조사감시,강원도보건환경연구원,2025,9,1주,2025-10-02,강원,춘천시 중앙동,기타,LED1,Aedes albopictus,6,3,2,0,0,0,,N,,2025-11-03,최연희(chldusgmlek),2025년,10월,1주
705,말라리아매개모기조사감시,강원도보건환경연구원,2025,9,4주,2025-09-27,강원,고성군 현내면 명파리,기타,LED1,Culex tritaeniorhynchus,10,7,1,0,0,0,,N,,2025-11-03,최연희(chldusgmlek),2025년,09월,4주
706,말라리아매개모기조사감시,강원도보건환경연구원,2025,9,4주,2025-09-27,강원,고성군 현내면 명파리,기타,LED1,Culex pipiens,3,7,0,0,0,0,,N,,2025-11-03,최연희(chldusgmlek),2025년,09월,4주
707,말라리아매개모기조사감시,강원도보건환경연구원,2025,9,4주,2025-09-27,강원,고성군 현내면 명파리,기타,LED1,Culex bitaeniorhynchus,2,7,0,0,0,0,,N,,2025-11-03,최연희(chldusgmlek),2025년,09월,4주
708,말라리아매개모기조사감시,강원도보건환경연구원,2025,9,4주,2025-09-27,강원,고성군 현내면 명파리,기타,LED1,Armigeres subalbatus,2,7,0,0,0,0,,N,,2025-11-03,최연희(chldusgmlek),2025년,09월,4주
709,말라리아매개모기조사감시,강원도보건환경연구원,2025,9,4주,2025-09-27,강원,고성군 현내면 명파리,기타,LED1,Aedes vexans,65,7,9,0,0,0,,N,,2025-11-03,최연희(chldusgmlek),2025년,09월,4주
710,말라리아매개모기조사감시,강원도보건환경연구원,2025,9,4주,2025-09-27,강원,고성군 현내면 명파리,기타,LED1,Ochlerotatus koreicus,2,7,0,0,0,0,,N,,2025-11-03,최연희(chldusgmlek),2025년,09월,4주
711,말라리아매개모기조사감시,강원도보건환경연구원,2025,9,4주,2025-09-27,강원,고성군 현내면 명파리,기타,LED1,Aedes albopictus,1,7,0,0,0,0,,N,,2025-11-03,최연희(chldusgmlek),2025년,09월,4주
712,말라리아매개모기조사감시,강원도보건환경연구원,2025,9,4주,2025-09-27,강원,고성군 현내면 명파리,기타,LED1,Anopheles spp.,1,7,0,1,1,0,,N,,2025-11-03,최연희(chldusgmlek),2025년,09월,4주
713,말라리아매개모기조사감시,강원도보건환경연구원,2025,9,4주,2025-09-27,강원,인제군 인제읍 덕산리,기타,LED1,Culex tritaeniorhynchus,1,7,0,0,0,0,,N,,2025-11-03,최연희(chldusgmlek),2025년,09월,4주
714,말라리아매개모기조사감시,강원도보건환경연구원,2025,9,4주,2025-09-27,강원,인제군 인제읍 덕산리,기타,LED1,Culex pipiens,2,7,0,0,0,0,,N,,2025-11-03,최연희(chldusgmlek),2025년,09월,4주
715,말라리아매개모기조사감시,강원도보건환경연구원,2025,9,4주,2025-09-27,강원,인제군 인제읍 덕산리,기타,LED1,Armigeres subalbatus,18,7,2,0,0,0,,N,,2025-11-03,최연희(chldusgmlek),2025년,09월,4주
716,말라리아매개모기조사감시,강원도보건환경연구원,2025,9,4주,2025-09-27,강원,인제군 인제읍 덕산리,기타,LED1,Aedes vexans,1,7,0,0,0,0,,N,,2025-11-03,최연희(chldusgmlek),2025년,09월,4주
717,말라리아매개모기조사감시,강원도보건환경연구원,2025,9,4주,2025-09-27,강원,인제군 인제읍 덕산리,기타,LED1,Ochlerotatus koreicus,8,7,1,0,0,0,,N,,2025-11-03,최연희(chldusgmlek),2025년,09월,4주
718,말라리아매개모기조사감시,강원도보건환경연구원,2025,9,4주,2025-09-27,강원,인제군 인제읍 덕산리,기타,LED1,Anopheles spp.,1,7,0,1,1,0,,N,,2025-11-03,최연희(chldusgmlek),2025년,09월,4주
719,말라리아매개모기조사감시,강원도보건환경연구원,2025,9,4주,2025-09-27,강원,양구군 남면 구암리,기타,LED1,Culex tritaeniorhynchus,18,7,2,0,0,0,,N,,2025-11-03,최연희(chldusgmlek),2025년,09월,4주
720,말라리아매개모기조사감시,강원도보건환경연구원,2025,9,4주,2025-09-27,강원,양구군 남면 구암리,기타,LED1,Culex pipiens,23,7,3,0,0,0,,N,,2025-11-03,최연희(chldusgmlek),2025년,09월,4주
721,말라리아매개모기조사감시,강원도보건환경연구원,2025,9,4주,2025-09-27,강원,양구군 남면 구암리,기타,LED1,Culex orientalis,5,7,0,0,0,0,,N,,2025-11-03,최연희(chldusgmlek),2025년,09월,4주
722,말라리아매개모기조사감시,강원도보건환경연구원,2025,9,4주,2025-09-27,강원,양구군 남면 구암리,기타,LED1,Culex bitaeniorhynchus,1,7,0,0,0,0,,N,,2025-11-03,최연희(chldusgmlek),2025년,09월,4주
723,말라리아매개모기조사감시,강원도보건환경연구원,2025,9,4주,2025-09-27,강원,양구군 남면 구암리,기타,LED1,Armigeres subalbatus,7,7,1,0,0,0,,N,,2025-11-03,최연희(chldusgmlek),2025년,09월,4주
724,말라리아매개모기조사감시,강원도보건환경연구원,2025,9,4주,2025-09-27,강원,양구군 남면 구암리,기타,LED1,Aedes vexans,52,7,7,0,0,0,,N,,2025-11-03,최연희(chldusgmlek),2025년,09월,4주
725,말라리아매개모기조사감시,강원도보건환경연구원,2025,9,4주,2025-09-27,강원,양구군 남면 구암리,기타,LED1,Ochlerotatus koreicus,3,7,0,0,0,0,,N,,2025-11-03,최연희(chldusgmlek),2025년,09월,4주
726,말라리아매개모기조사감시,강원도보건환경연구원,2025,9,4주,2025-09-27,강원,양구군 남면 구암리,기타,LED1,Anopheles spp.,27,7,3,27,3,0,,N,,2025-11-03,최연희(chldusgmlek),2025년,09월,4주
727,말라리아매개모기조사감시,강원도보건환경연구원,2025,9,4주,2025-09-27,강원,화천군 화천읍 신읍리,기타,LED1,Culex tritaeniorhynchus,4,7,0,0,0,0,,N,,2025-11-03,최연희(chldusgmlek),2025년,09월,4주
728,말라리아매개모기조사감시,강원도보건환경연구원,2025,9,4주,2025-09-27,강원,화천군 화천읍 신읍리,기타,LED1,Culex pipiens,20,7,2,0,0,0,,N,,2025-11-03,최연희(chldusgmlek),2025년,09월,4주
729,말라리아매개모기조사감시,강원도보건환경연구원,2025,9,4주,2025-09-27,강원,화천군 화천읍 신읍리,기타,LED1,Culex orientalis,2,7,0,0,0,0,,N,,2025-11-03,최연희(chldusgmlek),2025년,09월,4주
730,말라리아매개모기조사감시,강원도보건환경연구원,2025,9,4주,2025-09-27,강원,화천군 화천읍 신읍리,기타,LED1,Armigeres subalbatus,28,7,4,0,0,0,,N,,2025-11-03,최연희(chldusgmlek),2025년,09월,4주
731,말라리아매개모기조사감시,강원도보건환경연구원,2025,9,4주,2025-09-27,강원,화천군 화천읍 신읍리,기타,LED1,Aedes vexans,15,7,2,0,0,0,,N,,2025-11-03,최연희(chldusgmlek),2025년,09월,4주
732,말라리아매개모기조사감시,강원도보건환경연구원,2025,9,4주,2025-09-27,강원,화천군 화천읍 신읍리,기타,LED1,Ochlerotatus koreicus,12,7,1,0,0,0,,N,,2025-11-03,최연희(chldusgmlek),2025년,09월,4주
733,말라리아매개모기조사감시,강원도보건환경연구원,2025,9,4주,2025-09-27,강원,화천군 화천읍 신읍리,기타,LED1,Anopheles spp.,8,7,1,8,1,0,,N,,2025-11-03,최연희(chldusgmlek),2025년,09월,4주
734,말라리아매개모기조사감시,강원도보건환경연구원,2025,9,4주,2025-09-27,강원,철원군 김화읍 학사리,기타,LED1,Culex tritaeniorhynchus,2,7,0,0,0,0,,N,,2025-11-03,최연희(chldusgmlek),2025년,09월,4주
735,말라리아매개모기조사감시,강원도보건환경연구원,2025,9,4주,2025-09-27,강원,철원군 김화읍 학사리,기타,LED1,Culex pipiens,6,7,0,0,0,0,,N,,2025-11-03,최연희(chldusgmlek),2025년,09월,4주
736,말라리아매개모기조사감시,강원도보건환경연구원,2025,9,4주,2025-09-27,강원,철원군 김화읍 학사리,기타,LED1,Culex orientalis,5,7,0,0,0,0,,N,,2025-11-03,최연희(chldusgmlek),2025년,09월,4주
737,말라리아매개모기조사감시,강원도보건환경연구원,2025,9,4주,2025-09-27,강원,철원군 김화읍 학사리,기타,LED1,Armigeres subalbatus,8,7,1,0,0,0,,N,,2025-11-03,최연희(chldusgmlek),2025년,09월,4주
738,말라리아매개모기조사감시,강원도보건환경연구원,2025,9,4주,2025-09-27,강원,철원군 김화읍 학사리,기타,LED1,Aedes vexans,1,7,0,0,0,0,,N,,2025-11-03,최연희(chldusgmlek),2025년,09월,4주
739,말라리아매개모기조사감시,강원도보건환경연구원,2025,9,4주,2025-09-27,강원,철원군 김화읍 학사리,기타,LED1,Ochlerotatus koreicus,29,7,4,0,0,0,,N,,2025-11-03,최연희(chldusgmlek),2025년,09월,4주
740,말라리아매개모기조사감시,강원도보건환경연구원,2025,9,4주,2025-09-27,강원,철원군 김화읍 학사리,기타,LED1,Aedes albopictus,6,7,0,0,0,0,,N,,2025-11-03,최연희(chldusgmlek),2025년,09월,4주
741,말라리아매개모기조사감시,강원도보건환경연구원,2025,9,4주,2025-09-27,강원,철원군 철원읍 대마리,기타,LED1,Culex tritaeniorhynchus,166,7,23,0,0,0,,N,,2025-11-03,최연희(chldusgmlek),2025년,09월,4주
742,말라리아매개모기조사감시,강원도보건환경연구원,2025,9,4주,2025-09-27,강원,철원군 철원읍 대마리,기타,LED1,Culex pipiens,47,7,6,0,0,0,,N,,2025-11-03,최연희(chldusgmlek),2025년,09월,4주
743,말라리아매개모기조사감시,강원도보건환경연구원,2025,9,4주,2025-09-27,강원,철원군 철원읍 대마리,기타,LED1,Culex orientalis,29,7,4,0,0,0,,N,,2025-11-03,최연희(chldusgmlek),2025년,09월,4주
744,말라리아매개모기조사감시,강원도보건환경연구원,2025,9,4주,2025-09-27,강원,철원군 철원읍 대마리,기타,LED1,Culex bitaeniorhynchus,13,7,1,0,0,0,,N,,2025-11-03,최연희(chldusgmlek),2025년,09월,4주
745,말라리아매개모기조사감시,강원도보건환경연구원,2025,9,4주,2025-09-27,강원,철원군 철원읍 대마리,기타,LED1,Armigeres subalbatus,13,7,1,0,0,0,,N,,2025-11-03,최연희(chldusgmlek),2025년,09월,4주
746,말라리아매개모기조사감시,강원도보건환경연구원,2025,9,4주,2025-09-27,강원,철원군 철원읍 대마리,기타,LED1,Aedes vexans,44,7,6,0,0,0,,N,,2025-11-03,최연희(chldusgmlek),2025년,09월,4주
747,말라리아매개모기조사감시,강원도보건환경연구원,2025,9,4주,2025-09-27,강원,철원군 철원읍 대마리,기타,LED1,Ochlerotatus koreicus,10,7,1,0,0,0,,N,,2025-11-03,최연희(chldusgmlek),2025년,09월,4주
748,말라리아매개모기조사감시,강원도보건환경연구원,2025,9,4주,2025-09-27,강원,철원군 철원읍 대마리,기타,LED1,Anopheles spp.,34,7,4,34,4,0,,N,,2025-11-03,최연희(chldusgmlek),2025년,09월,4주
749,말라리아매개모기조사감시,강원도보건환경연구원,2025,9,4주,2025-09-27,강원,춘천시 신북읍 지내리,기타,LED1,Culex tritaeniorhynchus,20,7,2,0,0,0,,N,,2025-11-03,최연희(chldusgmlek),2025년,09월,4주
750,말라리아매개모기조사감시,강원도보건환경연구원,2025,9,4주,2025-09-27,강원,춘천시 신북읍 지내리,기타,LED1,Culex pipiens,8,7,1,0,0,0,,N,,2025-11-03,최연희(chldusgmlek),2025년,09월,4주
751,말라리아매개모기조사감시,강원도보건환경연구원,2025,9,4주,2025-09-27,강원,춘천시 신북읍 지내리,기타,LED1,Culex bitaeniorhynchus,3,7,0,0,0,0,,N,,2025-11-03,최연희(chldusgmlek),2025년,09월,4주
752,말라리아매개모기조사감시,강원도보건환경연구원,2025,9,4주,2025-09-27,강원,춘천시 신북읍 지내리,기타,LED1,Armigeres subalbatus,1,7,0,0,0,0,,N,,2025-11-03,최연희(chldusgmlek),2025년,09월,4주
753,말라리아매개모기조사감시,강원도보건환경연구원,2025,9,4주,2025-09-27,강원,춘천시 신북읍 지내리,기타,LED1,Aedes vexans,5,7,0,0,0,0,,N,,2025-11-03,최연희(chldusgmlek),2025년,09월,4주
754,말라리아매개모기조사감시,강원도보건환경연구원,2025,9,4주,2025-09-27,강원,춘천시 신북읍 지내리,기타,LED1,Ochlerotatus koreicus,3,7,0,0,0,0,,N,,2025-11-03,최연희(chldusgmlek),2025년,09월,4주
755,말라리아매개모기조사감시,강원도보건환경연구원,2025,9,4주,2025-09-27,강원,춘천시 신북읍 지내리,기타,LED1,Aedes albopictus,1,7,0,0,0,0,,N,,2025-11-03,최연희(chldusgmlek),2025년,09월,4주
756,말라리아매개모기조사감시,강원도보건환경연구원,2025,9,4주,2025-09-27,강원,춘천시 신북읍 지내리,기타,LED1,Anopheles spp.,6,7,0,6,1,0,,N,,2025-11-03,최연희(chldusgmlek),2025년,09월,4주
757,말라리아매개모기조사감시,강원도보건환경연구원,2025,9,4주,2025-09-27,강원,춘천시 중앙동,기타,LED1,Culex tritaeniorhynchus,1,7,0,0,0,0,,N,,2025-11-03,최연희(chldusgmlek),2025년,09월,4주
758,말라리아매개모기조사감시,강원도보건환경연구원,2025,9,4주,2025-09-27,강원,춘천시 중앙동,기타,LED1,Culex pipiens,82,7,11,0,0,0,,N,,2025-11-03,최연희(chldusgmlek),2025년,09월,4주
759,말라리아매개모기조사감시,강원도보건환경연구원,2025,9,4주,2025-09-27,강원,춘천시 중앙동,기타,LED1,Culex orientalis,1,7,0,0,0,0,,N,,2025-11-03,최연희(chldusgmlek),2025년,09월,4주
760,말라리아매개모기조사감시,강원도보건환경연구원,2025,9,4주,2025-09-27,강원,춘천시 중앙동,기타,LED1,Culex bitaeniorhynchus,2,7,0,0,0,0,,N,,2025-11-03,최연희(chldusgmlek),2025년,09월,4주
761,말라리아매개모기조사감시,강원도보건환경연구원,2025,9,4주,2025-09-27,강원,춘천시 중앙동,기타,LED1,Armigeres subalbatus,23,7,3,0,0,0,,N,,2025-11-03,최연희(chldusgmlek),2025년,09월,4주
762,말라리아매개모기조사감시,강원도보건환경연구원,2025,9,4주,2025-09-27,강원,춘천시 중앙동,기타,LED1,Aedes vexans,6,7,0,0,0,0,,N,,2025-11-03,최연희(chldusgmlek),2025년,09월,4주
763,말라리아매개모기조사감시,강원도보건환경연구원,2025,9,4주,2025-09-27,강원,춘천시 중앙동,기타,LED1,Ochlerotatus koreicus,9,7,1,0,0,0,,N,,2025-11-03,최연희(chldusgmlek),2025년,09월,4주
764,말라리아매개모기조사감시,강원도보건환경연구원,2025,9,4주,2025-09-27,강원,춘천시 중앙동,기타,LED1,Aedes albopictus,14,7,2,0,0,0,,N,,2025-11-03,최연희(chldusgmlek),2025년,09월,4주
765,말라리아매개모기조사감시,강원도보건환경연구원,2025,9,4주,2025-09-27,강원,춘천시 중앙동,기타,LED1,Anopheles spp.,4,7,0,4,1,0,,N,,2025-11-03,최연희(chldusgmlek),2025년,09월,4주
766,말라리아매개모기조사감시,강원도보건환경연구원,2025,9,3주,2025-09-20,강원,고성군 현내면 명파리,기타,LED1,Culex tritaeniorhynchus,6,7,0,0,0,0,,N,,2025-09-26,최연희(chldusgmlek),2025년,09월,3주
767,말라리아매개모기조사감시,강원도보건환경연구원,2025,9,3주,2025-09-20,강원,고성군 현내면 명파리,기타,LED1,Culex pipiens,2,7,0,0,0,0,,N,,2025-09-26,최연희(chldusgmlek),2025년,09월,3주
768,말라리아매개모기조사감시,강원도보건환경연구원,2025,9,3주,2025-09-20,강원,고성군 현내면 명파리,기타,LED1,Armigeres subalbatus,5,7,0,0,0,0,,N,,2025-09-26,최연희(chldusgmlek),2025년,09월,3주
769,말라리아매개모기조사감시,강원도보건환경연구원,2025,9,3주,2025-09-20,강원,고성군 현내면 명파리,기타,LED1,Aedes vexans,9,7,1,0,0,0,,N,,2025-09-26,최연희(chldusgmlek),2025년,09월,3주
770,말라리아매개모기조사감시,강원도보건환경연구원,2025,9,3주,2025-09-20,강원,고성군 현내면 명파리,기타,LED1,Aedes albopictus,1,7,0,0,0,0,,N,,2025-09-26,최연희(chldusgmlek),2025년,09월,3주
771,말라리아매개모기조사감시,강원도보건환경연구원,2025,9,3주,2025-09-20,강원,고성군 현내면 명파리,기타,LED1,Anopheles spp.,1,7,0,1,1,0,,N,,2025-09-26,최연희(chldusgmlek),2025년,09월,3주
772,말라리아매개모기조사감시,강원도보건환경연구원,2025,9,3주,2025-09-20,강원,인제군 인제읍 덕산리,기타,LED1,Culex tritaeniorhynchus,1,7,0,0,0,0,,N,,2025-09-26,최연희(chldusgmlek),2025년,09월,3주
773,말라리아매개모기조사감시,강원도보건환경연구원,2025,9,3주,2025-09-20,강원,인제군 인제읍 덕산리,기타,LED1,Culex pipiens,2,7,0,0,0,0,,N,,2025-09-26,최연희(chldusgmlek),2025년,09월,3주
774,말라리아매개모기조사감시,강원도보건환경연구원,2025,9,3주,2025-09-20,강원,인제군 인제읍 덕산리,기타,LED1,Culex orientalis,1,7,0,0,0,0,,N,,2025-09-26,최연희(chldusgmlek),2025년,09월,3주
775,말라리아매개모기조사감시,강원도보건환경연구원,2025,9,3주,2025-09-20,강원,인제군 인제읍 덕산리,기타,LED1,Armigeres subalbatus,25,7,3,0,0,0,,N,,2025-09-26,최연희(chldusgmlek),2025년,09월,3주
776,말라리아매개모기조사감시,강원도보건환경연구원,2025,9,3주,2025-09-20,강원,인제군 인제읍 덕산리,기타,LED1,Aedes vexans,3,7,0,0,0,0,,N,,2025-09-26,최연희(chldusgmlek),2025년,09월,3주
777,말라리아매개모기조사감시,강원도보건환경연구원,2025,9,3주,2025-09-20,강원,인제군 인제읍 덕산리,기타,LED1,Ochlerotatus koreicus,8,7,1,0,0,0,,N,,2025-09-26,최연희(chldusgmlek),2025년,09월,3주
778,말라리아매개모기조사감시,강원도보건환경연구원,2025,9,3주,2025-09-20,강원,인제군 인제읍 덕산리,기타,LED1,Anopheles spp.,2,7,0,2,1,0,,N,,2025-09-26,최연희(chldusgmlek),2025년,09월,3주
779,말라리아매개모기조사감시,강원도보건환경연구원,2025,9,3주,2025-09-20,강원,양구군 남면 구암리,기타,LED1,Culex tritaeniorhynchus,8,7,1,0,0,0,,N,,2025-09-26,최연희(chldusgmlek),2025년,09월,3주
780,말라리아매개모기조사감시,강원도보건환경연구원,2025,9,3주,2025-09-20,강원,양구군 남면 구암리,기타,LED1,Culex pipiens,11,7,1,0,0,0,,N,,2025-09-26,최연희(chldusgmlek),2025년,09월,3주
781,말라리아매개모기조사감시,강원도보건환경연구원,2025,9,3주,2025-09-20,강원,양구군 남면 구암리,기타,LED1,Culex orientalis,4,7,0,0,0,0,,N,,2025-09-26,최연희(chldusgmlek),2025년,09월,3주
782,말라리아매개모기조사감시,강원도보건환경연구원,2025,9,3주,2025-09-20,강원,양구군 남면 구암리,기타,LED1,Armigeres subalbatus,2,7,0,0,0,0,,N,,2025-09-26,최연희(chldusgmlek),2025년,09월,3주
783,말라리아매개모기조사감시,강원도보건환경연구원,2025,9,3주,2025-09-20,강원,양구군 남면 구암리,기타,LED1,Aedes vexans,5,7,0,0,0,0,,N,,2025-09-26,최연희(chldusgmlek),2025년,09월,3주
784,말라리아매개모기조사감시,강원도보건환경연구원,2025,9,3주,2025-09-20,강원,양구군 남면 구암리,기타,LED1,Ochlerotatus koreicus,2,7,0,0,0,0,,N,,2025-09-26,최연희(chldusgmlek),2025년,09월,3주
785,말라리아매개모기조사감시,강원도보건환경연구원,2025,9,3주,2025-09-20,강원,양구군 남면 구암리,기타,LED1,Anopheles spp.,14,7,2,14,2,0,,N,,2025-09-26,최연희(chldusgmlek),2025년,09월,3주
786,말라리아매개모기조사감시,강원도보건환경연구원,2025,9,3주,2025-09-20,강원,화천군 화천읍 신읍리,기타,LED1,Culex tritaeniorhynchus,7,7,1,0,0,0,,N,,2025-09-26,최연희(chldusgmlek),2025년,09월,3주
787,말라리아매개모기조사감시,강원도보건환경연구원,2025,9,3주,2025-09-20,강원,화천군 화천읍 신읍리,기타,LED1,Culex pipiens,2,7,0,0,0,0,,N,,2025-09-26,최연희(chldusgmlek),2025년,09월,3주
788,말라리아매개모기조사감시,강원도보건환경연구원,2025,9,3주,2025-09-20,강원,화천군 화천읍 신읍리,기타,LED1,Armigeres subalbatus,11,7,1,0,0,0,,N,,2025-09-26,최연희(chldusgmlek),2025년,09월,3주
789,말라리아매개모기조사감시,강원도보건환경연구원,2025,9,3주,2025-09-20,강원,화천군 화천읍 신읍리,기타,LED1,Aedes vexans,5,7,0,0,0,0,,N,,2025-09-26,최연희(chldusgmlek),2025년,09월,3주
790,말라리아매개모기조사감시,강원도보건환경연구원,2025,9,3주,2025-09-20,강원,화천군 화천읍 신읍리,기타,LED1,Ochlerotatus koreicus,10,7,1,0,0,0,,N,,2025-09-26,최연희(chldusgmlek),2025년,09월,3주
791,말라리아매개모기조사감시,강원도보건환경연구원,2025,9,3주,2025-09-20,강원,화천군 화천읍 신읍리,기타,LED1,Anopheles spp.,5,7,0,5,1,0,,N,,2025-09-26,최연희(chldusgmlek),2025년,09월,3주
792,말라리아매개모기조사감시,강원도보건환경연구원,2025,9,3주,2025-09-20,강원,철원군 김화읍 학사리,기타,LED1,Culex tritaeniorhynchus,78,7,11,0,0,0,,N,,2025-09-26,최연희(chldusgmlek),2025년,09월,3주
793,말라리아매개모기조사감시,강원도보건환경연구원,2025,9,3주,2025-09-20,강원,철원군 김화읍 학사리,기타,LED1,Culex pipiens,12,7,1,0,0,0,,N,,2025-09-26,최연희(chldusgmlek),2025년,09월,3주
794,말라리아매개모기조사감시,강원도보건환경연구원,2025,9,3주,2025-09-20,강원,철원군 김화읍 학사리,기타,LED1,Culex orientalis,14,7,2,0,0,0,,N,,2025-09-26,최연희(chldusgmlek),2025년,09월,3주
795,말라리아매개모기조사감시,강원도보건환경연구원,2025,9,3주,2025-09-20,강원,철원군 김화읍 학사리,기타,LED1,Culex bitaeniorhynchus,3,7,0,0,0,0,,N,,2025-09-26,최연희(chldusgmlek),2025년,09월,3주
796,말라리아매개모기조사감시,강원도보건환경연구원,2025,9,3주,2025-09-20,강원,철원군 김화읍 학사리,기타,LED1,Armigeres subalbatus,12,7,1,0,0,0,,N,,2025-09-26,최연희(chldusgmlek),2025년,09월,3주
797,말라리아매개모기조사감시,강원도보건환경연구원,2025,9,3주,2025-09-20,강원,철원군 김화읍 학사리,기타,LED1,Aedes vexans,5,7,0,0,0,0,,N,,2025-09-26,최연희(chldusgmlek),2025년,09월,3주
798,말라리아매개모기조사감시,강원도보건환경연구원,2025,9,3주,2025-09-20,강원,철원군 김화읍 학사리,기타,LED1,Ochlerotatus koreicus,42,7,6,0,0,0,,N,,2025-09-26,최연희(chldusgmlek),2025년,09월,3주
799,말라리아매개모기조사감시,강원도보건환경연구원,2025,9,3주,2025-09-20,강원,철원군 김화읍 학사리,기타,LED1,Aedes albopictus,9,7,1,0,0,0,,N,,2025-09-26,최연희(chldusgmlek),2025년,09월,3주
800,말라리아매개모기조사감시,강원도보건환경연구원,2025,9,3주,2025-09-20,강원,철원군 김화읍 학사리,기타,LED1,Anopheles spp.,10,7,1,10,1,0,,N,,2025-09-26,최연희(chldusgmlek),2025년,09월,3주
801,말라리아매개모기조사감시,강원도보건환경연구원,2025,9,3주,2025-09-20,강원,철원군 철원읍 대마리,기타,LED1,Culex tritaeniorhynchus,374,7,53,0,0,0,,N,,2025-09-26,최연희(chldusgmlek),2025년,09월,3주
802,말라리아매개모기조사감시,강원도보건환경연구원,2025,9,3주,2025-09-20,강원,철원군 철원읍 대마리,기타,LED1,Culex pipiens,34,7,4,0,0,0,,N,,2025-09-26,최연희(chldusgmlek),2025년,09월,3주
803,말라리아매개모기조사감시,강원도보건환경연구원,2025,9,3주,2025-09-20,강원,철원군 철원읍 대마리,기타,LED1,Culex orientalis,29,7,4,0,0,0,,N,,2025-09-26,최연희(chldusgmlek),2025년,09월,3주
804,말라리아매개모기조사감시,강원도보건환경연구원,2025,9,3주,2025-09-20,강원,철원군 철원읍 대마리,기타,LED1,Culex bitaeniorhynchus,7,7,1,0,0,0,,N,,2025-09-26,최연희(chldusgmlek),2025년,09월,3주
805,말라리아매개모기조사감시,강원도보건환경연구원,2025,9,3주,2025-09-20,강원,철원군 철원읍 대마리,기타,LED1,Armigeres subalbatus,8,7,1,0,0,0,,N,,2025-09-26,최연희(chldusgmlek),2025년,09월,3주
806,말라리아매개모기조사감시,강원도보건환경연구원,2025,9,3주,2025-09-20,강원,철원군 철원읍 대마리,기타,LED1,Aedes vexans,17,7,2,0,0,0,,N,,2025-09-26,최연희(chldusgmlek),2025년,09월,3주
807,말라리아매개모기조사감시,강원도보건환경연구원,2025,9,3주,2025-09-20,강원,철원군 철원읍 대마리,기타,LED1,Ochlerotatus koreicus,2,7,0,0,0,0,,N,,2025-09-26,최연희(chldusgmlek),2025년,09월,3주
808,말라리아매개모기조사감시,강원도보건환경연구원,2025,9,3주,2025-09-20,강원,철원군 철원읍 대마리,기타,LED1,Anopheles spp.,42,7,6,42,5,0,,N,,2025-09-26,최연희(chldusgmlek),2025년,09월,3주
809,말라리아매개모기조사감시,강원도보건환경연구원,2025,9,3주,2025-09-20,강원,춘천시 신북읍 지내리,기타,LED1,Culex tritaeniorhynchus,38,7,5,0,0,0,,N,,2025-09-26,최연희(chldusgmlek),2025년,09월,3주
810,말라리아매개모기조사감시,강원도보건환경연구원,2025,9,3주,2025-09-20,강원,춘천시 신북읍 지내리,기타,LED1,Culex pipiens,1,7,0,0,0,0,,N,,2025-09-26,최연희(chldusgmlek),2025년,09월,3주
811,말라리아매개모기조사감시,강원도보건환경연구원,2025,9,3주,2025-09-20,강원,춘천시 신북읍 지내리,기타,LED1,Culex bitaeniorhynchus,8,7,1,0,0,0,,N,,2025-09-26,최연희(chldusgmlek),2025년,09월,3주
812,말라리아매개모기조사감시,강원도보건환경연구원,2025,9,3주,2025-09-20,강원,춘천시 신북읍 지내리,기타,LED1,Ochlerotatus koreicus,1,7,0,0,0,0,,N,,2025-09-26,최연희(chldusgmlek),2025년,09월,3주
813,말라리아매개모기조사감시,강원도보건환경연구원,2025,9,3주,2025-09-20,강원,춘천시 신북읍 지내리,기타,LED1,Anopheles spp.,8,7,1,8,1,0,,N,,2025-09-26,최연희(chldusgmlek),2025년,09월,3주
814,말라리아매개모기조사감시,강원도보건환경연구원,2025,9,3주,2025-09-20,강원,춘천시 중앙동,기타,LED1,Culex tritaeniorhynchus,1,7,0,0,0,0,,N,,2025-09-26,최연희(chldusgmlek),2025년,09월,3주
815,말라리아매개모기조사감시,강원도보건환경연구원,2025,9,3주,2025-09-20,강원,춘천시 중앙동,기타,LED1,Culex pipiens,88,7,12,0,0,0,,N,,2025-09-26,최연희(chldusgmlek),2025년,09월,3주
816,말라리아매개모기조사감시,강원도보건환경연구원,2025,9,3주,2025-09-20,강원,춘천시 중앙동,기타,LED1,Armigeres subalbatus,7,7,1,0,0,0,,N,,2025-09-26,최연희(chldusgmlek),2025년,09월,3주
817,말라리아매개모기조사감시,강원도보건환경연구원,2025,9,3주,2025-09-20,강원,춘천시 중앙동,기타,LED1,Aedes vexans,3,7,0,0,0,0,,N,,2025-09-26,최연희(chldusgmlek),2025년,09월,3주
818,말라리아매개모기조사감시,강원도보건환경연구원,2025,9,3주,2025-09-20,강원,춘천시 중앙동,기타,LED1,Ochlerotatus koreicus,1,7,0,0,0,0,,N,,2025-09-26,최연희(chldusgmlek),2025년,09월,3주
819,말라리아매개모기조사감시,강원도보건환경연구원,2025,9,3주,2025-09-20,강원,춘천시 중앙동,기타,LED1,Aedes albopictus,10,7,1,0,0,0,,N,,2025-09-26,최연희(chldusgmlek),2025년,09월,3주
820,말라리아매개모기조사감시,강원도보건환경연구원,2025,9,3주,2025-09-20,강원,춘천시 중앙동,기타,LED1,Anopheles spp.,1,7,0,1,1,0,,N,,2025-09-26,최연희(chldusgmlek),2025년,09월,3주
821,말라리아매개모기조사감시,강원도보건환경연구원,2025,9,2주,2025-09-13,강원,고성군 현내면 명파리,기타,LED1,Culex bitaeniorhynchus,1,7,0,0,0,0,,N,,2025-09-18,최연희(chldusgmlek),2025년,09월,2주
822,말라리아매개모기조사감시,강원도보건환경연구원,2025,9,2주,2025-09-13,강원,고성군 현내면 명파리,기타,LED1,Armigeres subalbatus,3,7,0,0,0,0,,N,,2025-09-18,최연희(chldusgmlek),2025년,09월,2주
823,말라리아매개모기조사감시,강원도보건환경연구원,2025,9,2주,2025-09-13,강원,고성군 현내면 명파리,기타,LED1,Aedes vexans,2,7,0,0,0,0,,N,,2025-09-18,최연희(chldusgmlek),2025년,09월,2주
824,말라리아매개모기조사감시,강원도보건환경연구원,2025,9,2주,2025-09-13,강원,고성군 현내면 명파리,기타,LED1,Ochlerotatus koreicus,1,7,0,0,0,0,,N,,2025-09-18,최연희(chldusgmlek),2025년,09월,2주
825,말라리아매개모기조사감시,강원도보건환경연구원,2025,9,2주,2025-09-13,강원,인제군 인제읍 덕산리,기타,LED1,Culex tritaeniorhynchus,1,7,0,0,0,0,,N,,2025-09-18,최연희(chldusgmlek),2025년,09월,2주
826,말라리아매개모기조사감시,강원도보건환경연구원,2025,9,2주,2025-09-13,강원,인제군 인제읍 덕산리,기타,LED1,Culex pipiens,2,7,0,0,0,0,,N,,2025-09-18,최연희(chldusgmlek),2025년,09월,2주
827,말라리아매개모기조사감시,강원도보건환경연구원,2025,9,2주,2025-09-13,강원,인제군 인제읍 덕산리,기타,LED1,Culex bitaeniorhynchus,4,7,0,0,0,0,,N,,2025-09-18,최연희(chldusgmlek),2025년,09월,2주
828,말라리아매개모기조사감시,강원도보건환경연구원,2025,9,2주,2025-09-13,강원,인제군 인제읍 덕산리,기타,LED1,Armigeres subalbatus,12,7,1,0,0,0,,N,,2025-09-18,최연희(chldusgmlek),2025년,09월,2주
829,말라리아매개모기조사감시,강원도보건환경연구원,2025,9,2주,2025-09-13,강원,인제군 인제읍 덕산리,기타,LED1,Ochlerotatus koreicus,5,7,0,0,0,0,,N,,2025-09-18,최연희(chldusgmlek),2025년,09월,2주
830,말라리아매개모기조사감시,강원도보건환경연구원,2025,9,2주,2025-09-13,강원,인제군 인제읍 덕산리,기타,LED1,Aedes albopictus,2,7,0,0,0,0,,N,,2025-09-18,최연희(chldusgmlek),2025년,09월,2주
831,말라리아매개모기조사감시,강원도보건환경연구원,2025,9,2주,2025-09-13,강원,인제군 인제읍 덕산리,기타,LED1,Anopheles spp.,4,7,0,4,1,0,,N,,2025-09-18,최연희(chldusgmlek),2025년,09월,2주
832,말라리아매개모기조사감시,강원도보건환경연구원,2025,9,2주,2025-09-13,강원,양구군 남면 구암리,기타,LED1,Culex pipiens,9,7,1,0,0,0,,N,,2025-09-18,최연희(chldusgmlek),2025년,09월,2주
833,말라리아매개모기조사감시,강원도보건환경연구원,2025,9,2주,2025-09-13,강원,양구군 남면 구암리,기타,LED1,Culex orientalis,1,7,0,0,0,0,,N,,2025-09-18,최연희(chldusgmlek),2025년,09월,2주
834,말라리아매개모기조사감시,강원도보건환경연구원,2025,9,2주,2025-09-13,강원,양구군 남면 구암리,기타,LED1,Armigeres subalbatus,7,7,1,0,0,0,,N,,2025-09-18,최연희(chldusgmlek),2025년,09월,2주
835,말라리아매개모기조사감시,강원도보건환경연구원,2025,9,2주,2025-09-13,강원,양구군 남면 구암리,기타,LED1,Aedes vexans,15,7,2,0,0,0,,N,,2025-09-18,최연희(chldusgmlek),2025년,09월,2주
836,말라리아매개모기조사감시,강원도보건환경연구원,2025,9,2주,2025-09-13,강원,양구군 남면 구암리,기타,LED1,Ochlerotatus koreicus,7,7,1,0,0,0,,N,,2025-09-18,최연희(chldusgmlek),2025년,09월,2주
837,말라리아매개모기조사감시,강원도보건환경연구원,2025,9,2주,2025-09-13,강원,양구군 남면 구암리,기타,LED1,Aedes albopictus,1,7,0,0,0,0,,N,,2025-09-18,최연희(chldusgmlek),2025년,09월,2주
838,말라리아매개모기조사감시,강원도보건환경연구원,2025,9,2주,2025-09-13,강원,양구군 남면 구암리,기타,LED1,Anopheles spp.,60,7,8,60,6,0,,N,,2025-09-18,최연희(chldusgmlek),2025년,09월,2주
839,말라리아매개모기조사감시,강원도보건환경연구원,2025,9,2주,2025-09-13,강원,화천군 화천읍 신읍리,기타,LED1,Culex tritaeniorhynchus,1,7,0,0,0,0,,N,,2025-09-18,최연희(chldusgmlek),2025년,09월,2주
840,말라리아매개모기조사감시,강원도보건환경연구원,2025,9,2주,2025-09-13,강원,화천군 화천읍 신읍리,기타,LED1,Culex pipiens,4,7,0,0,0,0,,N,,2025-09-18,최연희(chldusgmlek),2025년,09월,2주
841,말라리아매개모기조사감시,강원도보건환경연구원,2025,9,2주,2025-09-13,강원,화천군 화천읍 신읍리,기타,LED1,Culex orientalis,3,7,0,0,0,0,,N,,2025-09-18,최연희(chldusgmlek),2025년,09월,2주
842,말라리아매개모기조사감시,강원도보건환경연구원,2025,9,2주,2025-09-13,강원,화천군 화천읍 신읍리,기타,LED1,Culex bitaeniorhynchus,4,7,0,0,0,0,,N,,2025-09-18,최연희(chldusgmlek),2025년,09월,2주
843,말라리아매개모기조사감시,강원도보건환경연구원,2025,9,2주,2025-09-13,강원,화천군 화천읍 신읍리,기타,LED1,Armigeres subalbatus,13,7,1,0,0,0,,N,,2025-09-18,최연희(chldusgmlek),2025년,09월,2주
844,말라리아매개모기조사감시,강원도보건환경연구원,2025,9,2주,2025-09-13,강원,화천군 화천읍 신읍리,기타,LED1,Aedes vexans,17,7,2,0,0,0,,N,,2025-09-18,최연희(chldusgmlek),2025년,09월,2주
845,말라리아매개모기조사감시,강원도보건환경연구원,2025,9,2주,2025-09-13,강원,화천군 화천읍 신읍리,기타,LED1,Ochlerotatus koreicus,16,7,2,0,0,0,,N,,2025-09-18,최연희(chldusgmlek),2025년,09월,2주
846,말라리아매개모기조사감시,강원도보건환경연구원,2025,9,2주,2025-09-13,강원,화천군 화천읍 신읍리,기타,LED1,Anopheles spp.,20,7,2,20,2,0,,N,,2025-09-18,최연희(chldusgmlek),2025년,09월,2주
847,말라리아매개모기조사감시,강원도보건환경연구원,2025,9,2주,2025-09-13,강원,철원군 김화읍 학사리,기타,LED1,Culex pipiens,1,7,0,0,0,0,,N,,2025-09-18,최연희(chldusgmlek),2025년,09월,2주
848,말라리아매개모기조사감시,강원도보건환경연구원,2025,9,2주,2025-09-13,강원,철원군 김화읍 학사리,기타,LED1,Culex orientalis,2,7,0,0,0,0,,N,,2025-09-18,최연희(chldusgmlek),2025년,09월,2주
849,말라리아매개모기조사감시,강원도보건환경연구원,2025,9,2주,2025-09-13,강원,철원군 김화읍 학사리,기타,LED1,Armigeres subalbatus,8,7,1,0,0,0,,N,,2025-09-18,최연희(chldusgmlek),2025년,09월,2주
850,말라리아매개모기조사감시,강원도보건환경연구원,2025,9,2주,2025-09-13,강원,철원군 김화읍 학사리,기타,LED1,Ochlerotatus koreicus,16,7,2,0,0,0,,N,,2025-09-18,최연희(chldusgmlek),2025년,09월,2주
851,말라리아매개모기조사감시,강원도보건환경연구원,2025,9,2주,2025-09-13,강원,철원군 김화읍 학사리,기타,LED1,Aedes albopictus,10,7,1,0,0,0,,N,,2025-09-18,최연희(chldusgmlek),2025년,09월,2주
852,말라리아매개모기조사감시,강원도보건환경연구원,2025,9,2주,2025-09-13,강원,철원군 철원읍 대마리,기타,LED1,Culex tritaeniorhynchus,106,7,15,0,0,0,,N,,2025-09-18,최연희(chldusgmlek),2025년,09월,2주
853,말라리아매개모기조사감시,강원도보건환경연구원,2025,9,2주,2025-09-13,강원,철원군 철원읍 대마리,기타,LED1,Culex pipiens,19,7,2,0,0,0,,N,,2025-09-18,최연희(chldusgmlek),2025년,09월,2주
854,말라리아매개모기조사감시,강원도보건환경연구원,2025,9,2주,2025-09-13,강원,철원군 철원읍 대마리,기타,LED1,Culex orientalis,16,7,2,0,0,0,,N,,2025-09-18,최연희(chldusgmlek),2025년,09월,2주
855,말라리아매개모기조사감시,강원도보건환경연구원,2025,9,2주,2025-09-13,강원,철원군 철원읍 대마리,기타,LED1,Culex bitaeniorhynchus,5,7,0,0,0,0,,N,,2025-09-18,최연희(chldusgmlek),2025년,09월,2주
856,말라리아매개모기조사감시,강원도보건환경연구원,2025,9,2주,2025-09-13,강원,철원군 철원읍 대마리,기타,LED1,Armigeres subalbatus,9,7,1,0,0,0,,N,,2025-09-18,최연희(chldusgmlek),2025년,09월,2주
857,말라리아매개모기조사감시,강원도보건환경연구원,2025,9,2주,2025-09-13,강원,철원군 철원읍 대마리,기타,LED1,Aedes vexans,9,7,1,0,0,0,,N,,2025-09-18,최연희(chldusgmlek),2025년,09월,2주
858,말라리아매개모기조사감시,강원도보건환경연구원,2025,9,2주,2025-09-13,강원,철원군 철원읍 대마리,기타,LED1,Ochlerotatus koreicus,5,7,0,0,0,0,,N,,2025-09-18,최연희(chldusgmlek),2025년,09월,2주
859,말라리아매개모기조사감시,강원도보건환경연구원,2025,9,2주,2025-09-13,강원,철원군 철원읍 대마리,기타,LED1,Anopheles spp.,16,7,2,16,2,0,,N,,2025-09-18,최연희(chldusgmlek),2025년,09월,2주
860,말라리아매개모기조사감시,강원도보건환경연구원,2025,9,2주,2025-09-13,강원,춘천시 신북읍 지내리,기타,LED1,Culex bitaeniorhynchus,3,7,0,0,0,0,,N,,2025-09-18,최연희(chldusgmlek),2025년,09월,2주
861,말라리아매개모기조사감시,강원도보건환경연구원,2025,9,2주,2025-09-13,강원,춘천시 신북읍 지내리,기타,LED1,Armigeres subalbatus,2,7,0,0,0,0,,N,,2025-09-18,최연희(chldusgmlek),2025년,09월,2주
862,말라리아매개모기조사감시,강원도보건환경연구원,2025,9,2주,2025-09-13,강원,춘천시 신북읍 지내리,기타,LED1,Ochlerotatus koreicus,2,7,0,0,0,0,,N,,2025-09-18,최연희(chldusgmlek),2025년,09월,2주
863,말라리아매개모기조사감시,강원도보건환경연구원,2025,9,2주,2025-09-13,강원,춘천시 신북읍 지내리,기타,LED1,Anopheles spp.,2,7,0,2,1,0,,N,,2025-09-18,최연희(chldusgmlek),2025년,09월,2주
864,말라리아매개모기조사감시,강원도보건환경연구원,2025,9,2주,2025-09-13,강원,춘천시 중앙동,기타,LED1,Culex tritaeniorhynchus,1,7,0,0,0,0,,N,,2025-09-18,최연희(chldusgmlek),2025년,09월,2주
865,말라리아매개모기조사감시,강원도보건환경연구원,2025,9,2주,2025-09-13,강원,춘천시 중앙동,기타,LED1,Culex pipiens,46,7,6,0,0,0,,N,,2025-09-18,최연희(chldusgmlek),2025년,09월,2주
866,말라리아매개모기조사감시,강원도보건환경연구원,2025,9,2주,2025-09-13,강원,춘천시 중앙동,기타,LED1,Culex bitaeniorhynchus,1,7,0,0,0,0,,N,,2025-09-18,최연희(chldusgmlek),2025년,09월,2주
867,말라리아매개모기조사감시,강원도보건환경연구원,2025,9,2주,2025-09-13,강원,춘천시 중앙동,기타,LED1,Armigeres subalbatus,19,7,2,0,0,0,,N,,2025-09-18,최연희(chldusgmlek),2025년,09월,2주
868,말라리아매개모기조사감시,강원도보건환경연구원,2025,9,2주,2025-09-13,강원,춘천시 중앙동,기타,LED1,Aedes vexans,5,7,0,0,0,0,,N,,2025-09-18,최연희(chldusgmlek),2025년,09월,2주
869,말라리아매개모기조사감시,강원도보건환경연구원,2025,9,2주,2025-09-13,강원,춘천시 중앙동,기타,LED1,Ochlerotatus koreicus,1,7,0,0,0,0,,N,,2025-09-18,최연희(chldusgmlek),2025년,09월,2주
870,말라리아매개모기조사감시,강원도보건환경연구원,2025,9,2주,2025-09-13,강원,춘천시 중앙동,기타,LED1,Aedes albopictus,11,7,1,0,0,0,,N,,2025-09-18,최연희(chldusgmlek),2025년,09월,2주
871,말라리아매개모기조사감시,강원도보건환경연구원,2025,9,2주,2025-09-13,강원,춘천시 중앙동,기타,LED1,Anopheles spp.,16,7,2,16,2,0,,N,,2025-09-18,최연희(chldusgmlek),2025년,09월,2주
872,말라리아매개모기조사감시,강원도보건환경연구원,2025,9,1주,2025-09-06,강원,고성군 현내면 명파리,기타,LED1,Culex bitaeniorhynchus,4,7,0,0,0,0,,N,,2025-09-14,최연희(chldusgmlek),2025년,09월,1주
873,말라리아매개모기조사감시,강원도보건환경연구원,2025,9,1주,2025-09-06,강원,고성군 현내면 명파리,기타,LED1,Armigeres subalbatus,2,7,0,0,0,0,,N,,2025-09-14,최연희(chldusgmlek),2025년,09월,1주
874,말라리아매개모기조사감시,강원도보건환경연구원,2025,9,1주,2025-09-06,강원,고성군 현내면 명파리,기타,LED1,Aedes vexans,5,7,0,0,0,0,,N,,2025-09-14,최연희(chldusgmlek),2025년,09월,1주
875,말라리아매개모기조사감시,강원도보건환경연구원,2025,9,1주,2025-09-06,강원,고성군 현내면 명파리,기타,LED1,Ochlerotatus koreicus,10,7,1,0,0,0,,N,,2025-09-14,최연희(chldusgmlek),2025년,09월,1주
876,말라리아매개모기조사감시,강원도보건환경연구원,2025,9,1주,2025-09-06,강원,고성군 현내면 명파리,기타,LED1,Anopheles spp.,2,7,0,2,1,0,,N,,2025-09-14,최연희(chldusgmlek),2025년,09월,1주
877,말라리아매개모기조사감시,강원도보건환경연구원,2025,9,1주,2025-09-06,강원,인제군 인제읍 덕산리,기타,LED1,Culex pipiens,1,7,0,0,0,0,,N,,2025-09-14,최연희(chldusgmlek),2025년,09월,1주
878,말라리아매개모기조사감시,강원도보건환경연구원,2025,9,1주,2025-09-06,강원,인제군 인제읍 덕산리,기타,LED1,Culex bitaeniorhynchus,2,7,0,0,0,0,,N,,2025-09-14,최연희(chldusgmlek),2025년,09월,1주
879,말라리아매개모기조사감시,강원도보건환경연구원,2025,9,1주,2025-09-06,강원,인제군 인제읍 덕산리,기타,LED1,Armigeres subalbatus,22,7,3,0,0,0,,N,,2025-09-14,최연희(chldusgmlek),2025년,09월,1주
880,말라리아매개모기조사감시,강원도보건환경연구원,2025,9,1주,2025-09-06,강원,인제군 인제읍 덕산리,기타,LED1,Ochlerotatus koreicus,8,7,1,0,0,0,,N,,2025-09-14,최연희(chldusgmlek),2025년,09월,1주
881,말라리아매개모기조사감시,강원도보건환경연구원,2025,9,1주,2025-09-06,강원,인제군 인제읍 덕산리,기타,LED1,Aedes albopictus,1,7,0,0,0,0,,N,,2025-09-14,최연희(chldusgmlek),2025년,09월,1주
882,말라리아매개모기조사감시,강원도보건환경연구원,2025,9,1주,2025-09-06,강원,인제군 인제읍 덕산리,기타,LED1,Anopheles spp.,7,7,1,7,1,0,,N,,2025-09-14,최연희(chldusgmlek),2025년,09월,1주
883,말라리아매개모기조사감시,강원도보건환경연구원,2025,9,1주,2025-09-06,강원,양구군 남면 구암리,기타,LED1,Culex tritaeniorhynchus,6,7,0,0,0,0,,N,,2025-09-14,최연희(chldusgmlek),2025년,09월,1주
884,말라리아매개모기조사감시,강원도보건환경연구원,2025,9,1주,2025-09-06,강원,양구군 남면 구암리,기타,LED1,Culex pipiens,5,7,0,0,0,0,,N,,2025-09-14,최연희(chldusgmlek),2025년,09월,1주
885,말라리아매개모기조사감시,강원도보건환경연구원,2025,9,1주,2025-09-06,강원,양구군 남면 구암리,기타,LED1,Culex orientalis,7,7,1,0,0,0,,N,,2025-09-14,최연희(chldusgmlek),2025년,09월,1주
886,말라리아매개모기조사감시,강원도보건환경연구원,2025,9,1주,2025-09-06,강원,양구군 남면 구암리,기타,LED1,Culex bitaeniorhynchus,2,7,0,0,0,0,,N,,2025-09-14,최연희(chldusgmlek),2025년,09월,1주
887,말라리아매개모기조사감시,강원도보건환경연구원,2025,9,1주,2025-09-06,강원,양구군 남면 구암리,기타,LED1,Armigeres subalbatus,6,7,0,0,0,0,,N,,2025-09-14,최연희(chldusgmlek),2025년,09월,1주
888,말라리아매개모기조사감시,강원도보건환경연구원,2025,9,1주,2025-09-06,강원,양구군 남면 구암리,기타,LED1,Aedes vexans,19,7,2,0,0,0,,N,,2025-09-14,최연희(chldusgmlek),2025년,09월,1주
889,말라리아매개모기조사감시,강원도보건환경연구원,2025,9,1주,2025-09-06,강원,양구군 남면 구암리,기타,LED1,Ochlerotatus koreicus,2,7,0,0,0,0,,N,,2025-09-14,최연희(chldusgmlek),2025년,09월,1주
890,말라리아매개모기조사감시,강원도보건환경연구원,2025,9,1주,2025-09-06,강원,양구군 남면 구암리,기타,LED1,Anopheles spp.,132,7,18,132,14,0,,N,,2025-09-14,최연희(chldusgmlek),2025년,09월,1주
891,말라리아매개모기조사감시,강원도보건환경연구원,2025,9,1주,2025-09-06,강원,화천군 화천읍 신읍리,기타,LED1,Culex pipiens,2,7,0,0,0,0,,N,,2025-09-14,최연희(chldusgmlek),2025년,09월,1주
892,말라리아매개모기조사감시,강원도보건환경연구원,2025,9,1주,2025-09-06,강원,화천군 화천읍 신읍리,기타,LED1,Culex orientalis,5,7,0,0,0,0,,N,,2025-09-14,최연희(chldusgmlek),2025년,09월,1주
893,말라리아매개모기조사감시,강원도보건환경연구원,2025,9,1주,2025-09-06,강원,화천군 화천읍 신읍리,기타,LED1,Culex bitaeniorhynchus,2,7,0,0,0,0,,N,,2025-09-14,최연희(chldusgmlek),2025년,09월,1주
894,말라리아매개모기조사감시,강원도보건환경연구원,2025,9,1주,2025-09-06,강원,화천군 화천읍 신읍리,기타,LED1,Armigeres subalbatus,6,7,0,0,0,0,,N,,2025-09-14,최연희(chldusgmlek),2025년,09월,1주
895,말라리아매개모기조사감시,강원도보건환경연구원,2025,9,1주,2025-09-06,강원,화천군 화천읍 신읍리,기타,LED1,Aedes vexans,11,7,1,0,0,0,,N,,2025-09-14,최연희(chldusgmlek),2025년,09월,1주
896,말라리아매개모기조사감시,강원도보건환경연구원,2025,9,1주,2025-09-06,강원,화천군 화천읍 신읍리,기타,LED1,Ochlerotatus koreicus,21,7,3,0,0,0,,N,,2025-09-14,최연희(chldusgmlek),2025년,09월,1주
897,말라리아매개모기조사감시,강원도보건환경연구원,2025,9,1주,2025-09-06,강원,화천군 화천읍 신읍리,기타,LED1,Anopheles spp.,19,7,2,19,2,0,,N,,2025-09-14,최연희(chldusgmlek),2025년,09월,1주
898,말라리아매개모기조사감시,강원도보건환경연구원,2025,9,1주,2025-09-06,강원,철원군 김화읍 학사리,기타,LED1,Culex tritaeniorhynchus,7,7,1,0,0,0,,N,,2025-09-14,최연희(chldusgmlek),2025년,09월,1주
899,말라리아매개모기조사감시,강원도보건환경연구원,2025,9,1주,2025-09-06,강원,철원군 김화읍 학사리,기타,LED1,Culex pipiens,2,7,0,0,0,0,,N,,2025-09-14,최연희(chldusgmlek),2025년,09월,1주
900,말라리아매개모기조사감시,강원도보건환경연구원,2025,9,1주,2025-09-06,강원,철원군 김화읍 학사리,기타,LED1,Culex orientalis,7,7,1,0,0,0,,N,,2025-09-14,최연희(chldusgmlek),2025년,09월,1주
901,말라리아매개모기조사감시,강원도보건환경연구원,2025,9,1주,2025-09-06,강원,철원군 김화읍 학사리,기타,LED1,Culex bitaeniorhynchus,1,7,0,0,0,0,,N,,2025-09-14,최연희(chldusgmlek),2025년,09월,1주
902,말라리아매개모기조사감시,강원도보건환경연구원,2025,9,1주,2025-09-06,강원,철원군 김화읍 학사리,기타,LED1,Armigeres subalbatus,10,7,1,0,0,0,,N,,2025-09-14,최연희(chldusgmlek),2025년,09월,1주
903,말라리아매개모기조사감시,강원도보건환경연구원,2025,9,1주,2025-09-06,강원,철원군 김화읍 학사리,기타,LED1,Ochlerotatus koreicus,46,7,6,0,0,0,,N,,2025-09-14,최연희(chldusgmlek),2025년,09월,1주
904,말라리아매개모기조사감시,강원도보건환경연구원,2025,9,1주,2025-09-06,강원,철원군 김화읍 학사리,기타,LED1,Aedes albopictus,29,7,4,0,0,0,,N,,2025-09-14,최연희(chldusgmlek),2025년,09월,1주
905,말라리아매개모기조사감시,강원도보건환경연구원,2025,9,1주,2025-09-06,강원,철원군 김화읍 학사리,기타,LED1,Anopheles spp.,3,7,0,3,1,0,,N,,2025-09-14,최연희(chldusgmlek),2025년,09월,1주
906,말라리아매개모기조사감시,강원도보건환경연구원,2025,9,1주,2025-09-06,강원,철원군 철원읍 대마리,기타,LED1,Culex tritaeniorhynchus,64,7,9,0,0,0,,N,,2025-09-14,최연희(chldusgmlek),2025년,09월,1주
907,말라리아매개모기조사감시,강원도보건환경연구원,2025,9,1주,2025-09-06,강원,철원군 철원읍 대마리,기타,LED1,Culex pipiens,3,7,0,0,0,0,,N,,2025-09-14,최연희(chldusgmlek),2025년,09월,1주
908,말라리아매개모기조사감시,강원도보건환경연구원,2025,9,1주,2025-09-06,강원,철원군 철원읍 대마리,기타,LED1,Culex orientalis,12,7,1,0,0,0,,N,,2025-09-14,최연희(chldusgmlek),2025년,09월,1주
909,말라리아매개모기조사감시,강원도보건환경연구원,2025,9,1주,2025-09-06,강원,철원군 철원읍 대마리,기타,LED1,Culex bitaeniorhynchus,7,7,1,0,0,0,,N,,2025-09-14,최연희(chldusgmlek),2025년,09월,1주
910,말라리아매개모기조사감시,강원도보건환경연구원,2025,9,1주,2025-09-06,강원,철원군 철원읍 대마리,기타,LED1,Armigeres subalbatus,12,7,1,0,0,0,,N,,2025-09-14,최연희(chldusgmlek),2025년,09월,1주
911,말라리아매개모기조사감시,강원도보건환경연구원,2025,9,1주,2025-09-06,강원,철원군 철원읍 대마리,기타,LED1,Aedes vexans,9,7,1,0,0,0,,N,,2025-09-14,최연희(chldusgmlek),2025년,09월,1주
912,말라리아매개모기조사감시,강원도보건환경연구원,2025,9,1주,2025-09-06,강원,철원군 철원읍 대마리,기타,LED1,Ochlerotatus koreicus,3,7,0,0,0,0,,N,,2025-09-14,최연희(chldusgmlek),2025년,09월,1주
913,말라리아매개모기조사감시,강원도보건환경연구원,2025,9,1주,2025-09-06,강원,철원군 철원읍 대마리,기타,LED1,Aedes albopictus,1,7,0,0,0,0,,N,,2025-09-14,최연희(chldusgmlek),2025년,09월,1주
914,말라리아매개모기조사감시,강원도보건환경연구원,2025,9,1주,2025-09-06,강원,철원군 철원읍 대마리,기타,LED1,Anopheles spp.,28,7,4,28,3,0,,N,,2025-09-14,최연희(chldusgmlek),2025년,09월,1주
915,말라리아매개모기조사감시,강원도보건환경연구원,2025,9,1주,2025-09-06,강원,춘천시 신북읍 지내리,기타,LED1,Culex bitaeniorhynchus,12,7,1,0,0,0,,N,,2025-09-14,최연희(chldusgmlek),2025년,09월,1주
916,말라리아매개모기조사감시,강원도보건환경연구원,2025,9,1주,2025-09-06,강원,춘천시 신북읍 지내리,기타,LED1,Armigeres subalbatus,1,7,0,0,0,0,,N,,2025-09-14,최연희(chldusgmlek),2025년,09월,1주
917,말라리아매개모기조사감시,강원도보건환경연구원,2025,9,1주,2025-09-06,강원,춘천시 신북읍 지내리,기타,LED1,Aedes vexans,2,7,0,0,0,0,,N,,2025-09-14,최연희(chldusgmlek),2025년,09월,1주
918,말라리아매개모기조사감시,강원도보건환경연구원,2025,9,1주,2025-09-06,강원,춘천시 신북읍 지내리,기타,LED1,Aedes albopictus,1,7,0,0,0,0,,N,,2025-09-14,최연희(chldusgmlek),2025년,09월,1주
919,말라리아매개모기조사감시,강원도보건환경연구원,2025,9,1주,2025-09-06,강원,춘천시 신북읍 지내리,기타,LED1,Anopheles spp.,3,7,0,9,1,0,,N,,2025-09-14,최연희(chldusgmlek),2025년,09월,1주
920,말라리아매개모기조사감시,강원도보건환경연구원,2025,9,1주,2025-09-06,강원,춘천시 중앙동,기타,LED1,Culex tritaeniorhynchus,1,7,0,0,0,0,,N,,2025-09-14,최연희(chldusgmlek),2025년,09월,1주
921,말라리아매개모기조사감시,강원도보건환경연구원,2025,9,1주,2025-09-06,강원,춘천시 중앙동,기타,LED1,Culex pipiens,46,7,6,0,0,0,,N,,2025-09-14,최연희(chldusgmlek),2025년,09월,1주
922,말라리아매개모기조사감시,강원도보건환경연구원,2025,9,1주,2025-09-06,강원,춘천시 중앙동,기타,LED1,Culex orientalis,1,7,0,0,0,0,,N,,2025-09-14,최연희(chldusgmlek),2025년,09월,1주
923,말라리아매개모기조사감시,강원도보건환경연구원,2025,9,1주,2025-09-06,강원,춘천시 중앙동,기타,LED1,Armigeres subalbatus,10,7,1,0,0,0,,N,,2025-09-14,최연희(chldusgmlek),2025년,09월,1주
924,말라리아매개모기조사감시,강원도보건환경연구원,2025,9,1주,2025-09-06,강원,춘천시 중앙동,기타,LED1,Ochlerotatus koreicus,4,7,0,0,0,0,,N,,2025-09-14,최연희(chldusgmlek),2025년,09월,1주
925,말라리아매개모기조사감시,강원도보건환경연구원,2025,9,1주,2025-09-06,강원,춘천시 중앙동,기타,LED1,Aedes albopictus,18,7,2,0,0,0,,N,,2025-09-14,최연희(chldusgmlek),2025년,09월,1주
926,말라리아매개모기조사감시,강원도보건환경연구원,2025,9,1주,2025-09-06,강원,춘천시 중앙동,기타,LED1,Anopheles spp.,5,7,0,5,1,0,,N,,2025-09-14,최연희(chldusgmlek),2025년,09월,1주
927,말라리아매개모기조사감시,강원도보건환경연구원,2025,8,4주,2025-08-30,강원,고성군 현내면 명파리,기타,LED1,Culex tritaeniorhynchus,1,7,0,0,0,0,,N,,2025-09-05,최연희(chldusgmlek),2025년,08월,4주
928,말라리아매개모기조사감시,강원도보건환경연구원,2025,8,4주,2025-08-30,강원,고성군 현내면 명파리,기타,LED1,Culex bitaeniorhynchus,1,7,0,0,0,0,,N,,2025-09-05,최연희(chldusgmlek),2025년,08월,4주
929,말라리아매개모기조사감시,강원도보건환경연구원,2025,8,4주,2025-08-30,강원,고성군 현내면 명파리,기타,LED1,Armigeres subalbatus,2,7,0,0,0,0,,N,,2025-09-05,최연희(chldusgmlek),2025년,08월,4주
930,말라리아매개모기조사감시,강원도보건환경연구원,2025,8,4주,2025-08-30,강원,고성군 현내면 명파리,기타,LED1,Aedes vexans,20,7,2,0,0,0,,N,,2025-09-05,최연희(chldusgmlek),2025년,08월,4주
931,말라리아매개모기조사감시,강원도보건환경연구원,2025,8,4주,2025-08-30,강원,고성군 현내면 명파리,기타,LED1,Ochlerotatus koreicus,8,7,1,0,0,0,,N,,2025-09-05,최연희(chldusgmlek),2025년,08월,4주
932,말라리아매개모기조사감시,강원도보건환경연구원,2025,8,4주,2025-08-30,강원,고성군 현내면 명파리,기타,LED1,Aedes albopictus,2,7,0,0,0,0,,N,,2025-09-05,최연희(chldusgmlek),2025년,08월,4주
933,말라리아매개모기조사감시,강원도보건환경연구원,2025,8,4주,2025-08-30,강원,고성군 현내면 명파리,기타,LED1,Anopheles spp.,5,7,0,5,1,0,,N,,2025-09-05,최연희(chldusgmlek),2025년,08월,4주
934,말라리아매개모기조사감시,강원도보건환경연구원,2025,8,4주,2025-08-30,강원,인제군 인제읍 덕산리,기타,LED1,Culex orientalis,2,7,0,0,0,0,,N,,2025-09-05,최연희(chldusgmlek),2025년,08월,4주
935,말라리아매개모기조사감시,강원도보건환경연구원,2025,8,4주,2025-08-30,강원,인제군 인제읍 덕산리,기타,LED1,Culex bitaeniorhynchus,1,7,0,0,0,0,,N,,2025-09-05,최연희(chldusgmlek),2025년,08월,4주
936,말라리아매개모기조사감시,강원도보건환경연구원,2025,8,4주,2025-08-30,강원,인제군 인제읍 덕산리,기타,LED1,Armigeres subalbatus,12,7,1,0,0,0,,N,,2025-09-05,최연희(chldusgmlek),2025년,08월,4주
937,말라리아매개모기조사감시,강원도보건환경연구원,2025,8,4주,2025-08-30,강원,인제군 인제읍 덕산리,기타,LED1,Ochlerotatus koreicus,7,7,1,0,0,0,,N,,2025-09-05,최연희(chldusgmlek),2025년,08월,4주
938,말라리아매개모기조사감시,강원도보건환경연구원,2025,8,4주,2025-08-30,강원,인제군 인제읍 덕산리,기타,LED1,Aedes albopictus,1,7,0,0,0,0,,N,,2025-09-05,최연희(chldusgmlek),2025년,08월,4주
939,말라리아매개모기조사감시,강원도보건환경연구원,2025,8,4주,2025-08-30,강원,인제군 인제읍 덕산리,기타,LED1,Anopheles spp.,14,7,2,14,2,0,,N,,2025-09-05,최연희(chldusgmlek),2025년,08월,4주
940,말라리아매개모기조사감시,강원도보건환경연구원,2025,8,4주,2025-08-30,강원,양구군 남면 구암리,기타,LED1,Culex tritaeniorhynchus,3,7,0,0,0,0,,N,,2025-09-05,최연희(chldusgmlek),2025년,08월,4주
941,말라리아매개모기조사감시,강원도보건환경연구원,2025,8,4주,2025-08-30,강원,양구군 남면 구암리,기타,LED1,Culex pipiens,6,7,0,0,0,0,,N,,2025-09-05,최연희(chldusgmlek),2025년,08월,4주
942,말라리아매개모기조사감시,강원도보건환경연구원,2025,8,4주,2025-08-30,강원,양구군 남면 구암리,기타,LED1,Culex orientalis,7,7,1,0,0,0,,N,,2025-09-05,최연희(chldusgmlek),2025년,08월,4주
943,말라리아매개모기조사감시,강원도보건환경연구원,2025,8,4주,2025-08-30,강원,양구군 남면 구암리,기타,LED1,Culex bitaeniorhynchus,1,7,0,0,0,0,,N,,2025-09-05,최연희(chldusgmlek),2025년,08월,4주
944,말라리아매개모기조사감시,강원도보건환경연구원,2025,8,4주,2025-08-30,강원,양구군 남면 구암리,기타,LED1,Armigeres subalbatus,4,7,0,0,0,0,,N,,2025-09-05,최연희(chldusgmlek),2025년,08월,4주
945,말라리아매개모기조사감시,강원도보건환경연구원,2025,8,4주,2025-08-30,강원,양구군 남면 구암리,기타,LED1,Aedes vexans,23,7,3,0,0,0,,N,,2025-09-05,최연희(chldusgmlek),2025년,08월,4주
946,말라리아매개모기조사감시,강원도보건환경연구원,2025,8,4주,2025-08-30,강원,양구군 남면 구암리,기타,LED1,Ochlerotatus koreicus,6,7,0,0,0,0,,N,,2025-09-05,최연희(chldusgmlek),2025년,08월,4주
947,말라리아매개모기조사감시,강원도보건환경연구원,2025,8,4주,2025-08-30,강원,양구군 남면 구암리,기타,LED1,Anopheles spp.,119,7,17,119,12,0,,N,,2025-09-05,최연희(chldusgmlek),2025년,08월,4주
948,말라리아매개모기조사감시,강원도보건환경연구원,2025,8,4주,2025-08-30,강원,화천군 화천읍 신읍리,기타,LED1,Culex pipiens,8,7,1,0,0,0,,N,,2025-09-05,최연희(chldusgmlek),2025년,08월,4주
949,말라리아매개모기조사감시,강원도보건환경연구원,2025,8,4주,2025-08-30,강원,화천군 화천읍 신읍리,기타,LED1,Culex orientalis,1,7,0,0,0,0,,N,,2025-09-05,최연희(chldusgmlek),2025년,08월,4주
950,말라리아매개모기조사감시,강원도보건환경연구원,2025,8,4주,2025-08-30,강원,화천군 화천읍 신읍리,기타,LED1,Armigeres subalbatus,12,7,1,0,0,0,,N,,2025-09-05,최연희(chldusgmlek),2025년,08월,4주
951,말라리아매개모기조사감시,강원도보건환경연구원,2025,8,4주,2025-08-30,강원,화천군 화천읍 신읍리,기타,LED1,Aedes vexans,6,7,0,0,0,0,,N,,2025-09-05,최연희(chldusgmlek),2025년,08월,4주
952,말라리아매개모기조사감시,강원도보건환경연구원,2025,8,4주,2025-08-30,강원,화천군 화천읍 신읍리,기타,LED1,Ochlerotatus koreicus,41,7,5,0,0,0,,N,,2025-09-05,최연희(chldusgmlek),2025년,08월,4주
953,말라리아매개모기조사감시,강원도보건환경연구원,2025,8,4주,2025-08-30,강원,화천군 화천읍 신읍리,기타,LED1,Aedes albopictus,1,7,0,0,0,0,,N,,2025-09-05,최연희(chldusgmlek),2025년,08월,4주
954,말라리아매개모기조사감시,강원도보건환경연구원,2025,8,4주,2025-08-30,강원,화천군 화천읍 신읍리,기타,LED1,Anopheles spp.,25,7,3,25,3,0,,N,,2025-09-05,최연희(chldusgmlek),2025년,08월,4주
955,말라리아매개모기조사감시,강원도보건환경연구원,2025,8,4주,2025-08-30,강원,철원군 김화읍 학사리,기타,LED1,Culex pipiens,1,7,0,0,0,0,,N,,2025-09-05,최연희(chldusgmlek),2025년,08월,4주
956,말라리아매개모기조사감시,강원도보건환경연구원,2025,8,4주,2025-08-30,강원,철원군 김화읍 학사리,기타,LED1,Culex orientalis,4,7,0,0,0,0,,N,,2025-09-05,최연희(chldusgmlek),2025년,08월,4주
957,말라리아매개모기조사감시,강원도보건환경연구원,2025,8,4주,2025-08-30,강원,철원군 김화읍 학사리,기타,LED1,Armigeres subalbatus,11,7,1,0,0,0,,N,,2025-09-05,최연희(chldusgmlek),2025년,08월,4주
958,말라리아매개모기조사감시,강원도보건환경연구원,2025,8,4주,2025-08-30,강원,철원군 김화읍 학사리,기타,LED1,Aedes vexans,3,7,0,0,0,0,,N,,2025-09-05,최연희(chldusgmlek),2025년,08월,4주
959,말라리아매개모기조사감시,강원도보건환경연구원,2025,8,4주,2025-08-30,강원,철원군 김화읍 학사리,기타,LED1,Ochlerotatus koreicus,27,7,3,0,0,0,,N,,2025-09-05,최연희(chldusgmlek),2025년,08월,4주
960,말라리아매개모기조사감시,강원도보건환경연구원,2025,8,4주,2025-08-30,강원,철원군 김화읍 학사리,기타,LED1,Aedes albopictus,17,7,2,0,0,0,,N,,2025-09-05,최연희(chldusgmlek),2025년,08월,4주
961,말라리아매개모기조사감시,강원도보건환경연구원,2025,8,4주,2025-08-30,강원,철원군 철원읍 대마리,기타,LED1,Culex tritaeniorhynchus,16,7,2,0,0,0,,N,,2025-09-05,최연희(chldusgmlek),2025년,08월,4주
962,말라리아매개모기조사감시,강원도보건환경연구원,2025,8,4주,2025-08-30,강원,철원군 철원읍 대마리,기타,LED1,Culex pipiens,13,7,1,0,0,0,,N,,2025-09-05,최연희(chldusgmlek),2025년,08월,4주
963,말라리아매개모기조사감시,강원도보건환경연구원,2025,8,4주,2025-08-30,강원,철원군 철원읍 대마리,기타,LED1,Culex orientalis,14,7,2,0,0,0,,N,,2025-09-05,최연희(chldusgmlek),2025년,08월,4주
964,말라리아매개모기조사감시,강원도보건환경연구원,2025,8,4주,2025-08-30,강원,철원군 철원읍 대마리,기타,LED1,Culex bitaeniorhynchus,2,7,0,0,0,0,,N,,2025-09-05,최연희(chldusgmlek),2025년,08월,4주
965,말라리아매개모기조사감시,강원도보건환경연구원,2025,8,4주,2025-08-30,강원,철원군 철원읍 대마리,기타,LED1,Armigeres subalbatus,5,7,0,0,0,0,,N,,2025-09-05,최연희(chldusgmlek),2025년,08월,4주
966,말라리아매개모기조사감시,강원도보건환경연구원,2025,8,4주,2025-08-30,강원,철원군 철원읍 대마리,기타,LED1,Ochlerotatus koreicus,1,7,0,0,0,0,,N,,2025-09-05,최연희(chldusgmlek),2025년,08월,4주
967,말라리아매개모기조사감시,강원도보건환경연구원,2025,8,4주,2025-08-30,강원,철원군 철원읍 대마리,기타,LED1,Anopheles spp.,53,7,7,53,6,0,,N,,2025-09-05,최연희(chldusgmlek),2025년,08월,4주
968,말라리아매개모기조사감시,강원도보건환경연구원,2025,8,4주,2025-08-30,강원,춘천시 신북읍 지내리,기타,LED1,Culex bitaeniorhynchus,5,7,0,0,0,0,,N,,2025-09-05,최연희(chldusgmlek),2025년,08월,4주
969,말라리아매개모기조사감시,강원도보건환경연구원,2025,8,4주,2025-08-30,강원,춘천시 신북읍 지내리,기타,LED1,Armigeres subalbatus,2,7,0,0,0,0,,N,,2025-09-05,최연희(chldusgmlek),2025년,08월,4주
970,말라리아매개모기조사감시,강원도보건환경연구원,2025,8,4주,2025-08-30,강원,춘천시 신북읍 지내리,기타,LED1,Aedes vexans,2,7,0,0,0,0,,N,,2025-09-05,최연희(chldusgmlek),2025년,08월,4주
971,말라리아매개모기조사감시,강원도보건환경연구원,2025,8,4주,2025-08-30,강원,춘천시 신북읍 지내리,기타,LED1,Ochlerotatus koreicus,3,7,0,0,0,0,,N,,2025-09-05,최연희(chldusgmlek),2025년,08월,4주
972,말라리아매개모기조사감시,강원도보건환경연구원,2025,8,4주,2025-08-30,강원,춘천시 신북읍 지내리,기타,LED1,Anopheles spp.,9,7,1,9,1,0,,N,,2025-09-05,최연희(chldusgmlek),2025년,08월,4주
973,말라리아매개모기조사감시,강원도보건환경연구원,2025,8,4주,2025-08-30,강원,춘천시 중앙동,기타,LED1,Culex tritaeniorhynchus,3,7,0,0,0,0,,N,,2025-09-05,최연희(chldusgmlek),2025년,08월,4주
974,말라리아매개모기조사감시,강원도보건환경연구원,2025,8,4주,2025-08-30,강원,춘천시 중앙동,기타,LED1,Culex pipiens,73,7,10,0,0,0,,N,,2025-09-05,최연희(chldusgmlek),2025년,08월,4주
975,말라리아매개모기조사감시,강원도보건환경연구원,2025,8,4주,2025-08-30,강원,춘천시 중앙동,기타,LED1,Culex orientalis,2,7,0,0,0,0,,N,,2025-09-05,최연희(chldusgmlek),2025년,08월,4주
976,말라리아매개모기조사감시,강원도보건환경연구원,2025,8,4주,2025-08-30,강원,춘천시 중앙동,기타,LED1,Culex bitaeniorhynchus,1,7,0,0,0,0,,N,,2025-09-05,최연희(chldusgmlek),2025년,08월,4주
977,말라리아매개모기조사감시,강원도보건환경연구원,2025,8,4주,2025-08-30,강원,춘천시 중앙동,기타,LED1,Armigeres subalbatus,11,7,1,0,0,0,,N,,2025-09-05,최연희(chldusgmlek),2025년,08월,4주
978,말라리아매개모기조사감시,강원도보건환경연구원,2025,8,4주,2025-08-30,강원,춘천시 중앙동,기타,LED1,Aedes vexans,4,7,0,0,0,0,,N,,2025-09-05,최연희(chldusgmlek),2025년,08월,4주
979,말라리아매개모기조사감시,강원도보건환경연구원,2025,8,4주,2025-08-30,강원,춘천시 중앙동,기타,LED1,Ochlerotatus koreicus,4,7,0,0,0,0,,N,,2025-09-05,최연희(chldusgmlek),2025년,08월,4주
980,말라리아매개모기조사감시,강원도보건환경연구원,2025,8,4주,2025-08-30,강원,춘천시 중앙동,기타,LED1,Aedes albopictus,27,7,3,0,0,0,,N,,2025-09-05,최연희(chldusgmlek),2025년,08월,4주
981,말라리아매개모기조사감시,강원도보건환경연구원,2025,8,4주,2025-08-30,강원,춘천시 중앙동,기타,LED1,Anopheles spp.,16,7,2,16,2,0,,N,,2025-09-05,최연희(chldusgmlek),2025년,08월,4주
982,말라리아매개모기조사감시,강원도보건환경연구원,2025,8,3주,2025-08-23,강원,고성군 현내면 명파리,기타,LED1,Culex pipiens,2,7,0,0,0,0,,N,,2025-08-28,최연희(chldusgmlek),2025년,08월,3주
983,말라리아매개모기조사감시,강원도보건환경연구원,2025,8,3주,2025-08-23,강원,고성군 현내면 명파리,기타,LED1,Culex orientalis,1,7,0,0,0,0,,N,,2025-08-28,최연희(chldusgmlek),2025년,08월,3주
984,말라리아매개모기조사감시,강원도보건환경연구원,2025,8,3주,2025-08-23,강원,고성군 현내면 명파리,기타,LED1,Culex bitaeniorhynchus,1,7,0,0,0,0,,N,,2025-08-28,최연희(chldusgmlek),2025년,08월,3주
985,말라리아매개모기조사감시,강원도보건환경연구원,2025,8,3주,2025-08-23,강원,고성군 현내면 명파리,기타,LED1,Aedes vexans,32,7,4,0,0,0,,N,,2025-08-28,최연희(chldusgmlek),2025년,08월,3주
986,말라리아매개모기조사감시,강원도보건환경연구원,2025,8,3주,2025-08-23,강원,고성군 현내면 명파리,기타,LED1,Ochlerotatus koreicus,6,7,0,0,0,0,,N,,2025-08-28,최연희(chldusgmlek),2025년,08월,3주
987,말라리아매개모기조사감시,강원도보건환경연구원,2025,8,3주,2025-08-23,강원,고성군 현내면 명파리,기타,LED1,Anopheles spp.,10,7,1,10,1,0,,N,,2025-08-28,최연희(chldusgmlek),2025년,08월,3주
988,말라리아매개모기조사감시,강원도보건환경연구원,2025,8,3주,2025-08-23,강원,인제군 인제읍 덕산리,기타,LED1,Culex tritaeniorhynchus,1,7,0,0,0,0,,N,,2025-08-28,최연희(chldusgmlek),2025년,08월,3주
989,말라리아매개모기조사감시,강원도보건환경연구원,2025,8,3주,2025-08-23,강원,인제군 인제읍 덕산리,기타,LED1,Culex pipiens,3,7,0,0,0,0,,N,,2025-08-28,최연희(chldusgmlek),2025년,08월,3주
990,말라리아매개모기조사감시,강원도보건환경연구원,2025,8,3주,2025-08-23,강원,인제군 인제읍 덕산리,기타,LED1,Culex orientalis,1,7,0,0,0,0,,N,,2025-08-28,최연희(chldusgmlek),2025년,08월,3주
991,말라리아매개모기조사감시,강원도보건환경연구원,2025,8,3주,2025-08-23,강원,인제군 인제읍 덕산리,기타,LED1,Culex bitaeniorhynchus,5,7,0,0,0,0,,N,,2025-08-28,최연희(chldusgmlek),2025년,08월,3주
992,말라리아매개모기조사감시,강원도보건환경연구원,2025,8,3주,2025-08-23,강원,인제군 인제읍 덕산리,기타,LED1,Armigeres subalbatus,14,7,2,0,0,0,,N,,2025-08-28,최연희(chldusgmlek),2025년,08월,3주
993,말라리아매개모기조사감시,강원도보건환경연구원,2025,8,3주,2025-08-23,강원,인제군 인제읍 덕산리,기타,LED1,Aedes vexans,2,7,0,0,0,0,,N,,2025-08-28,최연희(chldusgmlek),2025년,08월,3주
994,말라리아매개모기조사감시,강원도보건환경연구원,2025,8,3주,2025-08-23,강원,인제군 인제읍 덕산리,기타,LED1,Ochlerotatus koreicus,13,7,1,0,0,0,,N,,2025-08-28,최연희(chldusgmlek),2025년,08월,3주
995,말라리아매개모기조사감시,강원도보건환경연구원,2025,8,3주,2025-08-23,강원,인제군 인제읍 덕산리,기타,LED1,Aedes albopictus,1,7,0,0,0,0,,N,,2025-08-28,최연희(chldusgmlek),2025년,08월,3주
996,말라리아매개모기조사감시,강원도보건환경연구원,2025,8,3주,2025-08-23,강원,인제군 인제읍 덕산리,기타,LED1,Anopheles spp.,18,7,2,18,2,0,,N,,2025-08-28,최연희(chldusgmlek),2025년,08월,3주
997,말라리아매개모기조사감시,강원도보건환경연구원,2025,8,3주,2025-08-23,강원,양구군 남면 구암리,기타,LED1,Culex pipiens,2,7,0,0,0,0,,N,,2025-08-28,최연희(chldusgmlek),2025년,08월,3주
998,말라리아매개모기조사감시,강원도보건환경연구원,2025,8,3주,2025-08-23,강원,양구군 남면 구암리,기타,LED1,Culex orientalis,13,7,1,0,0,0,,N,,2025-08-28,최연희(chldusgmlek),2025년,08월,3주
999,말라리아매개모기조사감시,강원도보건환경연구원,2025,8,3주,2025-08-23,강원,양구군 남면 구암리,기타,LED1,Culex bitaeniorhynchus,2,7,0,0,0,0,,N,,2025-08-28,최연희(chldusgmlek),2025년,08월,3주
1000,말라리아매개모기조사감시,강원도보건환경연구원,2025,8,3주,2025-08-23,강원,양구군 남면 구암리,기타,LED1,Armigeres subalbatus,5,7,0,0,0,0,,N,,2025-08-28,최연희(chldusgmlek),2025년,08월,3주
1001,말라리아매개모기조사감시,강원도보건환경연구원,2025,8,3주,2025-08-23,강원,양구군 남면 구암리,기타,LED1,Aedes vexans,18,7,2,0,0,0,,N,,2025-08-28,최연희(chldusgmlek),2025년,08월,3주
1002,말라리아매개모기조사감시,강원도보건환경연구원,2025,8,3주,2025-08-23,강원,양구군 남면 구암리,기타,LED1,Ochlerotatus koreicus,2,7,0,0,0,0,,N,,2025-08-28,최연희(chldusgmlek),2025년,08월,3주
1003,말라리아매개모기조사감시,강원도보건환경연구원,2025,8,3주,2025-08-23,강원,양구군 남면 구암리,기타,LED1,Anopheles spp.,109,7,15,109,11,0,,N,,2025-08-28,최연희(chldusgmlek),2025년,08월,3주
1004,말라리아매개모기조사감시,강원도보건환경연구원,2025,8,3주,2025-08-23,강원,화천군 화천읍 신읍리,기타,LED1,Armigeres subalbatus,4,7,0,0,0,0,,N,,2025-08-28,최연희(chldusgmlek),2025년,08월,3주
1005,말라리아매개모기조사감시,강원도보건환경연구원,2025,8,3주,2025-08-23,강원,화천군 화천읍 신읍리,기타,LED1,Aedes vexans,6,7,0,0,0,0,,N,,2025-08-28,최연희(chldusgmlek),2025년,08월,3주
1006,말라리아매개모기조사감시,강원도보건환경연구원,2025,8,3주,2025-08-23,강원,화천군 화천읍 신읍리,기타,LED1,Ochlerotatus koreicus,7,7,1,0,0,0,,N,,2025-08-28,최연희(chldusgmlek),2025년,08월,3주
1007,말라리아매개모기조사감시,강원도보건환경연구원,2025,8,3주,2025-08-23,강원,화천군 화천읍 신읍리,기타,LED1,Anopheles spp.,8,7,1,8,1,0,,N,,2025-08-28,최연희(chldusgmlek),2025년,08월,3주
1008,말라리아매개모기조사감시,강원도보건환경연구원,2025,8,3주,2025-08-23,강원,철원군 김화읍 학사리,기타,LED1,Culex pipiens,1,7,0,0,0,0,,N,,2025-08-28,최연희(chldusgmlek),2025년,08월,3주
1009,말라리아매개모기조사감시,강원도보건환경연구원,2025,8,3주,2025-08-23,강원,철원군 김화읍 학사리,기타,LED1,Culex orientalis,4,7,0,0,0,0,,N,,2025-08-28,최연희(chldusgmlek),2025년,08월,3주
1010,말라리아매개모기조사감시,강원도보건환경연구원,2025,8,3주,2025-08-23,강원,철원군 김화읍 학사리,기타,LED1,Armigeres subalbatus,7,7,1,0,0,0,,N,,2025-08-28,최연희(chldusgmlek),2025년,08월,3주
1011,말라리아매개모기조사감시,강원도보건환경연구원,2025,8,3주,2025-08-23,강원,철원군 김화읍 학사리,기타,LED1,Aedes vexans,3,7,0,0,0,0,,N,,2025-08-28,최연희(chldusgmlek),2025년,08월,3주
1012,말라리아매개모기조사감시,강원도보건환경연구원,2025,8,3주,2025-08-23,강원,철원군 김화읍 학사리,기타,LED1,Ochlerotatus koreicus,50,7,7,0,0,0,,N,,2025-08-28,최연희(chldusgmlek),2025년,08월,3주
1013,말라리아매개모기조사감시,강원도보건환경연구원,2025,8,3주,2025-08-23,강원,철원군 김화읍 학사리,기타,LED1,Aedes albopictus,34,7,4,0,0,0,,N,,2025-08-28,최연희(chldusgmlek),2025년,08월,3주
1014,말라리아매개모기조사감시,강원도보건환경연구원,2025,8,3주,2025-08-23,강원,철원군 김화읍 학사리,기타,LED1,Anopheles spp.,1,7,0,1,1,0,,N,,2025-08-28,최연희(chldusgmlek),2025년,08월,3주
1015,말라리아매개모기조사감시,강원도보건환경연구원,2025,8,3주,2025-08-23,강원,철원군 철원읍 대마리,기타,LED1,Culex tritaeniorhynchus,18,7,2,0,0,0,,N,,2025-08-28,최연희(chldusgmlek),2025년,08월,3주
1016,말라리아매개모기조사감시,강원도보건환경연구원,2025,8,3주,2025-08-23,강원,철원군 철원읍 대마리,기타,LED1,Culex pipiens,32,7,4,0,0,0,,N,,2025-08-28,최연희(chldusgmlek),2025년,08월,3주
1017,말라리아매개모기조사감시,강원도보건환경연구원,2025,8,3주,2025-08-23,강원,철원군 철원읍 대마리,기타,LED1,Culex orientalis,53,7,7,0,0,0,,N,,2025-08-28,최연희(chldusgmlek),2025년,08월,3주
1018,말라리아매개모기조사감시,강원도보건환경연구원,2025,8,3주,2025-08-23,강원,철원군 철원읍 대마리,기타,LED1,Culex bitaeniorhynchus,5,7,0,0,0,0,,N,,2025-08-28,최연희(chldusgmlek),2025년,08월,3주
1019,말라리아매개모기조사감시,강원도보건환경연구원,2025,8,3주,2025-08-23,강원,철원군 철원읍 대마리,기타,LED1,Armigeres subalbatus,19,7,2,0,0,0,,N,,2025-08-28,최연희(chldusgmlek),2025년,08월,3주
1020,말라리아매개모기조사감시,강원도보건환경연구원,2025,8,3주,2025-08-23,강원,철원군 철원읍 대마리,기타,LED1,Aedes vexans,60,7,8,0,0,0,,N,,2025-08-28,최연희(chldusgmlek),2025년,08월,3주
1021,말라리아매개모기조사감시,강원도보건환경연구원,2025,8,3주,2025-08-23,강원,철원군 철원읍 대마리,기타,LED1,Ochlerotatus koreicus,6,7,0,0,0,0,,N,,2025-08-28,최연희(chldusgmlek),2025년,08월,3주
1022,말라리아매개모기조사감시,강원도보건환경연구원,2025,8,3주,2025-08-23,강원,철원군 철원읍 대마리,기타,LED1,Aedes albopictus,4,7,0,0,0,0,,N,,2025-08-28,최연희(chldusgmlek),2025년,08월,3주
1023,말라리아매개모기조사감시,강원도보건환경연구원,2025,8,3주,2025-08-23,강원,철원군 철원읍 대마리,기타,LED1,Anopheles spp.,74,7,10,74,8,0,,N,,2025-08-28,최연희(chldusgmlek),2025년,08월,3주
1024,말라리아매개모기조사감시,강원도보건환경연구원,2025,8,3주,2025-08-23,강원,춘천시 신북읍 지내리,기타,LED1,Culex tritaeniorhynchus,2,7,0,0,0,0,,N,,2025-08-28,최연희(chldusgmlek),2025년,08월,3주
1025,말라리아매개모기조사감시,강원도보건환경연구원,2025,8,3주,2025-08-23,강원,춘천시 신북읍 지내리,기타,LED1,Culex pipiens,1,7,0,0,0,0,,N,,2025-08-28,최연희(chldusgmlek),2025년,08월,3주
1026,말라리아매개모기조사감시,강원도보건환경연구원,2025,8,3주,2025-08-23,강원,춘천시 신북읍 지내리,기타,LED1,Culex orientalis,1,7,0,0,0,0,,N,,2025-08-28,최연희(chldusgmlek),2025년,08월,3주
1027,말라리아매개모기조사감시,강원도보건환경연구원,2025,8,3주,2025-08-23,강원,춘천시 신북읍 지내리,기타,LED1,Culex bitaeniorhynchus,9,7,1,0,0,0,,N,,2025-08-28,최연희(chldusgmlek),2025년,08월,3주
1028,말라리아매개모기조사감시,강원도보건환경연구원,2025,8,3주,2025-08-23,강원,춘천시 신북읍 지내리,기타,LED1,Aedes vexans,7,7,1,0,0,0,,N,,2025-08-28,최연희(chldusgmlek),2025년,08월,3주
1029,말라리아매개모기조사감시,강원도보건환경연구원,2025,8,3주,2025-08-23,강원,춘천시 신북읍 지내리,기타,LED1,Ochlerotatus koreicus,4,7,0,0,0,0,,N,,2025-08-28,최연희(chldusgmlek),2025년,08월,3주
1030,말라리아매개모기조사감시,강원도보건환경연구원,2025,8,3주,2025-08-23,강원,춘천시 신북읍 지내리,기타,LED1,Anopheles spp.,17,7,2,17,2,0,,N,,2025-08-28,최연희(chldusgmlek),2025년,08월,3주
1031,말라리아매개모기조사감시,강원도보건환경연구원,2025,8,3주,2025-08-23,강원,춘천시 중앙동,기타,LED1,Culex tritaeniorhynchus,1,7,0,0,0,0,,N,,2025-08-28,최연희(chldusgmlek),2025년,08월,3주
1032,말라리아매개모기조사감시,강원도보건환경연구원,2025,8,3주,2025-08-23,강원,춘천시 중앙동,기타,LED1,Culex pipiens,49,7,7,0,0,0,,N,,2025-08-28,최연희(chldusgmlek),2025년,08월,3주
1033,말라리아매개모기조사감시,강원도보건환경연구원,2025,8,3주,2025-08-23,강원,춘천시 중앙동,기타,LED1,Culex orientalis,1,7,0,0,0,0,,N,,2025-08-28,최연희(chldusgmlek),2025년,08월,3주
1034,말라리아매개모기조사감시,강원도보건환경연구원,2025,8,3주,2025-08-23,강원,춘천시 중앙동,기타,LED1,Armigeres subalbatus,6,7,0,0,0,0,,N,,2025-08-28,최연희(chldusgmlek),2025년,08월,3주
1035,말라리아매개모기조사감시,강원도보건환경연구원,2025,8,3주,2025-08-23,강원,춘천시 중앙동,기타,LED1,Aedes vexans,11,7,1,0,0,0,,N,,2025-08-28,최연희(chldusgmlek),2025년,08월,3주
1036,말라리아매개모기조사감시,강원도보건환경연구원,2025,8,3주,2025-08-23,강원,춘천시 중앙동,기타,LED1,Ochlerotatus koreicus,9,7,1,0,0,0,,N,,2025-08-28,최연희(chldusgmlek),2025년,08월,3주
1037,말라리아매개모기조사감시,강원도보건환경연구원,2025,8,3주,2025-08-23,강원,춘천시 중앙동,기타,LED1,Aedes albopictus,23,7,3,0,0,0,,N,,2025-08-28,최연희(chldusgmlek),2025년,08월,3주
1038,말라리아매개모기조사감시,강원도보건환경연구원,2025,8,3주,2025-08-23,강원,춘천시 중앙동,기타,LED1,Anopheles spp.,13,7,1,13,2,0,,N,,2025-08-28,최연희(chldusgmlek),2025년,08월,3주
1039,말라리아매개모기조사감시,강원도보건환경연구원,2025,8,2주,2025-08-16,강원,고성군 현내면 명파리,기타,LED1,Culex pipiens,1,7,0,0,0,0,,N,,2025-08-22,최연희(chldusgmlek),2025년,08월,2주
1040,말라리아매개모기조사감시,강원도보건환경연구원,2025,8,2주,2025-08-16,강원,고성군 현내면 명파리,기타,LED1,Armigeres subalbatus,1,7,0,0,0,0,,N,,2025-08-22,최연희(chldusgmlek),2025년,08월,2주
1041,말라리아매개모기조사감시,강원도보건환경연구원,2025,8,2주,2025-08-16,강원,고성군 현내면 명파리,기타,LED1,Aedes vexans,38,7,5,0,0,0,,N,,2025-08-22,최연희(chldusgmlek),2025년,08월,2주
1042,말라리아매개모기조사감시,강원도보건환경연구원,2025,8,2주,2025-08-16,강원,고성군 현내면 명파리,기타,LED1,Ochlerotatus koreicus,12,7,1,0,0,0,,N,,2025-08-22,최연희(chldusgmlek),2025년,08월,2주
1043,말라리아매개모기조사감시,강원도보건환경연구원,2025,8,2주,2025-08-16,강원,고성군 현내면 명파리,기타,LED1,Anopheles spp.,5,7,0,5,1,0,,N,,2025-08-22,최연희(chldusgmlek),2025년,08월,2주
1044,말라리아매개모기조사감시,강원도보건환경연구원,2025,8,2주,2025-08-16,강원,인제군 인제읍 덕산리,기타,LED1,Culex pipiens,1,7,0,0,0,0,,N,,2025-08-22,최연희(chldusgmlek),2025년,08월,2주
1045,말라리아매개모기조사감시,강원도보건환경연구원,2025,8,2주,2025-08-16,강원,인제군 인제읍 덕산리,기타,LED1,Culex bitaeniorhynchus,11,7,1,0,0,0,,N,,2025-08-22,최연희(chldusgmlek),2025년,08월,2주
1046,말라리아매개모기조사감시,강원도보건환경연구원,2025,8,2주,2025-08-16,강원,인제군 인제읍 덕산리,기타,LED1,Armigeres subalbatus,5,7,0,0,0,0,,N,,2025-08-22,최연희(chldusgmlek),2025년,08월,2주
1047,말라리아매개모기조사감시,강원도보건환경연구원,2025,8,2주,2025-08-16,강원,인제군 인제읍 덕산리,기타,LED1,Ochlerotatus koreicus,3,7,0,0,0,0,,N,,2025-08-22,최연희(chldusgmlek),2025년,08월,2주
1048,말라리아매개모기조사감시,강원도보건환경연구원,2025,8,2주,2025-08-16,강원,인제군 인제읍 덕산리,기타,LED1,Anopheles spp.,14,7,2,14,2,0,,N,,2025-08-22,최연희(chldusgmlek),2025년,08월,2주
1049,말라리아매개모기조사감시,강원도보건환경연구원,2025,8,2주,2025-08-16,강원,양구군 남면 구암리,기타,LED1,Culex tritaeniorhynchus,2,7,0,0,0,0,,N,,2025-08-22,최연희(chldusgmlek),2025년,08월,2주
1050,말라리아매개모기조사감시,강원도보건환경연구원,2025,8,2주,2025-08-16,강원,양구군 남면 구암리,기타,LED1,Culex pipiens,10,7,1,0,0,0,,N,,2025-08-22,최연희(chldusgmlek),2025년,08월,2주
1051,말라리아매개모기조사감시,강원도보건환경연구원,2025,8,2주,2025-08-16,강원,양구군 남면 구암리,기타,LED1,Culex orientalis,18,7,2,0,0,0,,N,,2025-08-22,최연희(chldusgmlek),2025년,08월,2주
1052,말라리아매개모기조사감시,강원도보건환경연구원,2025,8,2주,2025-08-16,강원,양구군 남면 구암리,기타,LED1,Culex bitaeniorhynchus,3,7,0,0,0,0,,N,,2025-08-22,최연희(chldusgmlek),2025년,08월,2주
1053,말라리아매개모기조사감시,강원도보건환경연구원,2025,8,2주,2025-08-16,강원,양구군 남면 구암리,기타,LED1,Armigeres subalbatus,2,7,0,0,0,0,,N,,2025-08-22,최연희(chldusgmlek),2025년,08월,2주
1054,말라리아매개모기조사감시,강원도보건환경연구원,2025,8,2주,2025-08-16,강원,양구군 남면 구암리,기타,LED1,Aedes vexans,35,7,5,0,0,0,,N,,2025-08-22,최연희(chldusgmlek),2025년,08월,2주
1055,말라리아매개모기조사감시,강원도보건환경연구원,2025,8,2주,2025-08-16,강원,양구군 남면 구암리,기타,LED1,Ochlerotatus koreicus,6,7,0,0,0,0,,N,,2025-08-22,최연희(chldusgmlek),2025년,08월,2주
1056,말라리아매개모기조사감시,강원도보건환경연구원,2025,8,2주,2025-08-16,강원,양구군 남면 구암리,기타,LED1,Anopheles spp.,199,7,28,199,20,0,,N,,2025-08-22,최연희(chldusgmlek),2025년,08월,2주
1057,말라리아매개모기조사감시,강원도보건환경연구원,2025,8,2주,2025-08-16,강원,화천군 화천읍 신읍리,기타,LED1,Culex pipiens,7,7,1,0,0,0,,N,,2025-08-22,최연희(chldusgmlek),2025년,08월,2주
1058,말라리아매개모기조사감시,강원도보건환경연구원,2025,8,2주,2025-08-16,강원,화천군 화천읍 신읍리,기타,LED1,Culex orientalis,4,7,0,0,0,0,,N,,2025-08-22,최연희(chldusgmlek),2025년,08월,2주
1059,말라리아매개모기조사감시,강원도보건환경연구원,2025,8,2주,2025-08-16,강원,화천군 화천읍 신읍리,기타,LED1,Culex bitaeniorhynchus,2,7,0,0,0,0,,N,,2025-08-22,최연희(chldusgmlek),2025년,08월,2주
1060,말라리아매개모기조사감시,강원도보건환경연구원,2025,8,2주,2025-08-16,강원,화천군 화천읍 신읍리,기타,LED1,Armigeres subalbatus,7,7,1,0,0,0,,N,,2025-08-22,최연희(chldusgmlek),2025년,08월,2주
1061,말라리아매개모기조사감시,강원도보건환경연구원,2025,8,2주,2025-08-16,강원,화천군 화천읍 신읍리,기타,LED1,Aedes vexans,19,7,2,0,0,0,,N,,2025-08-22,최연희(chldusgmlek),2025년,08월,2주
1062,말라리아매개모기조사감시,강원도보건환경연구원,2025,8,2주,2025-08-16,강원,화천군 화천읍 신읍리,기타,LED1,Ochlerotatus koreicus,19,7,2,0,0,0,,N,,2025-08-22,최연희(chldusgmlek),2025년,08월,2주
1063,말라리아매개모기조사감시,강원도보건환경연구원,2025,8,2주,2025-08-16,강원,화천군 화천읍 신읍리,기타,LED1,Anopheles spp.,36,7,5,36,4,0,,N,,2025-08-22,최연희(chldusgmlek),2025년,08월,2주
1064,말라리아매개모기조사감시,강원도보건환경연구원,2025,8,2주,2025-08-16,강원,철원군 김화읍 학사리,기타,LED1,Armigeres subalbatus,3,7,0,0,0,0,,N,,2025-08-22,최연희(chldusgmlek),2025년,08월,2주
1065,말라리아매개모기조사감시,강원도보건환경연구원,2025,8,2주,2025-08-16,강원,철원군 김화읍 학사리,기타,LED1,Ochlerotatus koreicus,8,7,1,0,0,0,,N,,2025-08-22,최연희(chldusgmlek),2025년,08월,2주
1066,말라리아매개모기조사감시,강원도보건환경연구원,2025,8,2주,2025-08-16,강원,철원군 김화읍 학사리,기타,LED1,Aedes albopictus,3,7,0,0,0,0,,N,,2025-08-22,최연희(chldusgmlek),2025년,08월,2주
1067,말라리아매개모기조사감시,강원도보건환경연구원,2025,8,2주,2025-08-16,강원,철원군 철원읍 대마리,기타,LED1,Culex tritaeniorhynchus,3,7,0,0,0,0,,N,,2025-08-22,최연희(chldusgmlek),2025년,08월,2주
1068,말라리아매개모기조사감시,강원도보건환경연구원,2025,8,2주,2025-08-16,강원,철원군 철원읍 대마리,기타,LED1,Culex pipiens,7,7,1,0,0,0,,N,,2025-08-22,최연희(chldusgmlek),2025년,08월,2주
1069,말라리아매개모기조사감시,강원도보건환경연구원,2025,8,2주,2025-08-16,강원,철원군 철원읍 대마리,기타,LED1,Culex orientalis,30,7,4,0,0,0,,N,,2025-08-22,최연희(chldusgmlek),2025년,08월,2주
1070,말라리아매개모기조사감시,강원도보건환경연구원,2025,8,2주,2025-08-16,강원,철원군 철원읍 대마리,기타,LED1,Culex bitaeniorhynchus,5,7,0,0,0,0,,N,,2025-08-22,최연희(chldusgmlek),2025년,08월,2주
1071,말라리아매개모기조사감시,강원도보건환경연구원,2025,8,2주,2025-08-16,강원,철원군 철원읍 대마리,기타,LED1,Armigeres subalbatus,7,7,1,0,0,0,,N,,2025-08-22,최연희(chldusgmlek),2025년,08월,2주
1072,말라리아매개모기조사감시,강원도보건환경연구원,2025,8,2주,2025-08-16,강원,철원군 철원읍 대마리,기타,LED1,Aedes vexans,54,7,7,0,0,0,,N,,2025-08-22,최연희(chldusgmlek),2025년,08월,2주
1073,말라리아매개모기조사감시,강원도보건환경연구원,2025,8,2주,2025-08-16,강원,철원군 철원읍 대마리,기타,LED1,Ochlerotatus koreicus,1,7,0,0,0,0,,N,,2025-08-22,최연희(chldusgmlek),2025년,08월,2주
1074,말라리아매개모기조사감시,강원도보건환경연구원,2025,8,2주,2025-08-16,강원,철원군 철원읍 대마리,기타,LED1,Anopheles spp.,67,7,9,67,7,0,,N,,2025-08-22,최연희(chldusgmlek),2025년,08월,2주
1075,말라리아매개모기조사감시,강원도보건환경연구원,2025,8,2주,2025-08-16,강원,춘천시 신북읍 지내리,기타,LED1,Culex pipiens,1,7,0,0,0,0,,N,,2025-08-22,최연희(chldusgmlek),2025년,08월,2주
1076,말라리아매개모기조사감시,강원도보건환경연구원,2025,8,2주,2025-08-16,강원,춘천시 신북읍 지내리,기타,LED1,Culex orientalis,2,7,0,0,0,0,,N,,2025-08-22,최연희(chldusgmlek),2025년,08월,2주
1077,말라리아매개모기조사감시,강원도보건환경연구원,2025,8,2주,2025-08-16,강원,춘천시 신북읍 지내리,기타,LED1,Culex bitaeniorhynchus,19,7,2,0,0,0,,N,,2025-08-22,최연희(chldusgmlek),2025년,08월,2주
1078,말라리아매개모기조사감시,강원도보건환경연구원,2025,8,2주,2025-08-16,강원,춘천시 신북읍 지내리,기타,LED1,Armigeres subalbatus,2,7,0,0,0,0,,N,,2025-08-22,최연희(chldusgmlek),2025년,08월,2주
1079,말라리아매개모기조사감시,강원도보건환경연구원,2025,8,2주,2025-08-16,강원,춘천시 신북읍 지내리,기타,LED1,Aedes vexans,3,7,0,0,0,0,,N,,2025-08-22,최연희(chldusgmlek),2025년,08월,2주
1080,말라리아매개모기조사감시,강원도보건환경연구원,2025,8,2주,2025-08-16,강원,춘천시 신북읍 지내리,기타,LED1,Ochlerotatus koreicus,6,7,0,0,0,0,,N,,2025-08-22,최연희(chldusgmlek),2025년,08월,2주
1081,말라리아매개모기조사감시,강원도보건환경연구원,2025,8,2주,2025-08-16,강원,춘천시 신북읍 지내리,기타,LED1,Aedes albopictus,2,7,0,0,0,0,,N,,2025-08-22,최연희(chldusgmlek),2025년,08월,2주
1082,말라리아매개모기조사감시,강원도보건환경연구원,2025,8,2주,2025-08-16,강원,춘천시 신북읍 지내리,기타,LED1,Anopheles spp.,4,7,0,4,1,0,,N,,2025-08-22,최연희(chldusgmlek),2025년,08월,2주
1083,말라리아매개모기조사감시,강원도보건환경연구원,2025,8,2주,2025-08-16,강원,춘천시 중앙동,기타,LED1,Culex tritaeniorhynchus,1,7,0,0,0,0,,N,,2025-08-22,최연희(chldusgmlek),2025년,08월,2주
1084,말라리아매개모기조사감시,강원도보건환경연구원,2025,8,2주,2025-08-16,강원,춘천시 중앙동,기타,LED1,Culex pipiens,105,7,15,0,0,0,,N,,2025-08-22,최연희(chldusgmlek),2025년,08월,2주
1085,말라리아매개모기조사감시,강원도보건환경연구원,2025,8,2주,2025-08-16,강원,춘천시 중앙동,기타,LED1,Culex orientalis,4,7,0,0,0,0,,N,,2025-08-22,최연희(chldusgmlek),2025년,08월,2주
1086,말라리아매개모기조사감시,강원도보건환경연구원,2025,8,2주,2025-08-16,강원,춘천시 중앙동,기타,LED1,Armigeres subalbatus,7,7,1,0,0,0,,N,,2025-08-22,최연희(chldusgmlek),2025년,08월,2주
1087,말라리아매개모기조사감시,강원도보건환경연구원,2025,8,2주,2025-08-16,강원,춘천시 중앙동,기타,LED1,Aedes vexans,9,7,1,0,0,0,,N,,2025-08-22,최연희(chldusgmlek),2025년,08월,2주
1088,말라리아매개모기조사감시,강원도보건환경연구원,2025,8,2주,2025-08-16,강원,춘천시 중앙동,기타,LED1,Ochlerotatus koreicus,5,7,0,0,0,0,,N,,2025-08-22,최연희(chldusgmlek),2025년,08월,2주
1089,말라리아매개모기조사감시,강원도보건환경연구원,2025,8,2주,2025-08-16,강원,춘천시 중앙동,기타,LED1,Aedes albopictus,16,7,2,0,0,0,,N,,2025-08-22,최연희(chldusgmlek),2025년,08월,2주
1090,말라리아매개모기조사감시,강원도보건환경연구원,2025,8,2주,2025-08-16,강원,춘천시 중앙동,기타,LED1,Anopheles spp.,11,7,1,11,2,0,,N,,2025-08-22,최연희(chldusgmlek),2025년,08월,2주
1091,말라리아매개모기조사감시,강원도보건환경연구원,2025,8,4주,2025-08-02,강원,양구군 남면 구암리,기타,LED1,Anopheles spp.,165,7,23,165,17,1,,Y,2025-08-18,2025-08-18,최연희(chldusgmlek),2025년,07월,4주
1092,말라리아매개모기조사감시,강원도보건환경연구원,2025,8,1주,2025-08-09,강원,고성군 현내면 명파리,기타,LED1,Culex pipiens,1,7,0,0,0,0,,Y,2025-08-18,2025-08-14,최연희(chldusgmlek),2025년,08월,1주
1093,말라리아매개모기조사감시,강원도보건환경연구원,2025,8,1주,2025-08-09,강원,고성군 현내면 명파리,기타,LED1,Aedes vexans,25,7,3,0,0,0,,Y,2025-08-18,2025-08-14,최연희(chldusgmlek),2025년,08월,1주
1094,말라리아매개모기조사감시,강원도보건환경연구원,2025,8,1주,2025-08-09,강원,고성군 현내면 명파리,기타,LED1,Ochlerotatus koreicus,1,7,0,0,0,0,,Y,2025-08-18,2025-08-14,최연희(chldusgmlek),2025년,08월,1주
1095,말라리아매개모기조사감시,강원도보건환경연구원,2025,8,1주,2025-08-09,강원,고성군 현내면 명파리,기타,LED1,Anopheles spp.,5,7,0,5,1,0,,Y,2025-08-18,2025-08-14,최연희(chldusgmlek),2025년,08월,1주
1096,말라리아매개모기조사감시,강원도보건환경연구원,2025,8,1주,2025-08-09,강원,인제군 인제읍 덕산리,기타,LED1,Culex pipiens,3,7,0,0,0,0,,Y,2025-08-18,2025-08-14,최연희(chldusgmlek),2025년,08월,1주
1097,말라리아매개모기조사감시,강원도보건환경연구원,2025,8,1주,2025-08-09,강원,인제군 인제읍 덕산리,기타,LED1,Culex bitaeniorhynchus,14,7,2,0,0,0,,Y,2025-08-18,2025-08-14,최연희(chldusgmlek),2025년,08월,1주
1098,말라리아매개모기조사감시,강원도보건환경연구원,2025,8,1주,2025-08-09,강원,인제군 인제읍 덕산리,기타,LED1,Armigeres subalbatus,2,7,0,0,0,0,,Y,2025-08-18,2025-08-14,최연희(chldusgmlek),2025년,08월,1주
1099,말라리아매개모기조사감시,강원도보건환경연구원,2025,8,1주,2025-08-09,강원,인제군 인제읍 덕산리,기타,LED1,Aedes vexans,18,7,2,0,0,0,,Y,2025-08-18,2025-08-14,최연희(chldusgmlek),2025년,08월,1주
1100,말라리아매개모기조사감시,강원도보건환경연구원,2025,8,1주,2025-08-09,강원,인제군 인제읍 덕산리,기타,LED1,Ochlerotatus koreicus,7,7,1,0,0,0,,Y,2025-08-18,2025-08-14,최연희(chldusgmlek),2025년,08월,1주
1101,말라리아매개모기조사감시,강원도보건환경연구원,2025,8,1주,2025-08-09,강원,인제군 인제읍 덕산리,기타,LED1,Anopheles spp.,12,7,1,12,2,0,,Y,2025-08-18,2025-08-14,최연희(chldusgmlek),2025년,08월,1주
1102,말라리아매개모기조사감시,강원도보건환경연구원,2025,8,1주,2025-08-09,강원,양구군 남면 구암리,기타,LED1,Culex pipiens,5,7,0,0,0,0,,Y,2025-08-18,2025-08-14,최연희(chldusgmlek),2025년,08월,1주
1103,말라리아매개모기조사감시,강원도보건환경연구원,2025,8,1주,2025-08-09,강원,양구군 남면 구암리,기타,LED1,Culex orientalis,10,7,1,0,0,0,,Y,2025-08-18,2025-08-14,최연희(chldusgmlek),2025년,08월,1주
1104,말라리아매개모기조사감시,강원도보건환경연구원,2025,8,1주,2025-08-09,강원,양구군 남면 구암리,기타,LED1,Aedes vexans,18,7,2,0,0,0,,Y,2025-08-18,2025-08-14,최연희(chldusgmlek),2025년,08월,1주
1105,말라리아매개모기조사감시,강원도보건환경연구원,2025,8,1주,2025-08-09,강원,양구군 남면 구암리,기타,LED1,Ochlerotatus koreicus,5,7,0,0,0,0,,Y,2025-08-18,2025-08-14,최연희(chldusgmlek),2025년,08월,1주
1106,말라리아매개모기조사감시,강원도보건환경연구원,2025,8,1주,2025-08-09,강원,양구군 남면 구암리,기타,LED1,Anopheles spp.,223,7,31,223,23,0,,Y,2025-08-18,2025-08-14,최연희(chldusgmlek),2025년,08월,1주
1107,말라리아매개모기조사감시,강원도보건환경연구원,2025,8,1주,2025-08-09,강원,화천군 화천읍 신읍리,기타,LED1,Culex pipiens,5,7,0,0,0,0,,Y,2025-08-18,2025-08-14,최연희(chldusgmlek),2025년,08월,1주
1108,말라리아매개모기조사감시,강원도보건환경연구원,2025,8,1주,2025-08-09,강원,화천군 화천읍 신읍리,기타,LED1,Culex orientalis,3,7,0,0,0,0,,Y,2025-08-18,2025-08-14,최연희(chldusgmlek),2025년,08월,1주
1109,말라리아매개모기조사감시,강원도보건환경연구원,2025,8,1주,2025-08-09,강원,화천군 화천읍 신읍리,기타,LED1,Culex bitaeniorhynchus,1,7,0,0,0,0,,Y,2025-08-18,2025-08-14,최연희(chldusgmlek),2025년,08월,1주
1110,말라리아매개모기조사감시,강원도보건환경연구원,2025,8,1주,2025-08-09,강원,화천군 화천읍 신읍리,기타,LED1,Armigeres subalbatus,6,7,0,0,0,0,,Y,2025-08-18,2025-08-14,최연희(chldusgmlek),2025년,08월,1주
1111,말라리아매개모기조사감시,강원도보건환경연구원,2025,8,1주,2025-08-09,강원,화천군 화천읍 신읍리,기타,LED1,Aedes vexans,30,7,4,0,0,0,,Y,2025-08-18,2025-08-14,최연희(chldusgmlek),2025년,08월,1주
1112,말라리아매개모기조사감시,강원도보건환경연구원,2025,8,1주,2025-08-09,강원,화천군 화천읍 신읍리,기타,LED1,Ochlerotatus koreicus,18,7,2,0,0,0,,Y,2025-08-18,2025-08-14,최연희(chldusgmlek),2025년,08월,1주
1113,말라리아매개모기조사감시,강원도보건환경연구원,2025,8,1주,2025-08-09,강원,화천군 화천읍 신읍리,기타,LED1,Anopheles spp.,71,7,10,71,8,0,,Y,2025-08-18,2025-08-14,최연희(chldusgmlek),2025년,08월,1주
1114,말라리아매개모기조사감시,강원도보건환경연구원,2025,8,1주,2025-08-09,강원,철원군 김화읍 학사리,기타,LED1,Culex pipiens,2,7,0,0,0,0,,Y,2025-08-18,2025-08-14,최연희(chldusgmlek),2025년,08월,1주
1115,말라리아매개모기조사감시,강원도보건환경연구원,2025,8,1주,2025-08-09,강원,철원군 김화읍 학사리,기타,LED1,Culex orientalis,5,7,0,0,0,0,,Y,2025-08-18,2025-08-14,최연희(chldusgmlek),2025년,08월,1주
1116,말라리아매개모기조사감시,강원도보건환경연구원,2025,8,1주,2025-08-09,강원,철원군 김화읍 학사리,기타,LED1,Culex bitaeniorhynchus,1,7,0,0,0,0,,Y,2025-08-18,2025-08-14,최연희(chldusgmlek),2025년,08월,1주
1117,말라리아매개모기조사감시,강원도보건환경연구원,2025,8,1주,2025-08-09,강원,철원군 김화읍 학사리,기타,LED1,Armigeres subalbatus,3,7,0,0,0,0,,Y,2025-08-18,2025-08-14,최연희(chldusgmlek),2025년,08월,1주
1118,말라리아매개모기조사감시,강원도보건환경연구원,2025,8,1주,2025-08-09,강원,철원군 김화읍 학사리,기타,LED1,Aedes vexans,2,7,0,0,0,0,,Y,2025-08-18,2025-08-14,최연희(chldusgmlek),2025년,08월,1주
1119,말라리아매개모기조사감시,강원도보건환경연구원,2025,8,1주,2025-08-09,강원,철원군 김화읍 학사리,기타,LED1,Ochlerotatus koreicus,169,7,24,0,0,0,,Y,2025-08-18,2025-08-14,최연희(chldusgmlek),2025년,08월,1주
1120,말라리아매개모기조사감시,강원도보건환경연구원,2025,8,1주,2025-08-09,강원,철원군 김화읍 학사리,기타,LED1,Aedes albopictus,22,7,3,0,0,0,,Y,2025-08-18,2025-08-14,최연희(chldusgmlek),2025년,08월,1주
1121,말라리아매개모기조사감시,강원도보건환경연구원,2025,8,1주,2025-08-09,강원,철원군 김화읍 학사리,기타,LED1,Anopheles spp.,2,7,0,2,1,0,,Y,2025-08-18,2025-08-14,최연희(chldusgmlek),2025년,08월,1주
1122,말라리아매개모기조사감시,강원도보건환경연구원,2025,8,1주,2025-08-09,강원,철원군 철원읍 대마리,기타,LED1,Culex tritaeniorhynchus,1,7,0,0,0,0,,Y,2025-08-18,2025-08-14,최연희(chldusgmlek),2025년,08월,1주
1123,말라리아매개모기조사감시,강원도보건환경연구원,2025,8,1주,2025-08-09,강원,철원군 철원읍 대마리,기타,LED1,Culex pipiens,4,7,0,0,0,0,,Y,2025-08-18,2025-08-14,최연희(chldusgmlek),2025년,08월,1주
1124,말라리아매개모기조사감시,강원도보건환경연구원,2025,8,1주,2025-08-09,강원,철원군 철원읍 대마리,기타,LED1,Culex orientalis,29,7,4,0,0,0,,Y,2025-08-18,2025-08-14,최연희(chldusgmlek),2025년,08월,1주
1125,말라리아매개모기조사감시,강원도보건환경연구원,2025,8,1주,2025-08-09,강원,철원군 철원읍 대마리,기타,LED1,Culex bitaeniorhynchus,10,7,1,0,0,0,,Y,2025-08-18,2025-08-14,최연희(chldusgmlek),2025년,08월,1주
1126,말라리아매개모기조사감시,강원도보건환경연구원,2025,8,1주,2025-08-09,강원,철원군 철원읍 대마리,기타,LED1,Armigeres subalbatus,13,7,1,0,0,0,,Y,2025-08-18,2025-08-14,최연희(chldusgmlek),2025년,08월,1주
1127,말라리아매개모기조사감시,강원도보건환경연구원,2025,8,1주,2025-08-09,강원,철원군 철원읍 대마리,기타,LED1,Aedes vexans,34,7,4,0,0,0,,Y,2025-08-18,2025-08-14,최연희(chldusgmlek),2025년,08월,1주
1128,말라리아매개모기조사감시,강원도보건환경연구원,2025,8,1주,2025-08-09,강원,철원군 철원읍 대마리,기타,LED1,Ochlerotatus koreicus,5,7,0,0,0,0,,Y,2025-08-18,2025-08-14,최연희(chldusgmlek),2025년,08월,1주
1129,말라리아매개모기조사감시,강원도보건환경연구원,2025,8,1주,2025-08-09,강원,철원군 철원읍 대마리,기타,LED1,Anopheles spp.,46,7,6,46,5,0,,Y,2025-08-18,2025-08-14,최연희(chldusgmlek),2025년,08월,1주
1130,말라리아매개모기조사감시,강원도보건환경연구원,2025,8,1주,2025-08-09,강원,춘천시 신북읍 지내리,기타,LED1,Culex pipiens,1,7,0,0,0,0,,Y,2025-08-18,2025-08-14,최연희(chldusgmlek),2025년,08월,1주
1131,말라리아매개모기조사감시,강원도보건환경연구원,2025,8,1주,2025-08-09,강원,춘천시 신북읍 지내리,기타,LED1,Culex bitaeniorhynchus,11,7,1,0,0,0,,Y,2025-08-18,2025-08-14,최연희(chldusgmlek),2025년,08월,1주
1132,말라리아매개모기조사감시,강원도보건환경연구원,2025,8,1주,2025-08-09,강원,춘천시 신북읍 지내리,기타,LED1,Aedes vexans,6,7,0,0,0,0,,Y,2025-08-18,2025-08-14,최연희(chldusgmlek),2025년,08월,1주
1133,말라리아매개모기조사감시,강원도보건환경연구원,2025,8,1주,2025-08-09,강원,춘천시 신북읍 지내리,기타,LED1,Ochlerotatus koreicus,3,7,0,0,0,0,,Y,2025-08-18,2025-08-14,최연희(chldusgmlek),2025년,08월,1주
1134,말라리아매개모기조사감시,강원도보건환경연구원,2025,8,1주,2025-08-09,강원,춘천시 신북읍 지내리,기타,LED1,Anopheles spp.,2,7,0,2,1,0,,Y,2025-08-18,2025-08-14,최연희(chldusgmlek),2025년,08월,1주
1135,말라리아매개모기조사감시,강원도보건환경연구원,2025,8,1주,2025-08-09,강원,춘천시 중앙동,기타,LED1,Culex tritaeniorhynchus,2,7,0,0,0,0,,Y,2025-08-18,2025-08-14,최연희(chldusgmlek),2025년,08월,1주
1136,말라리아매개모기조사감시,강원도보건환경연구원,2025,8,1주,2025-08-09,강원,춘천시 중앙동,기타,LED1,Culex pipiens,129,7,18,0,0,0,,Y,2025-08-18,2025-08-14,최연희(chldusgmlek),2025년,08월,1주
1137,말라리아매개모기조사감시,강원도보건환경연구원,2025,8,1주,2025-08-09,강원,춘천시 중앙동,기타,LED1,Culex orientalis,3,7,0,0,0,0,,Y,2025-08-18,2025-08-14,최연희(chldusgmlek),2025년,08월,1주
1138,말라리아매개모기조사감시,강원도보건환경연구원,2025,8,1주,2025-08-09,강원,춘천시 중앙동,기타,LED1,Armigeres subalbatus,10,7,1,0,0,0,,Y,2025-08-18,2025-08-14,최연희(chldusgmlek),2025년,08월,1주
1139,말라리아매개모기조사감시,강원도보건환경연구원,2025,8,1주,2025-08-09,강원,춘천시 중앙동,기타,LED1,Aedes vexans,5,7,0,0,0,0,,Y,2025-08-18,2025-08-14,최연희(chldusgmlek),2025년,08월,1주
1140,말라리아매개모기조사감시,강원도보건환경연구원,2025,8,1주,2025-08-09,강원,춘천시 중앙동,기타,LED1,Ochlerotatus koreicus,3,7,0,0,0,0,,Y,2025-08-18,2025-08-14,최연희(chldusgmlek),2025년,08월,1주
1141,말라리아매개모기조사감시,강원도보건환경연구원,2025,8,1주,2025-08-09,강원,춘천시 중앙동,기타,LED1,Aedes albopictus,16,7,2,0,0,0,,Y,2025-08-18,2025-08-14,최연희(chldusgmlek),2025년,08월,1주
1142,말라리아매개모기조사감시,강원도보건환경연구원,2025,8,1주,2025-08-09,강원,춘천시 중앙동,기타,LED1,Anopheles spp.,12,7,1,12,2,0,,Y,2025-08-18,2025-08-14,최연희(chldusgmlek),2025년,08월,1주
1143,말라리아매개모기조사감시,강원도보건환경연구원,2025,8,4주,2025-08-02,강원,고성군 현내면 명파리,기타,LED1,Culex orientalis,1,7,0,0,0,0,,Y,2025-08-18,2025-08-08,최연희(chldusgmlek),2025년,07월,4주
1144,말라리아매개모기조사감시,강원도보건환경연구원,2025,8,4주,2025-08-02,강원,고성군 현내면 명파리,기타,LED1,Culex bitaeniorhynchus,1,7,0,0,0,0,,Y,2025-08-18,2025-08-08,최연희(chldusgmlek),2025년,07월,4주
1145,말라리아매개모기조사감시,강원도보건환경연구원,2025,8,4주,2025-08-02,강원,고성군 현내면 명파리,기타,LED1,Aedes vexans,186,7,26,0,0,0,,Y,2025-08-18,2025-08-08,최연희(chldusgmlek),2025년,07월,4주
1146,말라리아매개모기조사감시,강원도보건환경연구원,2025,8,4주,2025-08-02,강원,고성군 현내면 명파리,기타,LED1,Ochlerotatus koreicus,19,7,2,0,0,0,,Y,2025-08-18,2025-08-08,최연희(chldusgmlek),2025년,07월,4주
1147,말라리아매개모기조사감시,강원도보건환경연구원,2025,8,4주,2025-08-02,강원,고성군 현내면 명파리,기타,LED1,Anopheles spp.,20,7,2,20,2,0,,Y,2025-08-18,2025-08-08,최연희(chldusgmlek),2025년,07월,4주
1148,말라리아매개모기조사감시,강원도보건환경연구원,2025,8,4주,2025-08-02,강원,인제군 인제읍 덕산리,기타,LED1,Culex pipiens,5,7,0,0,0,0,,Y,2025-08-18,2025-08-08,최연희(chldusgmlek),2025년,07월,4주
1149,말라리아매개모기조사감시,강원도보건환경연구원,2025,8,4주,2025-08-02,강원,인제군 인제읍 덕산리,기타,LED1,Culex orientalis,1,7,0,0,0,0,,Y,2025-08-18,2025-08-08,최연희(chldusgmlek),2025년,07월,4주
1150,말라리아매개모기조사감시,강원도보건환경연구원,2025,8,4주,2025-08-02,강원,인제군 인제읍 덕산리,기타,LED1,Culex bitaeniorhynchus,15,7,2,0,0,0,,Y,2025-08-18,2025-08-08,최연희(chldusgmlek),2025년,07월,4주
1151,말라리아매개모기조사감시,강원도보건환경연구원,2025,8,4주,2025-08-02,강원,인제군 인제읍 덕산리,기타,LED1,Armigeres subalbatus,13,7,1,0,0,0,,Y,2025-08-18,2025-08-08,최연희(chldusgmlek),2025년,07월,4주
1152,말라리아매개모기조사감시,강원도보건환경연구원,2025,8,4주,2025-08-02,강원,인제군 인제읍 덕산리,기타,LED1,Aedes vexans,2,7,0,0,0,0,,Y,2025-08-18,2025-08-08,최연희(chldusgmlek),2025년,07월,4주
1153,말라리아매개모기조사감시,강원도보건환경연구원,2025,8,4주,2025-08-02,강원,인제군 인제읍 덕산리,기타,LED1,Ochlerotatus koreicus,14,7,2,0,0,0,,Y,2025-08-18,2025-08-08,최연희(chldusgmlek),2025년,07월,4주
1154,말라리아매개모기조사감시,강원도보건환경연구원,2025,8,4주,2025-08-02,강원,인제군 인제읍 덕산리,기타,LED1,Anopheles spp.,5,7,0,5,1,0,,Y,2025-08-18,2025-08-08,최연희(chldusgmlek),2025년,07월,4주
1155,말라리아매개모기조사감시,강원도보건환경연구원,2025,8,4주,2025-08-02,강원,양구군 남면 구암리,기타,LED1,Culex pipiens,5,7,0,0,0,0,,Y,2025-08-18,2025-08-08,최연희(chldusgmlek),2025년,07월,4주
1156,말라리아매개모기조사감시,강원도보건환경연구원,2025,8,4주,2025-08-02,강원,양구군 남면 구암리,기타,LED1,Culex orientalis,3,7,0,0,0,0,,Y,2025-08-18,2025-08-08,최연희(chldusgmlek),2025년,07월,4주
1157,말라리아매개모기조사감시,강원도보건환경연구원,2025,8,4주,2025-08-02,강원,양구군 남면 구암리,기타,LED1,Culex bitaeniorhynchus,1,7,0,0,0,0,,Y,2025-08-18,2025-08-08,최연희(chldusgmlek),2025년,07월,4주
1158,말라리아매개모기조사감시,강원도보건환경연구원,2025,8,4주,2025-08-02,강원,양구군 남면 구암리,기타,LED1,Armigeres subalbatus,2,7,0,0,0,0,,Y,2025-08-18,2025-08-08,최연희(chldusgmlek),2025년,07월,4주
1159,말라리아매개모기조사감시,강원도보건환경연구원,2025,8,4주,2025-08-02,강원,양구군 남면 구암리,기타,LED1,Aedes vexans,38,7,5,0,0,0,,Y,2025-08-18,2025-08-08,최연희(chldusgmlek),2025년,07월,4주
1160,말라리아매개모기조사감시,강원도보건환경연구원,2025,8,4주,2025-08-02,강원,양구군 남면 구암리,기타,LED1,Ochlerotatus koreicus,4,7,0,0,0,0,,Y,2025-08-18,2025-08-08,최연희(chldusgmlek),2025년,07월,4주
1161,말라리아매개모기조사감시,강원도보건환경연구원,2025,8,4주,2025-08-02,강원,양구군 남면 구암리,기타,LED1,Aedes albopictus,1,7,0,0,0,0,,Y,2025-08-18,2025-08-08,최연희(chldusgmlek),2025년,07월,4주
1162,말라리아매개모기조사감시,강원도보건환경연구원,2025,8,4주,2025-08-02,강원,화천군 화천읍 신읍리,기타,LED1,Culex pipiens,1,7,0,0,0,0,,Y,2025-08-18,2025-08-08,최연희(chldusgmlek),2025년,07월,4주
1163,말라리아매개모기조사감시,강원도보건환경연구원,2025,8,4주,2025-08-02,강원,화천군 화천읍 신읍리,기타,LED1,Culex orientalis,1,7,0,0,0,0,,Y,2025-08-18,2025-08-08,최연희(chldusgmlek),2025년,07월,4주
1164,말라리아매개모기조사감시,강원도보건환경연구원,2025,8,4주,2025-08-02,강원,화천군 화천읍 신읍리,기타,LED1,Culex bitaeniorhynchus,1,7,0,0,0,0,,Y,2025-08-18,2025-08-08,최연희(chldusgmlek),2025년,07월,4주
1165,말라리아매개모기조사감시,강원도보건환경연구원,2025,8,4주,2025-08-02,강원,화천군 화천읍 신읍리,기타,LED1,Armigeres subalbatus,4,7,0,0,0,0,,Y,2025-08-18,2025-08-08,최연희(chldusgmlek),2025년,07월,4주
1166,말라리아매개모기조사감시,강원도보건환경연구원,2025,8,4주,2025-08-02,강원,화천군 화천읍 신읍리,기타,LED1,Aedes vexans,68,7,9,0,0,0,,Y,2025-08-18,2025-08-08,최연희(chldusgmlek),2025년,07월,4주
1167,말라리아매개모기조사감시,강원도보건환경연구원,2025,8,4주,2025-08-02,강원,화천군 화천읍 신읍리,기타,LED1,Ochlerotatus koreicus,18,7,2,0,0,0,,Y,2025-08-18,2025-08-08,최연희(chldusgmlek),2025년,07월,4주
1168,말라리아매개모기조사감시,강원도보건환경연구원,2025,8,4주,2025-08-02,강원,화천군 화천읍 신읍리,기타,LED1,Anopheles spp.,53,7,7,53,6,0,,Y,2025-08-18,2025-08-08,최연희(chldusgmlek),2025년,07월,4주
1169,말라리아매개모기조사감시,강원도보건환경연구원,2025,8,4주,2025-08-02,강원,철원군 김화읍 학사리,기타,LED1,Culex pipiens,3,7,0,0,0,0,,Y,2025-08-18,2025-08-08,최연희(chldusgmlek),2025년,07월,4주
1170,말라리아매개모기조사감시,강원도보건환경연구원,2025,8,4주,2025-08-02,강원,철원군 김화읍 학사리,기타,LED1,Culex orientalis,24,7,3,0,0,0,,Y,2025-08-18,2025-08-08,최연희(chldusgmlek),2025년,07월,4주
1171,말라리아매개모기조사감시,강원도보건환경연구원,2025,8,4주,2025-08-02,강원,철원군 김화읍 학사리,기타,LED1,Culex bitaeniorhynchus,1,7,0,0,0,0,,Y,2025-08-18,2025-08-08,최연희(chldusgmlek),2025년,07월,4주
1172,말라리아매개모기조사감시,강원도보건환경연구원,2025,8,4주,2025-08-02,강원,철원군 김화읍 학사리,기타,LED1,Armigeres subalbatus,13,7,1,0,0,0,,Y,2025-08-18,2025-08-08,최연희(chldusgmlek),2025년,07월,4주
1173,말라리아매개모기조사감시,강원도보건환경연구원,2025,8,4주,2025-08-02,강원,철원군 김화읍 학사리,기타,LED1,Aedes vexans,5,7,0,0,0,0,,Y,2025-08-18,2025-08-08,최연희(chldusgmlek),2025년,07월,4주
1174,말라리아매개모기조사감시,강원도보건환경연구원,2025,8,4주,2025-08-02,강원,철원군 김화읍 학사리,기타,LED1,Ochlerotatus koreicus,80,7,11,0,0,0,,Y,2025-08-18,2025-08-08,최연희(chldusgmlek),2025년,07월,4주
1175,말라리아매개모기조사감시,강원도보건환경연구원,2025,8,4주,2025-08-02,강원,철원군 김화읍 학사리,기타,LED1,Aedes albopictus,14,7,2,0,0,0,,Y,2025-08-18,2025-08-08,최연희(chldusgmlek),2025년,07월,4주
1176,말라리아매개모기조사감시,강원도보건환경연구원,2025,8,4주,2025-08-02,강원,철원군 김화읍 학사리,기타,LED1,Anopheles spp.,3,7,0,3,1,0,,Y,2025-08-18,2025-08-08,최연희(chldusgmlek),2025년,07월,4주
1177,말라리아매개모기조사감시,강원도보건환경연구원,2025,8,4주,2025-08-02,강원,철원군 철원읍 대마리,기타,LED1,미채집,0,0,0,0,0,0,트랩꺼짐으로 인한 모기 미채집,Y,2025-08-18,2025-08-08,최연희(chldusgmlek),2025년,07월,4주
1178,말라리아매개모기조사감시,강원도보건환경연구원,2025,8,4주,2025-08-02,강원,춘천시 신북읍 지내리,기타,LED1,Culex pipiens,1,7,0,0,0,0,,Y,2025-08-18,2025-08-08,최연희(chldusgmlek),2025년,07월,4주
1179,말라리아매개모기조사감시,강원도보건환경연구원,2025,8,4주,2025-08-02,강원,춘천시 신북읍 지내리,기타,LED1,Culex bitaeniorhynchus,5,7,0,0,0,0,,Y,2025-08-18,2025-08-08,최연희(chldusgmlek),2025년,07월,4주
1180,말라리아매개모기조사감시,강원도보건환경연구원,2025,8,4주,2025-08-02,강원,춘천시 신북읍 지내리,기타,LED1,Armigeres subalbatus,1,7,0,0,0,0,,Y,2025-08-18,2025-08-08,최연희(chldusgmlek),2025년,07월,4주
1181,말라리아매개모기조사감시,강원도보건환경연구원,2025,8,4주,2025-08-02,강원,춘천시 신북읍 지내리,기타,LED1,Aedes vexans,13,7,1,0,0,0,,Y,2025-08-18,2025-08-08,최연희(chldusgmlek),2025년,07월,4주
1182,말라리아매개모기조사감시,강원도보건환경연구원,2025,8,4주,2025-08-02,강원,춘천시 신북읍 지내리,기타,LED1,Ochlerotatus koreicus,3,7,0,0,0,0,,Y,2025-08-18,2025-08-08,최연희(chldusgmlek),2025년,07월,4주
1183,말라리아매개모기조사감시,강원도보건환경연구원,2025,8,4주,2025-08-02,강원,춘천시 신북읍 지내리,기타,LED1,Anopheles spp.,2,7,0,2,1,0,,Y,2025-08-18,2025-08-08,최연희(chldusgmlek),2025년,07월,4주
1184,말라리아매개모기조사감시,강원도보건환경연구원,2025,8,4주,2025-08-02,강원,춘천시 중앙동,기타,LED1,Culex pipiens,118,7,16,0,0,0,,Y,2025-08-18,2025-08-08,최연희(chldusgmlek),2025년,07월,4주
1185,말라리아매개모기조사감시,강원도보건환경연구원,2025,8,4주,2025-08-02,강원,춘천시 중앙동,기타,LED1,Culex orientalis,4,7,0,0,0,0,,Y,2025-08-18,2025-08-08,최연희(chldusgmlek),2025년,07월,4주
1186,말라리아매개모기조사감시,강원도보건환경연구원,2025,8,4주,2025-08-02,강원,춘천시 중앙동,기타,LED1,Armigeres subalbatus,4,7,0,0,0,0,,Y,2025-08-18,2025-08-08,최연희(chldusgmlek),2025년,07월,4주
1187,말라리아매개모기조사감시,강원도보건환경연구원,2025,8,4주,2025-08-02,강원,춘천시 중앙동,기타,LED1,Aedes vexans,16,7,2,0,0,0,,Y,2025-08-18,2025-08-08,최연희(chldusgmlek),2025년,07월,4주
1188,말라리아매개모기조사감시,강원도보건환경연구원,2025,8,4주,2025-08-02,강원,춘천시 중앙동,기타,LED1,Ochlerotatus koreicus,1,7,0,0,0,0,,Y,2025-08-18,2025-08-08,최연희(chldusgmlek),2025년,07월,4주
1189,말라리아매개모기조사감시,강원도보건환경연구원,2025,8,4주,2025-08-02,강원,춘천시 중앙동,기타,LED1,Aedes albopictus,19,7,2,0,0,0,,Y,2025-08-18,2025-08-08,최연희(chldusgmlek),2025년,07월,4주
1190,말라리아매개모기조사감시,강원도보건환경연구원,2025,8,4주,2025-08-02,강원,춘천시 중앙동,기타,LED1,Anopheles spp.,11,7,1,11,2,0,,Y,2025-08-18,2025-08-08,최연희(chldusgmlek),2025년,07월,4주
1191,말라리아매개모기조사감시,강원도보건환경연구원,2025,7,4주,2025-07-26,강원,고성군 현내면 명파리,기타,LED1,Culex pipiens,6,7,0,0,0,0,,Y,2025-08-18,2025-08-01,최연희(chldusgmlek),2025년,07월,4주
1192,말라리아매개모기조사감시,강원도보건환경연구원,2025,7,4주,2025-07-26,강원,고성군 현내면 명파리,기타,LED1,Culex bitaeniorhynchus,1,7,0,0,0,0,,Y,2025-08-18,2025-08-01,최연희(chldusgmlek),2025년,07월,4주
1193,말라리아매개모기조사감시,강원도보건환경연구원,2025,7,4주,2025-07-26,강원,고성군 현내면 명파리,기타,LED1,Aedes vexans,49,7,7,0,0,0,,Y,2025-08-18,2025-08-01,최연희(chldusgmlek),2025년,07월,4주
1194,말라리아매개모기조사감시,강원도보건환경연구원,2025,7,4주,2025-07-26,강원,고성군 현내면 명파리,기타,LED1,Ochlerotatus koreicus,19,7,2,0,0,0,,Y,2025-08-18,2025-08-01,최연희(chldusgmlek),2025년,07월,4주
1195,말라리아매개모기조사감시,강원도보건환경연구원,2025,7,4주,2025-07-26,강원,고성군 현내면 명파리,기타,LED1,Anopheles spp.,24,7,3,24,3,0,,Y,2025-08-18,2025-08-01,최연희(chldusgmlek),2025년,07월,4주
1196,말라리아매개모기조사감시,강원도보건환경연구원,2025,7,4주,2025-07-26,강원,인제군 인제읍 덕산리,기타,LED1,Culex pipiens,1,7,0,0,0,0,,Y,2025-08-18,2025-08-01,최연희(chldusgmlek),2025년,07월,4주
1197,말라리아매개모기조사감시,강원도보건환경연구원,2025,7,4주,2025-07-26,강원,인제군 인제읍 덕산리,기타,LED1,Culex orientalis,3,7,0,0,0,0,,Y,2025-08-18,2025-08-01,최연희(chldusgmlek),2025년,07월,4주
1198,말라리아매개모기조사감시,강원도보건환경연구원,2025,7,4주,2025-07-26,강원,인제군 인제읍 덕산리,기타,LED1,Culex bitaeniorhynchus,5,7,0,0,0,0,,Y,2025-08-18,2025-08-01,최연희(chldusgmlek),2025년,07월,4주
1199,말라리아매개모기조사감시,강원도보건환경연구원,2025,7,4주,2025-07-26,강원,인제군 인제읍 덕산리,기타,LED1,Armigeres subalbatus,3,7,0,0,0,0,,Y,2025-08-18,2025-08-01,최연희(chldusgmlek),2025년,07월,4주
1200,말라리아매개모기조사감시,강원도보건환경연구원,2025,7,4주,2025-07-26,강원,인제군 인제읍 덕산리,기타,LED1,Ochlerotatus koreicus,18,7,2,0,0,0,,Y,2025-08-18,2025-08-01,최연희(chldusgmlek),2025년,07월,4주
1201,말라리아매개모기조사감시,강원도보건환경연구원,2025,7,4주,2025-07-26,강원,인제군 인제읍 덕산리,기타,LED1,Aedes albopictus,1,7,0,0,0,0,,Y,2025-08-18,2025-08-01,최연희(chldusgmlek),2025년,07월,4주
1202,말라리아매개모기조사감시,강원도보건환경연구원,2025,7,4주,2025-07-26,강원,인제군 인제읍 덕산리,기타,LED1,Anopheles spp.,3,7,0,3,1,0,,Y,2025-08-18,2025-08-01,최연희(chldusgmlek),2025년,07월,4주
1203,말라리아매개모기조사감시,강원도보건환경연구원,2025,7,4주,2025-07-26,강원,양구군 남면 구암리,기타,LED1,Culex pipiens,5,7,0,0,0,0,,Y,2025-08-18,2025-08-01,최연희(chldusgmlek),2025년,07월,4주
1204,말라리아매개모기조사감시,강원도보건환경연구원,2025,7,4주,2025-07-26,강원,양구군 남면 구암리,기타,LED1,Culex orientalis,4,7,0,0,0,0,,Y,2025-08-18,2025-08-01,최연희(chldusgmlek),2025년,07월,4주
1205,말라리아매개모기조사감시,강원도보건환경연구원,2025,7,4주,2025-07-26,강원,양구군 남면 구암리,기타,LED1,Armigeres subalbatus,1,7,0,0,0,0,,Y,2025-08-18,2025-08-01,최연희(chldusgmlek),2025년,07월,4주
1206,말라리아매개모기조사감시,강원도보건환경연구원,2025,7,4주,2025-07-26,강원,양구군 남면 구암리,기타,LED1,Aedes vexans,34,7,4,0,0,0,,Y,2025-08-18,2025-08-01,최연희(chldusgmlek),2025년,07월,4주
1207,말라리아매개모기조사감시,강원도보건환경연구원,2025,7,4주,2025-07-26,강원,양구군 남면 구암리,기타,LED1,Ochlerotatus koreicus,6,7,0,0,0,0,,Y,2025-08-18,2025-08-01,최연희(chldusgmlek),2025년,07월,4주
1208,말라리아매개모기조사감시,강원도보건환경연구원,2025,7,4주,2025-07-26,강원,양구군 남면 구암리,기타,LED1,Anopheles spp.,98,7,14,98,10,0,,Y,2025-08-18,2025-08-01,최연희(chldusgmlek),2025년,07월,4주
1209,말라리아매개모기조사감시,강원도보건환경연구원,2025,7,4주,2025-07-26,강원,화천군 화천읍 신읍리,기타,LED1,Culex pipiens,7,7,1,0,0,0,,Y,2025-08-18,2025-08-01,최연희(chldusgmlek),2025년,07월,4주
1210,말라리아매개모기조사감시,강원도보건환경연구원,2025,7,4주,2025-07-26,강원,화천군 화천읍 신읍리,기타,LED1,Culex orientalis,13,7,1,0,0,0,,Y,2025-08-18,2025-08-01,최연희(chldusgmlek),2025년,07월,4주
1211,말라리아매개모기조사감시,강원도보건환경연구원,2025,7,4주,2025-07-26,강원,화천군 화천읍 신읍리,기타,LED1,Culex bitaeniorhynchus,3,7,0,0,0,0,,Y,2025-08-18,2025-08-01,최연희(chldusgmlek),2025년,07월,4주
1212,말라리아매개모기조사감시,강원도보건환경연구원,2025,7,4주,2025-07-26,강원,화천군 화천읍 신읍리,기타,LED1,Armigeres subalbatus,11,7,1,0,0,0,,Y,2025-08-18,2025-08-01,최연희(chldusgmlek),2025년,07월,4주
1213,말라리아매개모기조사감시,강원도보건환경연구원,2025,7,4주,2025-07-26,강원,화천군 화천읍 신읍리,기타,LED1,Aedes vexans,60,7,8,0,0,0,,Y,2025-08-18,2025-08-01,최연희(chldusgmlek),2025년,07월,4주
1214,말라리아매개모기조사감시,강원도보건환경연구원,2025,7,4주,2025-07-26,강원,화천군 화천읍 신읍리,기타,LED1,Ochlerotatus koreicus,28,7,4,0,0,0,,Y,2025-08-18,2025-08-01,최연희(chldusgmlek),2025년,07월,4주
1215,말라리아매개모기조사감시,강원도보건환경연구원,2025,7,4주,2025-07-26,강원,화천군 화천읍 신읍리,기타,LED1,Aedes albopictus,1,7,0,0,0,0,,Y,2025-08-18,2025-08-01,최연희(chldusgmlek),2025년,07월,4주
1216,말라리아매개모기조사감시,강원도보건환경연구원,2025,7,4주,2025-07-26,강원,화천군 화천읍 신읍리,기타,LED1,Anopheles spp.,33,7,4,33,4,0,,Y,2025-08-18,2025-08-01,최연희(chldusgmlek),2025년,07월,4주
1217,말라리아매개모기조사감시,강원도보건환경연구원,2025,7,4주,2025-07-26,강원,철원군 김화읍 학사리,기타,LED1,Culex pipiens,4,7,0,0,0,0,,Y,2025-08-18,2025-08-01,최연희(chldusgmlek),2025년,07월,4주
1218,말라리아매개모기조사감시,강원도보건환경연구원,2025,7,4주,2025-07-26,강원,철원군 김화읍 학사리,기타,LED1,Culex orientalis,16,7,2,0,0,0,,Y,2025-08-18,2025-08-01,최연희(chldusgmlek),2025년,07월,4주
1219,말라리아매개모기조사감시,강원도보건환경연구원,2025,7,4주,2025-07-26,강원,철원군 김화읍 학사리,기타,LED1,Armigeres subalbatus,14,7,2,0,0,0,,Y,2025-08-18,2025-08-01,최연희(chldusgmlek),2025년,07월,4주
1220,말라리아매개모기조사감시,강원도보건환경연구원,2025,7,4주,2025-07-26,강원,철원군 김화읍 학사리,기타,LED1,Aedes vexans,2,7,0,0,0,0,,Y,2025-08-18,2025-08-01,최연희(chldusgmlek),2025년,07월,4주
1221,말라리아매개모기조사감시,강원도보건환경연구원,2025,7,4주,2025-07-26,강원,철원군 김화읍 학사리,기타,LED1,Ochlerotatus koreicus,85,7,12,0,0,0,,Y,2025-08-18,2025-08-01,최연희(chldusgmlek),2025년,07월,4주
1222,말라리아매개모기조사감시,강원도보건환경연구원,2025,7,4주,2025-07-26,강원,철원군 김화읍 학사리,기타,LED1,Aedes albopictus,15,7,2,0,0,0,,Y,2025-08-18,2025-08-01,최연희(chldusgmlek),2025년,07월,4주
1223,말라리아매개모기조사감시,강원도보건환경연구원,2025,7,4주,2025-07-26,강원,철원군 철원읍 대마리,기타,LED1,Culex pipiens,14,7,2,0,0,0,,Y,2025-08-18,2025-08-01,최연희(chldusgmlek),2025년,07월,4주
1224,말라리아매개모기조사감시,강원도보건환경연구원,2025,7,4주,2025-07-26,강원,철원군 철원읍 대마리,기타,LED1,Culex orientalis,5,7,0,0,0,0,,Y,2025-08-18,2025-08-01,최연희(chldusgmlek),2025년,07월,4주
1225,말라리아매개모기조사감시,강원도보건환경연구원,2025,7,4주,2025-07-26,강원,철원군 철원읍 대마리,기타,LED1,Culex bitaeniorhynchus,2,7,0,0,0,0,,Y,2025-08-18,2025-08-01,최연희(chldusgmlek),2025년,07월,4주
1226,말라리아매개모기조사감시,강원도보건환경연구원,2025,7,4주,2025-07-26,강원,철원군 철원읍 대마리,기타,LED1,Armigeres subalbatus,3,7,0,0,0,0,,Y,2025-08-18,2025-08-01,최연희(chldusgmlek),2025년,07월,4주
1227,말라리아매개모기조사감시,강원도보건환경연구원,2025,7,4주,2025-07-26,강원,철원군 철원읍 대마리,기타,LED1,Aedes vexans,12,7,1,0,0,0,,Y,2025-08-18,2025-08-01,최연희(chldusgmlek),2025년,07월,4주
1228,말라리아매개모기조사감시,강원도보건환경연구원,2025,7,4주,2025-07-26,강원,철원군 철원읍 대마리,기타,LED1,Ochlerotatus koreicus,4,7,0,0,0,0,,Y,2025-08-18,2025-08-01,최연희(chldusgmlek),2025년,07월,4주
1229,말라리아매개모기조사감시,강원도보건환경연구원,2025,7,4주,2025-07-26,강원,철원군 철원읍 대마리,기타,LED1,Anopheles spp.,17,7,2,17,2,0,,Y,2025-08-18,2025-08-01,최연희(chldusgmlek),2025년,07월,4주
1230,말라리아매개모기조사감시,강원도보건환경연구원,2025,7,4주,2025-07-26,강원,춘천시 신북읍 지내리,기타,LED1,Culex pipiens,2,7,0,0,0,0,,Y,2025-08-18,2025-08-01,최연희(chldusgmlek),2025년,07월,4주
1231,말라리아매개모기조사감시,강원도보건환경연구원,2025,7,4주,2025-07-26,강원,춘천시 신북읍 지내리,기타,LED1,Culex bitaeniorhynchus,6,7,0,0,0,0,,Y,2025-08-18,2025-08-01,최연희(chldusgmlek),2025년,07월,4주
1232,말라리아매개모기조사감시,강원도보건환경연구원,2025,7,4주,2025-07-26,강원,춘천시 신북읍 지내리,기타,LED1,Aedes vexans,3,7,0,0,0,0,,Y,2025-08-18,2025-08-01,최연희(chldusgmlek),2025년,07월,4주
1233,말라리아매개모기조사감시,강원도보건환경연구원,2025,7,4주,2025-07-26,강원,춘천시 신북읍 지내리,기타,LED1,Ochlerotatus koreicus,1,7,0,0,0,0,,Y,2025-08-18,2025-08-01,최연희(chldusgmlek),2025년,07월,4주
1234,말라리아매개모기조사감시,강원도보건환경연구원,2025,7,4주,2025-07-26,강원,춘천시 신북읍 지내리,기타,LED1,Anopheles spp.,5,7,0,5,1,0,,Y,2025-08-18,2025-08-01,최연희(chldusgmlek),2025년,07월,4주
1235,말라리아매개모기조사감시,강원도보건환경연구원,2025,7,4주,2025-07-26,강원,춘천시 중앙동,기타,LED1,Culex pipiens,101,7,14,0,0,0,,Y,2025-08-18,2025-08-01,최연희(chldusgmlek),2025년,07월,4주
1236,말라리아매개모기조사감시,강원도보건환경연구원,2025,7,4주,2025-07-26,강원,춘천시 중앙동,기타,LED1,Culex orientalis,3,7,0,0,0,0,,Y,2025-08-18,2025-08-01,최연희(chldusgmlek),2025년,07월,4주
1237,말라리아매개모기조사감시,강원도보건환경연구원,2025,7,4주,2025-07-26,강원,춘천시 중앙동,기타,LED1,Armigeres subalbatus,13,7,1,0,0,0,,Y,2025-08-18,2025-08-01,최연희(chldusgmlek),2025년,07월,4주
1238,말라리아매개모기조사감시,강원도보건환경연구원,2025,7,4주,2025-07-26,강원,춘천시 중앙동,기타,LED1,Aedes vexans,12,7,1,0,0,0,,Y,2025-08-18,2025-08-01,최연희(chldusgmlek),2025년,07월,4주
1239,말라리아매개모기조사감시,강원도보건환경연구원,2025,7,4주,2025-07-26,강원,춘천시 중앙동,기타,LED1,Ochlerotatus koreicus,11,7,1,0,0,0,,Y,2025-08-18,2025-08-01,최연희(chldusgmlek),2025년,07월,4주
1240,말라리아매개모기조사감시,강원도보건환경연구원,2025,7,4주,2025-07-26,강원,춘천시 중앙동,기타,LED1,Aedes albopictus,12,7,1,0,0,0,,Y,2025-08-18,2025-08-01,최연희(chldusgmlek),2025년,07월,4주
1241,말라리아매개모기조사감시,강원도보건환경연구원,2025,7,4주,2025-07-26,강원,춘천시 중앙동,기타,LED1,Anopheles spp.,12,7,1,12,2,0,,Y,2025-08-18,2025-08-01,최연희(chldusgmlek),2025년,07월,4주
1242,말라리아매개모기조사감시,강원도보건환경연구원,2025,7,3주,2025-07-19,강원,고성군 현내면 명파리,기타,LED1,Culex pipiens,3,7,0,0,0,0,,Y,2025-08-18,2025-07-25,최연희(chldusgmlek),2025년,07월,3주
1243,말라리아매개모기조사감시,강원도보건환경연구원,2025,7,3주,2025-07-19,강원,고성군 현내면 명파리,기타,LED1,Aedes vexans,24,7,3,0,0,0,,Y,2025-08-18,2025-07-25,최연희(chldusgmlek),2025년,07월,3주
1244,말라리아매개모기조사감시,강원도보건환경연구원,2025,7,3주,2025-07-19,강원,고성군 현내면 명파리,기타,LED1,Ochlerotatus koreicus,8,7,1,0,0,0,,Y,2025-08-18,2025-07-25,최연희(chldusgmlek),2025년,07월,3주
1245,말라리아매개모기조사감시,강원도보건환경연구원,2025,7,3주,2025-07-19,강원,고성군 현내면 명파리,기타,LED1,Aedes albopictus,1,7,0,0,0,0,,Y,2025-08-18,2025-07-25,최연희(chldusgmlek),2025년,07월,3주
1246,말라리아매개모기조사감시,강원도보건환경연구원,2025,7,3주,2025-07-19,강원,고성군 현내면 명파리,기타,LED1,Anopheles spp.,9,7,1,9,1,0,,Y,2025-08-18,2025-07-25,최연희(chldusgmlek),2025년,07월,3주
1247,말라리아매개모기조사감시,강원도보건환경연구원,2025,7,3주,2025-07-19,강원,인제군 인제읍 덕산리,기타,LED1,Culex bitaeniorhynchus,5,7,0,0,0,0,,Y,2025-08-18,2025-07-25,최연희(chldusgmlek),2025년,07월,3주
1248,말라리아매개모기조사감시,강원도보건환경연구원,2025,7,3주,2025-07-19,강원,인제군 인제읍 덕산리,기타,LED1,Armigeres subalbatus,1,7,0,0,0,0,,Y,2025-08-18,2025-07-25,최연희(chldusgmlek),2025년,07월,3주
1249,말라리아매개모기조사감시,강원도보건환경연구원,2025,7,3주,2025-07-19,강원,인제군 인제읍 덕산리,기타,LED1,Ochlerotatus koreicus,7,7,1,0,0,0,,Y,2025-08-18,2025-07-25,최연희(chldusgmlek),2025년,07월,3주
1250,말라리아매개모기조사감시,강원도보건환경연구원,2025,7,3주,2025-07-19,강원,인제군 인제읍 덕산리,기타,LED1,Anopheles spp.,1,7,0,1,1,0,,Y,2025-08-18,2025-07-25,최연희(chldusgmlek),2025년,07월,3주
1251,말라리아매개모기조사감시,강원도보건환경연구원,2025,7,3주,2025-07-19,강원,양구군 남면 구암리,기타,LED1,Culex pipiens,1,7,0,0,0,0,,Y,2025-08-18,2025-07-25,최연희(chldusgmlek),2025년,07월,3주
1252,말라리아매개모기조사감시,강원도보건환경연구원,2025,7,3주,2025-07-19,강원,양구군 남면 구암리,기타,LED1,Culex orientalis,2,7,0,0,0,0,,Y,2025-08-18,2025-07-25,최연희(chldusgmlek),2025년,07월,3주
1253,말라리아매개모기조사감시,강원도보건환경연구원,2025,7,3주,2025-07-19,강원,양구군 남면 구암리,기타,LED1,Culex bitaeniorhynchus,1,7,0,0,0,0,,Y,2025-08-18,2025-07-25,최연희(chldusgmlek),2025년,07월,3주
1254,말라리아매개모기조사감시,강원도보건환경연구원,2025,7,3주,2025-07-19,강원,양구군 남면 구암리,기타,LED1,Armigeres subalbatus,2,7,0,0,0,0,,Y,2025-08-18,2025-07-25,최연희(chldusgmlek),2025년,07월,3주
1255,말라리아매개모기조사감시,강원도보건환경연구원,2025,7,3주,2025-07-19,강원,양구군 남면 구암리,기타,LED1,Aedes vexans,8,7,1,0,0,0,,Y,2025-08-18,2025-07-25,최연희(chldusgmlek),2025년,07월,3주
1256,말라리아매개모기조사감시,강원도보건환경연구원,2025,7,3주,2025-07-19,강원,양구군 남면 구암리,기타,LED1,Ochlerotatus koreicus,4,7,0,0,0,0,,Y,2025-08-18,2025-07-25,최연희(chldusgmlek),2025년,07월,3주
1257,말라리아매개모기조사감시,강원도보건환경연구원,2025,7,3주,2025-07-19,강원,양구군 남면 구암리,기타,LED1,Anopheles spp.,40,7,5,40,4,0,,Y,2025-08-18,2025-07-25,최연희(chldusgmlek),2025년,07월,3주
1258,말라리아매개모기조사감시,강원도보건환경연구원,2025,7,3주,2025-07-19,강원,화천군 화천읍 신읍리,기타,LED1,Culex pipiens,2,7,0,0,0,0,,Y,2025-08-18,2025-07-25,최연희(chldusgmlek),2025년,07월,3주
1259,말라리아매개모기조사감시,강원도보건환경연구원,2025,7,3주,2025-07-19,강원,화천군 화천읍 신읍리,기타,LED1,Armigeres subalbatus,7,7,1,0,0,0,,Y,2025-08-18,2025-07-25,최연희(chldusgmlek),2025년,07월,3주
1260,말라리아매개모기조사감시,강원도보건환경연구원,2025,7,3주,2025-07-19,강원,화천군 화천읍 신읍리,기타,LED1,Aedes vexans,8,7,1,0,0,0,,Y,2025-08-18,2025-07-25,최연희(chldusgmlek),2025년,07월,3주
1261,말라리아매개모기조사감시,강원도보건환경연구원,2025,7,3주,2025-07-19,강원,화천군 화천읍 신읍리,기타,LED1,Ochlerotatus koreicus,13,7,1,0,0,0,,Y,2025-08-18,2025-07-25,최연희(chldusgmlek),2025년,07월,3주
1262,말라리아매개모기조사감시,강원도보건환경연구원,2025,7,3주,2025-07-19,강원,화천군 화천읍 신읍리,기타,LED1,Anopheles spp.,35,7,5,35,4,0,,Y,2025-08-18,2025-07-25,최연희(chldusgmlek),2025년,07월,3주
1263,말라리아매개모기조사감시,강원도보건환경연구원,2025,7,3주,2025-07-19,강원,철원군 김화읍 학사리,기타,LED1,Culex tritaeniorhynchus,1,7,0,0,0,0,,Y,2025-08-18,2025-07-25,최연희(chldusgmlek),2025년,07월,3주
1264,말라리아매개모기조사감시,강원도보건환경연구원,2025,7,3주,2025-07-19,강원,철원군 김화읍 학사리,기타,LED1,Culex pipiens,2,7,0,0,0,0,,Y,2025-08-18,2025-07-25,최연희(chldusgmlek),2025년,07월,3주
1265,말라리아매개모기조사감시,강원도보건환경연구원,2025,7,3주,2025-07-19,강원,철원군 김화읍 학사리,기타,LED1,Culex orientalis,6,7,0,0,0,0,,Y,2025-08-18,2025-07-25,최연희(chldusgmlek),2025년,07월,3주
1266,말라리아매개모기조사감시,강원도보건환경연구원,2025,7,3주,2025-07-19,강원,철원군 김화읍 학사리,기타,LED1,Culex bitaeniorhynchus,1,7,0,0,0,0,,Y,2025-08-18,2025-07-25,최연희(chldusgmlek),2025년,07월,3주
1267,말라리아매개모기조사감시,강원도보건환경연구원,2025,7,3주,2025-07-19,강원,철원군 김화읍 학사리,기타,LED1,Ochlerotatus koreicus,72,7,10,0,0,0,,Y,2025-08-18,2025-07-25,최연희(chldusgmlek),2025년,07월,3주
1268,말라리아매개모기조사감시,강원도보건환경연구원,2025,7,3주,2025-07-19,강원,철원군 김화읍 학사리,기타,LED1,Aedes albopictus,10,7,1,0,0,0,,Y,2025-08-18,2025-07-25,최연희(chldusgmlek),2025년,07월,3주
1269,말라리아매개모기조사감시,강원도보건환경연구원,2025,7,3주,2025-07-19,강원,철원군 김화읍 학사리,기타,LED1,Anopheles spp.,1,7,0,1,1,0,,Y,2025-08-18,2025-07-25,최연희(chldusgmlek),2025년,07월,3주
1270,말라리아매개모기조사감시,강원도보건환경연구원,2025,7,3주,2025-07-19,강원,철원군 철원읍 대마리,기타,LED1,Culex pipiens,8,7,1,0,0,0,,Y,2025-08-18,2025-07-25,최연희(chldusgmlek),2025년,07월,3주
1271,말라리아매개모기조사감시,강원도보건환경연구원,2025,7,3주,2025-07-19,강원,철원군 철원읍 대마리,기타,LED1,Culex orientalis,6,7,0,0,0,0,,Y,2025-08-18,2025-07-25,최연희(chldusgmlek),2025년,07월,3주
1272,말라리아매개모기조사감시,강원도보건환경연구원,2025,7,3주,2025-07-19,강원,철원군 철원읍 대마리,기타,LED1,Culex bitaeniorhynchus,1,7,0,0,0,0,,Y,2025-08-18,2025-07-25,최연희(chldusgmlek),2025년,07월,3주
1273,말라리아매개모기조사감시,강원도보건환경연구원,2025,7,3주,2025-07-19,강원,철원군 철원읍 대마리,기타,LED1,Armigeres subalbatus,3,7,0,0,0,0,,Y,2025-08-18,2025-07-25,최연희(chldusgmlek),2025년,07월,3주
1274,말라리아매개모기조사감시,강원도보건환경연구원,2025,7,3주,2025-07-19,강원,철원군 철원읍 대마리,기타,LED1,Aedes vexans,7,7,1,0,0,0,,Y,2025-08-18,2025-07-25,최연희(chldusgmlek),2025년,07월,3주
1275,말라리아매개모기조사감시,강원도보건환경연구원,2025,7,3주,2025-07-19,강원,철원군 철원읍 대마리,기타,LED1,Ochlerotatus koreicus,10,7,1,0,0,0,,Y,2025-08-18,2025-07-25,최연희(chldusgmlek),2025년,07월,3주
1276,말라리아매개모기조사감시,강원도보건환경연구원,2025,7,3주,2025-07-19,강원,철원군 철원읍 대마리,기타,LED1,Anopheles spp.,21,7,3,21,3,0,,Y,2025-08-18,2025-07-25,최연희(chldusgmlek),2025년,07월,3주
1277,말라리아매개모기조사감시,강원도보건환경연구원,2025,7,3주,2025-07-19,강원,춘천시 신북읍 지내리,기타,LED1,Culex bitaeniorhynchus,1,7,0,0,0,0,,Y,2025-08-18,2025-07-25,최연희(chldusgmlek),2025년,07월,3주
1278,말라리아매개모기조사감시,강원도보건환경연구원,2025,7,3주,2025-07-19,강원,춘천시 신북읍 지내리,기타,LED1,Aedes vexans,1,7,0,0,0,0,,Y,2025-08-18,2025-07-25,최연희(chldusgmlek),2025년,07월,3주
1279,말라리아매개모기조사감시,강원도보건환경연구원,2025,7,3주,2025-07-19,강원,춘천시 신북읍 지내리,기타,LED1,Anopheles spp.,6,7,0,6,1,0,,Y,2025-08-18,2025-07-25,최연희(chldusgmlek),2025년,07월,3주
1280,말라리아매개모기조사감시,강원도보건환경연구원,2025,7,3주,2025-07-19,강원,춘천시 중앙동,기타,LED1,Culex pipiens,127,7,18,0,0,0,,Y,2025-08-18,2025-07-25,최연희(chldusgmlek),2025년,07월,3주
1281,말라리아매개모기조사감시,강원도보건환경연구원,2025,7,3주,2025-07-19,강원,춘천시 중앙동,기타,LED1,Culex orientalis,1,7,0,0,0,0,,Y,2025-08-18,2025-07-25,최연희(chldusgmlek),2025년,07월,3주
1282,말라리아매개모기조사감시,강원도보건환경연구원,2025,7,3주,2025-07-19,강원,춘천시 중앙동,기타,LED1,Armigeres subalbatus,7,7,1,0,0,0,,Y,2025-08-18,2025-07-25,최연희(chldusgmlek),2025년,07월,3주
1283,말라리아매개모기조사감시,강원도보건환경연구원,2025,7,3주,2025-07-19,강원,춘천시 중앙동,기타,LED1,Aedes vexans,1,7,0,0,0,0,,Y,2025-08-18,2025-07-25,최연희(chldusgmlek),2025년,07월,3주
1284,말라리아매개모기조사감시,강원도보건환경연구원,2025,7,3주,2025-07-19,강원,춘천시 중앙동,기타,LED1,Aedes albopictus,3,7,0,0,0,0,,Y,2025-08-18,2025-07-25,최연희(chldusgmlek),2025년,07월,3주
1285,말라리아매개모기조사감시,강원도보건환경연구원,2025,7,3주,2025-07-19,강원,춘천시 중앙동,기타,LED1,Anopheles spp.,7,7,1,7,1,0,,Y,2025-08-18,2025-07-25,최연희(chldusgmlek),2025년,07월,3주
1286,말라리아매개모기조사감시,강원도보건환경연구원,2025,7,2주,2025-07-12,강원,고성군 현내면 명파리,기타,LED1,Culex pipiens,1,7,0,0,0,0,,Y,2025-07-18,2025-07-18,최연희(chldusgmlek),2025년,07월,2주
1287,말라리아매개모기조사감시,강원도보건환경연구원,2025,7,2주,2025-07-12,강원,고성군 현내면 명파리,기타,LED1,Aedes vexans,22,7,3,0,0,0,,Y,2025-07-18,2025-07-18,최연희(chldusgmlek),2025년,07월,2주
1288,말라리아매개모기조사감시,강원도보건환경연구원,2025,7,2주,2025-07-12,강원,고성군 현내면 명파리,기타,LED1,Ochlerotatus koreicus,18,7,2,0,0,0,,Y,2025-07-18,2025-07-18,최연희(chldusgmlek),2025년,07월,2주
1289,말라리아매개모기조사감시,강원도보건환경연구원,2025,7,2주,2025-07-12,강원,고성군 현내면 명파리,기타,LED1,Anopheles spp.,4,7,0,4,1,0,,Y,2025-07-18,2025-07-18,최연희(chldusgmlek),2025년,07월,2주
1290,말라리아매개모기조사감시,강원도보건환경연구원,2025,7,2주,2025-07-12,강원,인제군 인제읍 덕산리,기타,LED1,Culex pipiens,2,7,0,0,0,0,,Y,2025-07-18,2025-07-18,최연희(chldusgmlek),2025년,07월,2주
1291,말라리아매개모기조사감시,강원도보건환경연구원,2025,7,2주,2025-07-12,강원,인제군 인제읍 덕산리,기타,LED1,Culex bitaeniorhynchus,9,7,1,0,0,0,,Y,2025-07-18,2025-07-18,최연희(chldusgmlek),2025년,07월,2주
1292,말라리아매개모기조사감시,강원도보건환경연구원,2025,7,2주,2025-07-12,강원,인제군 인제읍 덕산리,기타,LED1,Aedes vexans,1,7,0,0,0,0,,Y,2025-07-18,2025-07-18,최연희(chldusgmlek),2025년,07월,2주
1293,말라리아매개모기조사감시,강원도보건환경연구원,2025,7,2주,2025-07-12,강원,인제군 인제읍 덕산리,기타,LED1,Ochlerotatus koreicus,9,7,1,0,0,0,,Y,2025-07-18,2025-07-18,최연희(chldusgmlek),2025년,07월,2주
1294,말라리아매개모기조사감시,강원도보건환경연구원,2025,7,2주,2025-07-12,강원,인제군 인제읍 덕산리,기타,LED1,Anopheles spp.,1,7,0,1,1,0,,Y,2025-07-18,2025-07-18,최연희(chldusgmlek),2025년,07월,2주
1295,말라리아매개모기조사감시,강원도보건환경연구원,2025,7,2주,2025-07-12,강원,양구군 남면 구암리,기타,LED1,Culex pipiens,2,7,0,0,0,0,,Y,2025-07-18,2025-07-18,최연희(chldusgmlek),2025년,07월,2주
1296,말라리아매개모기조사감시,강원도보건환경연구원,2025,7,2주,2025-07-12,강원,양구군 남면 구암리,기타,LED1,Aedes vexans,10,7,1,0,0,0,,Y,2025-07-18,2025-07-18,최연희(chldusgmlek),2025년,07월,2주
1297,말라리아매개모기조사감시,강원도보건환경연구원,2025,7,2주,2025-07-12,강원,양구군 남면 구암리,기타,LED1,Anopheles spp.,51,7,7,51,6,0,,Y,2025-07-18,2025-07-18,최연희(chldusgmlek),2025년,07월,2주
1298,말라리아매개모기조사감시,강원도보건환경연구원,2025,7,2주,2025-07-12,강원,화천군 화천읍 신읍리,기타,LED1,Culex pipiens,6,7,0,0,0,0,,Y,2025-07-18,2025-07-18,최연희(chldusgmlek),2025년,07월,2주
1299,말라리아매개모기조사감시,강원도보건환경연구원,2025,7,2주,2025-07-12,강원,화천군 화천읍 신읍리,기타,LED1,Culex orientalis,6,7,0,0,0,0,,Y,2025-07-18,2025-07-18,최연희(chldusgmlek),2025년,07월,2주
1300,말라리아매개모기조사감시,강원도보건환경연구원,2025,7,2주,2025-07-12,강원,화천군 화천읍 신읍리,기타,LED1,Culex bitaeniorhynchus,1,7,0,0,0,0,,Y,2025-07-18,2025-07-18,최연희(chldusgmlek),2025년,07월,2주
1301,말라리아매개모기조사감시,강원도보건환경연구원,2025,7,2주,2025-07-12,강원,화천군 화천읍 신읍리,기타,LED1,Armigeres subalbatus,3,7,0,0,0,0,,Y,2025-07-18,2025-07-18,최연희(chldusgmlek),2025년,07월,2주
1302,말라리아매개모기조사감시,강원도보건환경연구원,2025,7,2주,2025-07-12,강원,화천군 화천읍 신읍리,기타,LED1,Aedes vexans,103,7,14,0,0,0,,Y,2025-07-18,2025-07-18,최연희(chldusgmlek),2025년,07월,2주
1303,말라리아매개모기조사감시,강원도보건환경연구원,2025,7,2주,2025-07-12,강원,화천군 화천읍 신읍리,기타,LED1,Ochlerotatus koreicus,21,7,3,0,0,0,,Y,2025-07-18,2025-07-18,최연희(chldusgmlek),2025년,07월,2주
1304,말라리아매개모기조사감시,강원도보건환경연구원,2025,7,2주,2025-07-12,강원,화천군 화천읍 신읍리,기타,LED1,Anopheles spp.,56,7,8,56,6,0,,Y,2025-07-18,2025-07-18,최연희(chldusgmlek),2025년,07월,2주
1305,말라리아매개모기조사감시,강원도보건환경연구원,2025,7,2주,2025-07-12,강원,철원군 김화읍 학사리,기타,LED1,Culex pipiens,6,7,0,0,0,0,,Y,2025-07-18,2025-07-18,최연희(chldusgmlek),2025년,07월,2주
1306,말라리아매개모기조사감시,강원도보건환경연구원,2025,7,2주,2025-07-12,강원,철원군 김화읍 학사리,기타,LED1,Culex orientalis,1,7,0,0,0,0,,Y,2025-07-18,2025-07-18,최연희(chldusgmlek),2025년,07월,2주
1307,말라리아매개모기조사감시,강원도보건환경연구원,2025,7,2주,2025-07-12,강원,철원군 김화읍 학사리,기타,LED1,Culex bitaeniorhynchus,1,7,0,0,0,0,,Y,2025-07-18,2025-07-18,최연희(chldusgmlek),2025년,07월,2주
1308,말라리아매개모기조사감시,강원도보건환경연구원,2025,7,2주,2025-07-12,강원,철원군 김화읍 학사리,기타,LED1,Armigeres subalbatus,2,7,0,0,0,0,,Y,2025-07-18,2025-07-18,최연희(chldusgmlek),2025년,07월,2주
1309,말라리아매개모기조사감시,강원도보건환경연구원,2025,7,2주,2025-07-12,강원,철원군 김화읍 학사리,기타,LED1,Ochlerotatus koreicus,80,7,11,0,0,0,,Y,2025-07-18,2025-07-18,최연희(chldusgmlek),2025년,07월,2주
1310,말라리아매개모기조사감시,강원도보건환경연구원,2025,7,2주,2025-07-12,강원,철원군 김화읍 학사리,기타,LED1,Aedes albopictus,2,7,0,0,0,0,,Y,2025-07-18,2025-07-18,최연희(chldusgmlek),2025년,07월,2주
1311,말라리아매개모기조사감시,강원도보건환경연구원,2025,7,2주,2025-07-12,강원,철원군 철원읍 대마리,기타,LED1,Culex pipiens,14,7,2,0,0,0,,Y,2025-07-18,2025-07-18,최연희(chldusgmlek),2025년,07월,2주
1312,말라리아매개모기조사감시,강원도보건환경연구원,2025,7,2주,2025-07-12,강원,철원군 철원읍 대마리,기타,LED1,Culex orientalis,2,7,0,0,0,0,,Y,2025-07-18,2025-07-18,최연희(chldusgmlek),2025년,07월,2주
1313,말라리아매개모기조사감시,강원도보건환경연구원,2025,7,2주,2025-07-12,강원,철원군 철원읍 대마리,기타,LED1,Armigeres subalbatus,1,7,0,0,0,0,,Y,2025-07-18,2025-07-18,최연희(chldusgmlek),2025년,07월,2주
1314,말라리아매개모기조사감시,강원도보건환경연구원,2025,7,2주,2025-07-12,강원,철원군 철원읍 대마리,기타,LED1,Aedes vexans,23,7,3,0,0,0,,Y,2025-07-18,2025-07-18,최연희(chldusgmlek),2025년,07월,2주
1315,말라리아매개모기조사감시,강원도보건환경연구원,2025,7,2주,2025-07-12,강원,철원군 철원읍 대마리,기타,LED1,Ochlerotatus koreicus,6,7,0,0,0,0,,Y,2025-07-18,2025-07-18,최연희(chldusgmlek),2025년,07월,2주
1316,말라리아매개모기조사감시,강원도보건환경연구원,2025,7,2주,2025-07-12,강원,철원군 철원읍 대마리,기타,LED1,Aedes albopictus,1,7,0,0,0,0,,Y,2025-07-18,2025-07-18,최연희(chldusgmlek),2025년,07월,2주
1317,말라리아매개모기조사감시,강원도보건환경연구원,2025,7,2주,2025-07-12,강원,철원군 철원읍 대마리,기타,LED1,Anopheles spp.,7,7,1,7,1,0,,Y,2025-07-18,2025-07-18,최연희(chldusgmlek),2025년,07월,2주
1318,말라리아매개모기조사감시,강원도보건환경연구원,2025,7,2주,2025-07-12,강원,춘천시 신북읍 지내리,기타,LED1,Culex pipiens,1,7,0,0,0,0,,Y,2025-07-18,2025-07-18,최연희(chldusgmlek),2025년,07월,2주
1319,말라리아매개모기조사감시,강원도보건환경연구원,2025,7,2주,2025-07-12,강원,춘천시 신북읍 지내리,기타,LED1,Culex orientalis,1,7,0,0,0,0,,Y,2025-07-18,2025-07-18,최연희(chldusgmlek),2025년,07월,2주
1320,말라리아매개모기조사감시,강원도보건환경연구원,2025,7,2주,2025-07-12,강원,춘천시 신북읍 지내리,기타,LED1,Culex bitaeniorhynchus,1,7,0,0,0,0,,Y,2025-07-18,2025-07-18,최연희(chldusgmlek),2025년,07월,2주
1321,말라리아매개모기조사감시,강원도보건환경연구원,2025,7,2주,2025-07-12,강원,춘천시 신북읍 지내리,기타,LED1,Aedes vexans,2,7,0,0,0,0,,Y,2025-07-18,2025-07-18,최연희(chldusgmlek),2025년,07월,2주
1322,말라리아매개모기조사감시,강원도보건환경연구원,2025,7,2주,2025-07-12,강원,춘천시 신북읍 지내리,기타,LED1,Ochlerotatus koreicus,1,7,0,0,0,0,,Y,2025-07-18,2025-07-18,최연희(chldusgmlek),2025년,07월,2주
1323,말라리아매개모기조사감시,강원도보건환경연구원,2025,7,2주,2025-07-12,강원,춘천시 신북읍 지내리,기타,LED1,Anopheles spp.,5,7,0,5,1,0,,Y,2025-07-18,2025-07-18,최연희(chldusgmlek),2025년,07월,2주
1324,말라리아매개모기조사감시,강원도보건환경연구원,2025,7,2주,2025-07-12,강원,춘천시 중앙동,기타,LED1,Culex pipiens,146,7,20,0,0,0,,Y,2025-07-18,2025-07-18,최연희(chldusgmlek),2025년,07월,2주
1325,말라리아매개모기조사감시,강원도보건환경연구원,2025,7,2주,2025-07-12,강원,춘천시 중앙동,기타,LED1,Culex orientalis,5,7,0,0,0,0,,Y,2025-07-18,2025-07-18,최연희(chldusgmlek),2025년,07월,2주
1326,말라리아매개모기조사감시,강원도보건환경연구원,2025,7,2주,2025-07-12,강원,춘천시 중앙동,기타,LED1,Armigeres subalbatus,4,7,0,0,0,0,,Y,2025-07-18,2025-07-18,최연희(chldusgmlek),2025년,07월,2주
1327,말라리아매개모기조사감시,강원도보건환경연구원,2025,7,2주,2025-07-12,강원,춘천시 중앙동,기타,LED1,Ochlerotatus koreicus,13,7,1,0,0,0,,Y,2025-07-18,2025-07-18,최연희(chldusgmlek),2025년,07월,2주
1328,말라리아매개모기조사감시,강원도보건환경연구원,2025,7,2주,2025-07-12,강원,춘천시 중앙동,기타,LED1,Aedes albopictus,12,7,1,0,0,0,,Y,2025-07-18,2025-07-18,최연희(chldusgmlek),2025년,07월,2주
1329,말라리아매개모기조사감시,강원도보건환경연구원,2025,7,2주,2025-07-12,강원,춘천시 중앙동,기타,LED1,Anopheles spp.,1,7,0,1,1,0,,Y,2025-07-18,2025-07-18,최연희(chldusgmlek),2025년,07월,2주
1330,말라리아매개모기조사감시,강원도보건환경연구원,2025,7,1주,2025-07-05,강원,고성군 현내면 명파리,기타,LED1,Culex orientalis,1,7,0,0,0,0,,Y,2025-07-18,2025-07-11,최연희(chldusgmlek),2025년,07월,1주
1331,말라리아매개모기조사감시,강원도보건환경연구원,2025,7,1주,2025-07-05,강원,고성군 현내면 명파리,기타,LED1,Aedes vexans,26,7,3,0,0,0,,Y,2025-07-18,2025-07-11,최연희(chldusgmlek),2025년,07월,1주
1332,말라리아매개모기조사감시,강원도보건환경연구원,2025,7,1주,2025-07-05,강원,고성군 현내면 명파리,기타,LED1,Ochlerotatus koreicus,16,7,2,0,0,0,,Y,2025-07-18,2025-07-11,최연희(chldusgmlek),2025년,07월,1주
1333,말라리아매개모기조사감시,강원도보건환경연구원,2025,7,1주,2025-07-05,강원,고성군 현내면 명파리,기타,LED1,Anopheles spp.,2,7,0,2,1,0,,Y,2025-07-18,2025-07-11,최연희(chldusgmlek),2025년,07월,1주
1334,말라리아매개모기조사감시,강원도보건환경연구원,2025,7,1주,2025-07-05,강원,인제군 인제읍 덕산리,기타,LED1,Armigeres subalbatus,1,7,0,0,0,0,,Y,2025-07-18,2025-07-11,최연희(chldusgmlek),2025년,07월,1주
1335,말라리아매개모기조사감시,강원도보건환경연구원,2025,7,1주,2025-07-05,강원,양구군 남면 구암리,기타,LED1,Culex pipiens,4,7,0,0,0,0,,Y,2025-07-18,2025-07-11,최연희(chldusgmlek),2025년,07월,1주
1336,말라리아매개모기조사감시,강원도보건환경연구원,2025,7,1주,2025-07-05,강원,양구군 남면 구암리,기타,LED1,Culex orientalis,6,7,0,0,0,0,,Y,2025-07-18,2025-07-11,최연희(chldusgmlek),2025년,07월,1주
1337,말라리아매개모기조사감시,강원도보건환경연구원,2025,7,1주,2025-07-05,강원,양구군 남면 구암리,기타,LED1,Culex bitaeniorhynchus,1,7,0,0,0,0,,Y,2025-07-18,2025-07-11,최연희(chldusgmlek),2025년,07월,1주
1338,말라리아매개모기조사감시,강원도보건환경연구원,2025,7,1주,2025-07-05,강원,양구군 남면 구암리,기타,LED1,Aedes vexans,61,7,8,0,0,0,,Y,2025-07-18,2025-07-11,최연희(chldusgmlek),2025년,07월,1주
1339,말라리아매개모기조사감시,강원도보건환경연구원,2025,7,1주,2025-07-05,강원,양구군 남면 구암리,기타,LED1,Ochlerotatus koreicus,5,7,0,0,0,0,,Y,2025-07-18,2025-07-11,최연희(chldusgmlek),2025년,07월,1주
1340,말라리아매개모기조사감시,강원도보건환경연구원,2025,7,1주,2025-07-05,강원,양구군 남면 구암리,기타,LED1,Anopheles spp.,77,7,11,77,8,0,,Y,2025-07-18,2025-07-11,최연희(chldusgmlek),2025년,07월,1주
1341,말라리아매개모기조사감시,강원도보건환경연구원,2025,7,1주,2025-07-05,강원,화천군 화천읍 신읍리,기타,LED1,Culex pipiens,3,7,0,0,0,0,,Y,2025-07-18,2025-07-11,최연희(chldusgmlek),2025년,07월,1주
1342,말라리아매개모기조사감시,강원도보건환경연구원,2025,7,1주,2025-07-05,강원,화천군 화천읍 신읍리,기타,LED1,Culex orientalis,2,7,0,0,0,0,,Y,2025-07-18,2025-07-11,최연희(chldusgmlek),2025년,07월,1주
1343,말라리아매개모기조사감시,강원도보건환경연구원,2025,7,1주,2025-07-05,강원,화천군 화천읍 신읍리,기타,LED1,Aedes vexans,21,7,3,0,0,0,,Y,2025-07-18,2025-07-11,최연희(chldusgmlek),2025년,07월,1주
1344,말라리아매개모기조사감시,강원도보건환경연구원,2025,7,1주,2025-07-05,강원,화천군 화천읍 신읍리,기타,LED1,Ochlerotatus koreicus,1,7,0,0,0,0,,Y,2025-07-18,2025-07-11,최연희(chldusgmlek),2025년,07월,1주
1345,말라리아매개모기조사감시,강원도보건환경연구원,2025,7,1주,2025-07-05,강원,화천군 화천읍 신읍리,기타,LED1,Anopheles spp.,13,7,1,13,2,0,,Y,2025-07-18,2025-07-11,최연희(chldusgmlek),2025년,07월,1주
1346,말라리아매개모기조사감시,강원도보건환경연구원,2025,7,1주,2025-07-05,강원,철원군 김화읍 학사리,기타,LED1,Culex pipiens,1,7,0,0,0,0,,Y,2025-07-18,2025-07-11,최연희(chldusgmlek),2025년,07월,1주
1347,말라리아매개모기조사감시,강원도보건환경연구원,2025,7,1주,2025-07-05,강원,철원군 김화읍 학사리,기타,LED1,Culex orientalis,1,7,0,0,0,0,,Y,2025-07-18,2025-07-11,최연희(chldusgmlek),2025년,07월,1주
1348,말라리아매개모기조사감시,강원도보건환경연구원,2025,7,1주,2025-07-05,강원,철원군 김화읍 학사리,기타,LED1,Aedes vexans,1,7,0,0,0,0,,Y,2025-07-18,2025-07-11,최연희(chldusgmlek),2025년,07월,1주
1349,말라리아매개모기조사감시,강원도보건환경연구원,2025,7,1주,2025-07-05,강원,철원군 김화읍 학사리,기타,LED1,Ochlerotatus koreicus,87,7,12,0,0,0,,Y,2025-07-18,2025-07-11,최연희(chldusgmlek),2025년,07월,1주
1350,말라리아매개모기조사감시,강원도보건환경연구원,2025,7,1주,2025-07-05,강원,철원군 김화읍 학사리,기타,LED1,Aedes albopictus,4,7,0,0,0,0,,Y,2025-07-18,2025-07-11,최연희(chldusgmlek),2025년,07월,1주
1351,말라리아매개모기조사감시,강원도보건환경연구원,2025,7,1주,2025-07-05,강원,철원군 철원읍 대마리,기타,LED1,Culex pipiens,25,7,3,0,0,0,,Y,2025-07-18,2025-07-11,최연희(chldusgmlek),2025년,07월,1주
1352,말라리아매개모기조사감시,강원도보건환경연구원,2025,7,1주,2025-07-05,강원,철원군 철원읍 대마리,기타,LED1,Culex orientalis,5,7,0,0,0,0,,Y,2025-07-18,2025-07-11,최연희(chldusgmlek),2025년,07월,1주
1353,말라리아매개모기조사감시,강원도보건환경연구원,2025,7,1주,2025-07-05,강원,철원군 철원읍 대마리,기타,LED1,Culex bitaeniorhynchus,5,7,0,0,0,0,,Y,2025-07-18,2025-07-11,최연희(chldusgmlek),2025년,07월,1주
1354,말라리아매개모기조사감시,강원도보건환경연구원,2025,7,1주,2025-07-05,강원,철원군 철원읍 대마리,기타,LED1,Aedes vexans,10,7,1,0,0,0,,Y,2025-07-18,2025-07-11,최연희(chldusgmlek),2025년,07월,1주
1355,말라리아매개모기조사감시,강원도보건환경연구원,2025,7,1주,2025-07-05,강원,철원군 철원읍 대마리,기타,LED1,Ochlerotatus koreicus,12,7,1,0,0,0,,Y,2025-07-18,2025-07-11,최연희(chldusgmlek),2025년,07월,1주
1356,말라리아매개모기조사감시,강원도보건환경연구원,2025,7,1주,2025-07-05,강원,철원군 철원읍 대마리,기타,LED1,Aedes albopictus,1,7,0,0,0,0,,Y,2025-07-18,2025-07-11,최연희(chldusgmlek),2025년,07월,1주
1357,말라리아매개모기조사감시,강원도보건환경연구원,2025,7,1주,2025-07-05,강원,철원군 철원읍 대마리,기타,LED1,Anopheles spp.,8,7,1,8,1,0,,Y,2025-07-18,2025-07-11,최연희(chldusgmlek),2025년,07월,1주
1358,말라리아매개모기조사감시,강원도보건환경연구원,2025,7,1주,2025-07-05,강원,춘천시 신북읍 지내리,기타,LED1,Culex tritaeniorhynchus,1,7,0,0,0,0,,Y,2025-07-18,2025-07-11,최연희(chldusgmlek),2025년,07월,1주
1359,말라리아매개모기조사감시,강원도보건환경연구원,2025,7,1주,2025-07-05,강원,춘천시 신북읍 지내리,기타,LED1,Culex orientalis,1,7,0,0,0,0,,Y,2025-07-18,2025-07-11,최연희(chldusgmlek),2025년,07월,1주
1360,말라리아매개모기조사감시,강원도보건환경연구원,2025,7,1주,2025-07-05,강원,춘천시 신북읍 지내리,기타,LED1,Culex bitaeniorhynchus,1,7,0,0,0,0,,Y,2025-07-18,2025-07-11,최연희(chldusgmlek),2025년,07월,1주
1361,말라리아매개모기조사감시,강원도보건환경연구원,2025,7,1주,2025-07-05,강원,춘천시 신북읍 지내리,기타,LED1,Armigeres subalbatus,1,7,0,0,0,0,,Y,2025-07-18,2025-07-11,최연희(chldusgmlek),2025년,07월,1주
1362,말라리아매개모기조사감시,강원도보건환경연구원,2025,7,1주,2025-07-05,강원,춘천시 신북읍 지내리,기타,LED1,Aedes vexans,8,7,1,0,0,0,,Y,2025-07-18,2025-07-11,최연희(chldusgmlek),2025년,07월,1주
1363,말라리아매개모기조사감시,강원도보건환경연구원,2025,7,1주,2025-07-05,강원,춘천시 신북읍 지내리,기타,LED1,Ochlerotatus koreicus,2,7,0,0,0,0,,Y,2025-07-18,2025-07-11,최연희(chldusgmlek),2025년,07월,1주
1364,말라리아매개모기조사감시,강원도보건환경연구원,2025,7,1주,2025-07-05,강원,춘천시 신북읍 지내리,기타,LED1,Anopheles spp.,7,7,1,7,1,0,,Y,2025-07-18,2025-07-11,최연희(chldusgmlek),2025년,07월,1주
1365,말라리아매개모기조사감시,강원도보건환경연구원,2025,7,1주,2025-07-05,강원,춘천시 중앙동,기타,LED1,Culex pipiens,74,7,10,0,0,0,,Y,2025-07-18,2025-07-11,최연희(chldusgmlek),2025년,07월,1주
1366,말라리아매개모기조사감시,강원도보건환경연구원,2025,7,1주,2025-07-05,강원,춘천시 중앙동,기타,LED1,Armigeres subalbatus,3,7,0,0,0,0,,Y,2025-07-18,2025-07-11,최연희(chldusgmlek),2025년,07월,1주
1367,말라리아매개모기조사감시,강원도보건환경연구원,2025,7,1주,2025-07-05,강원,춘천시 중앙동,기타,LED1,Aedes vexans,4,7,0,0,0,0,,Y,2025-07-18,2025-07-11,최연희(chldusgmlek),2025년,07월,1주
1368,말라리아매개모기조사감시,강원도보건환경연구원,2025,7,1주,2025-07-05,강원,춘천시 중앙동,기타,LED1,Ochlerotatus koreicus,9,7,1,0,0,0,,Y,2025-07-18,2025-07-11,최연희(chldusgmlek),2025년,07월,1주
1369,말라리아매개모기조사감시,강원도보건환경연구원,2025,7,1주,2025-07-05,강원,춘천시 중앙동,기타,LED1,Aedes albopictus,17,7,2,0,0,0,,Y,2025-07-18,2025-07-11,최연희(chldusgmlek),2025년,07월,1주
1370,말라리아매개모기조사감시,강원도보건환경연구원,2025,7,1주,2025-07-05,강원,춘천시 중앙동,기타,LED1,Anopheles spp.,5,7,0,5,1,0,,Y,2025-07-18,2025-07-11,최연희(chldusgmlek),2025년,07월,1주
1371,말라리아매개모기조사감시,강원도보건환경연구원,2025,6,4주,2025-06-28,강원,고성군 현내면 명파리,기타,LED1,Culex bitaeniorhynchus,1,7,0,0,0,0,,Y,2025-07-04,2025-07-04,최연희(chldusgmlek),2025년,06월,4주
1372,말라리아매개모기조사감시,강원도보건환경연구원,2025,6,4주,2025-06-28,강원,고성군 현내면 명파리,기타,LED1,Aedes vexans,7,7,1,0,0,0,,Y,2025-07-04,2025-07-04,최연희(chldusgmlek),2025년,06월,4주
1373,말라리아매개모기조사감시,강원도보건환경연구원,2025,6,4주,2025-06-28,강원,고성군 현내면 명파리,기타,LED1,Ochlerotatus togoi,1,7,0,0,0,0,,Y,2025-07-04,2025-07-04,최연희(chldusgmlek),2025년,06월,4주
1374,말라리아매개모기조사감시,강원도보건환경연구원,2025,6,4주,2025-06-28,강원,고성군 현내면 명파리,기타,LED1,Ochlerotatus koreicus,6,7,0,0,0,0,,Y,2025-07-04,2025-07-04,최연희(chldusgmlek),2025년,06월,4주
1375,말라리아매개모기조사감시,강원도보건환경연구원,2025,6,4주,2025-06-28,강원,고성군 현내면 명파리,기타,LED1,Anopheles spp.,1,7,0,1,1,0,,Y,2025-07-04,2025-07-04,최연희(chldusgmlek),2025년,06월,4주
1376,말라리아매개모기조사감시,강원도보건환경연구원,2025,6,4주,2025-06-28,강원,인제군 인제읍 덕산리,기타,LED1,Aedes vexans,2,7,0,0,0,0,,Y,2025-07-04,2025-07-04,최연희(chldusgmlek),2025년,06월,4주
1377,말라리아매개모기조사감시,강원도보건환경연구원,2025,6,4주,2025-06-28,강원,인제군 인제읍 덕산리,기타,LED1,Ochlerotatus koreicus,2,7,0,0,0,0,,Y,2025-07-04,2025-07-04,최연희(chldusgmlek),2025년,06월,4주
1378,말라리아매개모기조사감시,강원도보건환경연구원,2025,6,4주,2025-06-28,강원,양구군 남면 구암리,기타,LED1,Culex pipiens,4,7,0,0,0,0,,Y,2025-07-04,2025-07-04,최연희(chldusgmlek),2025년,06월,4주
1379,말라리아매개모기조사감시,강원도보건환경연구원,2025,6,4주,2025-06-28,강원,양구군 남면 구암리,기타,LED1,Culex orientalis,1,7,0,0,0,0,,Y,2025-07-04,2025-07-04,최연희(chldusgmlek),2025년,06월,4주
1380,말라리아매개모기조사감시,강원도보건환경연구원,2025,6,4주,2025-06-28,강원,양구군 남면 구암리,기타,LED1,Armigeres subalbatus,1,7,0,0,0,0,,Y,2025-07-04,2025-07-04,최연희(chldusgmlek),2025년,06월,4주
1381,말라리아매개모기조사감시,강원도보건환경연구원,2025,6,4주,2025-06-28,강원,양구군 남면 구암리,기타,LED1,Aedes vexans,21,7,3,0,0,0,,Y,2025-07-04,2025-07-04,최연희(chldusgmlek),2025년,06월,4주
1382,말라리아매개모기조사감시,강원도보건환경연구원,2025,6,4주,2025-06-28,강원,양구군 남면 구암리,기타,LED1,Ochlerotatus koreicus,3,7,0,0,0,0,,Y,2025-07-04,2025-07-04,최연희(chldusgmlek),2025년,06월,4주
1383,말라리아매개모기조사감시,강원도보건환경연구원,2025,6,4주,2025-06-28,강원,양구군 남면 구암리,기타,LED1,Anopheles spp.,39,7,5,39,4,0,,Y,2025-07-04,2025-07-04,최연희(chldusgmlek),2025년,06월,4주
1384,말라리아매개모기조사감시,강원도보건환경연구원,2025,6,4주,2025-06-28,강원,화천군 화천읍 신읍리,기타,LED1,Culex pipiens,2,7,0,0,0,0,,Y,2025-07-04,2025-07-04,최연희(chldusgmlek),2025년,06월,4주
1385,말라리아매개모기조사감시,강원도보건환경연구원,2025,6,4주,2025-06-28,강원,화천군 화천읍 신읍리,기타,LED1,Aedes vexans,38,7,5,0,0,0,,Y,2025-07-04,2025-07-04,최연희(chldusgmlek),2025년,06월,4주
1386,말라리아매개모기조사감시,강원도보건환경연구원,2025,6,4주,2025-06-28,강원,화천군 화천읍 신읍리,기타,LED1,Ochlerotatus koreicus,6,7,0,0,0,0,,Y,2025-07-04,2025-07-04,최연희(chldusgmlek),2025년,06월,4주
1387,말라리아매개모기조사감시,강원도보건환경연구원,2025,6,4주,2025-06-28,강원,화천군 화천읍 신읍리,기타,LED1,Anopheles spp.,15,7,2,15,2,0,,Y,2025-07-04,2025-07-04,최연희(chldusgmlek),2025년,06월,4주
1388,말라리아매개모기조사감시,강원도보건환경연구원,2025,6,4주,2025-06-28,강원,철원군 김화읍 학사리,기타,LED1,Culex tritaeniorhynchus,1,7,0,0,0,0,,Y,2025-07-04,2025-07-04,최연희(chldusgmlek),2025년,06월,4주
1389,말라리아매개모기조사감시,강원도보건환경연구원,2025,6,4주,2025-06-28,강원,철원군 김화읍 학사리,기타,LED1,Culex orientalis,2,7,0,0,0,0,,Y,2025-07-04,2025-07-04,최연희(chldusgmlek),2025년,06월,4주
1390,말라리아매개모기조사감시,강원도보건환경연구원,2025,6,4주,2025-06-28,강원,철원군 김화읍 학사리,기타,LED1,Culex bitaeniorhynchus,3,7,0,0,0,0,,Y,2025-07-04,2025-07-04,최연희(chldusgmlek),2025년,06월,4주
1391,말라리아매개모기조사감시,강원도보건환경연구원,2025,6,4주,2025-06-28,강원,철원군 김화읍 학사리,기타,LED1,Ochlerotatus koreicus,42,7,6,0,0,0,,Y,2025-07-04,2025-07-04,최연희(chldusgmlek),2025년,06월,4주
1392,말라리아매개모기조사감시,강원도보건환경연구원,2025,6,4주,2025-06-28,강원,철원군 김화읍 학사리,기타,LED1,Aedes albopictus,2,7,0,0,0,0,,Y,2025-07-04,2025-07-04,최연희(chldusgmlek),2025년,06월,4주
1393,말라리아매개모기조사감시,강원도보건환경연구원,2025,6,4주,2025-06-28,강원,철원군 철원읍 대마리,기타,LED1,Culex pipiens,15,7,2,0,0,0,,Y,2025-07-04,2025-07-04,최연희(chldusgmlek),2025년,06월,4주
1394,말라리아매개모기조사감시,강원도보건환경연구원,2025,6,4주,2025-06-28,강원,철원군 철원읍 대마리,기타,LED1,Culex orientalis,3,7,0,0,0,0,,Y,2025-07-04,2025-07-04,최연희(chldusgmlek),2025년,06월,4주
1395,말라리아매개모기조사감시,강원도보건환경연구원,2025,6,4주,2025-06-28,강원,철원군 철원읍 대마리,기타,LED1,Culex bitaeniorhynchus,2,7,0,0,0,0,,Y,2025-07-04,2025-07-04,최연희(chldusgmlek),2025년,06월,4주
1396,말라리아매개모기조사감시,강원도보건환경연구원,2025,6,4주,2025-06-28,강원,철원군 철원읍 대마리,기타,LED1,Aedes vexans,25,7,3,0,0,0,,Y,2025-07-04,2025-07-04,최연희(chldusgmlek),2025년,06월,4주
1397,말라리아매개모기조사감시,강원도보건환경연구원,2025,6,4주,2025-06-28,강원,철원군 철원읍 대마리,기타,LED1,Ochlerotatus koreicus,3,7,0,0,0,0,,Y,2025-07-04,2025-07-04,최연희(chldusgmlek),2025년,06월,4주
1398,말라리아매개모기조사감시,강원도보건환경연구원,2025,6,4주,2025-06-28,강원,춘천시 신북읍 지내리,기타,LED1,Culex pipiens,1,7,0,0,0,0,,Y,2025-07-04,2025-07-04,최연희(chldusgmlek),2025년,06월,4주
1399,말라리아매개모기조사감시,강원도보건환경연구원,2025,6,4주,2025-06-28,강원,춘천시 신북읍 지내리,기타,LED1,Culex orientalis,1,7,0,0,0,0,,Y,2025-07-04,2025-07-04,최연희(chldusgmlek),2025년,06월,4주
1400,말라리아매개모기조사감시,강원도보건환경연구원,2025,6,4주,2025-06-28,강원,춘천시 신북읍 지내리,기타,LED1,Aedes vexans,3,7,0,0,0,0,,Y,2025-07-04,2025-07-04,최연희(chldusgmlek),2025년,06월,4주
1401,말라리아매개모기조사감시,강원도보건환경연구원,2025,6,4주,2025-06-28,강원,춘천시 신북읍 지내리,기타,LED1,Ochlerotatus koreicus,3,7,0,0,0,0,,Y,2025-07-04,2025-07-04,최연희(chldusgmlek),2025년,06월,4주
1402,말라리아매개모기조사감시,강원도보건환경연구원,2025,6,4주,2025-06-28,강원,춘천시 신북읍 지내리,기타,LED1,Anopheles spp.,3,7,0,3,1,0,,Y,2025-07-04,2025-07-04,최연희(chldusgmlek),2025년,06월,4주
1403,말라리아매개모기조사감시,강원도보건환경연구원,2025,6,4주,2025-06-28,강원,춘천시 중앙동,기타,LED1,Culex pipiens,86,7,12,0,0,0,,Y,2025-07-04,2025-07-04,최연희(chldusgmlek),2025년,06월,4주
1404,말라리아매개모기조사감시,강원도보건환경연구원,2025,6,4주,2025-06-28,강원,춘천시 중앙동,기타,LED1,Culex orientalis,1,7,0,0,0,0,,Y,2025-07-04,2025-07-04,최연희(chldusgmlek),2025년,06월,4주
1405,말라리아매개모기조사감시,강원도보건환경연구원,2025,6,4주,2025-06-28,강원,춘천시 중앙동,기타,LED1,Armigeres subalbatus,1,7,0,0,0,0,,Y,2025-07-04,2025-07-04,최연희(chldusgmlek),2025년,06월,4주
1406,말라리아매개모기조사감시,강원도보건환경연구원,2025,6,4주,2025-06-28,강원,춘천시 중앙동,기타,LED1,Aedes vexans,4,7,0,0,0,0,,Y,2025-07-04,2025-07-04,최연희(chldusgmlek),2025년,06월,4주
1407,말라리아매개모기조사감시,강원도보건환경연구원,2025,6,4주,2025-06-28,강원,춘천시 중앙동,기타,LED1,Ochlerotatus koreicus,5,7,0,0,0,0,,Y,2025-07-04,2025-07-04,최연희(chldusgmlek),2025년,06월,4주
1408,말라리아매개모기조사감시,강원도보건환경연구원,2025,6,4주,2025-06-28,강원,춘천시 중앙동,기타,LED1,Aedes albopictus,4,7,0,0,0,0,,Y,2025-07-04,2025-07-04,최연희(chldusgmlek),2025년,06월,4주
1409,말라리아매개모기조사감시,강원도보건환경연구원,2025,6,4주,2025-06-28,강원,춘천시 중앙동,기타,LED1,Anopheles spp.,3,7,0,3,1,0,,Y,2025-07-04,2025-07-04,최연희(chldusgmlek),2025년,06월,4주
1410,말라리아매개모기조사감시,강원도보건환경연구원,2025,6,3주,2025-06-21,강원,고성군 현내면 명파리,기타,LED1,Culex bitaeniorhynchus,1,7,0,0,0,0,,Y,2025-07-02,2025-06-27,최연희(chldusgmlek),2025년,06월,3주
1411,말라리아매개모기조사감시,강원도보건환경연구원,2025,6,3주,2025-06-21,강원,고성군 현내면 명파리,기타,LED1,Aedes vexans,11,7,1,0,0,0,,Y,2025-07-02,2025-06-27,최연희(chldusgmlek),2025년,06월,3주
1412,말라리아매개모기조사감시,강원도보건환경연구원,2025,6,3주,2025-06-21,강원,고성군 현내면 명파리,기타,LED1,Ochlerotatus togoi,1,7,0,0,0,0,,Y,2025-07-02,2025-06-27,최연희(chldusgmlek),2025년,06월,3주
1413,말라리아매개모기조사감시,강원도보건환경연구원,2025,6,3주,2025-06-21,강원,고성군 현내면 명파리,기타,LED1,Anopheles spp.,1,7,0,1,1,0,,Y,2025-07-02,2025-06-27,최연희(chldusgmlek),2025년,06월,3주
1414,말라리아매개모기조사감시,강원도보건환경연구원,2025,6,3주,2025-06-21,강원,화천군 화천읍 신읍리,기타,LED1,Culex pipiens,1,7,0,0,0,0,,Y,2025-07-02,2025-06-27,최연희(chldusgmlek),2025년,06월,3주
1415,말라리아매개모기조사감시,강원도보건환경연구원,2025,6,3주,2025-06-21,강원,화천군 화천읍 신읍리,기타,LED1,Aedes vexans,41,7,5,0,0,0,,Y,2025-07-02,2025-06-27,최연희(chldusgmlek),2025년,06월,3주
1416,말라리아매개모기조사감시,강원도보건환경연구원,2025,6,3주,2025-06-21,강원,화천군 화천읍 신읍리,기타,LED1,Ochlerotatus koreicus,9,7,1,0,0,0,,Y,2025-07-02,2025-06-27,최연희(chldusgmlek),2025년,06월,3주
1417,말라리아매개모기조사감시,강원도보건환경연구원,2025,6,3주,2025-06-21,강원,화천군 화천읍 신읍리,기타,LED1,Anopheles spp.,8,7,1,8,1,0,,Y,2025-07-02,2025-06-27,최연희(chldusgmlek),2025년,06월,3주
1418,말라리아매개모기조사감시,강원도보건환경연구원,2025,6,3주,2025-06-21,강원,양구군 남면 구암리,기타,LED1,Culex pipiens,1,7,0,0,0,0,,Y,2025-07-02,2025-06-27,최연희(chldusgmlek),2025년,06월,3주
1419,말라리아매개모기조사감시,강원도보건환경연구원,2025,6,3주,2025-06-21,강원,양구군 남면 구암리,기타,LED1,Culex orientalis,1,7,0,0,0,0,,Y,2025-07-02,2025-06-27,최연희(chldusgmlek),2025년,06월,3주
1420,말라리아매개모기조사감시,강원도보건환경연구원,2025,6,3주,2025-06-21,강원,양구군 남면 구암리,기타,LED1,Culex bitaeniorhynchus,1,7,0,0,0,0,,Y,2025-07-02,2025-06-27,최연희(chldusgmlek),2025년,06월,3주
1421,말라리아매개모기조사감시,강원도보건환경연구원,2025,6,3주,2025-06-21,강원,양구군 남면 구암리,기타,LED1,Aedes vexans,13,7,1,0,0,0,,Y,2025-07-02,2025-06-27,최연희(chldusgmlek),2025년,06월,3주
1422,말라리아매개모기조사감시,강원도보건환경연구원,2025,6,3주,2025-06-21,강원,양구군 남면 구암리,기타,LED1,Ochlerotatus koreicus,5,7,0,0,0,0,,Y,2025-07-02,2025-06-27,최연희(chldusgmlek),2025년,06월,3주
1423,말라리아매개모기조사감시,강원도보건환경연구원,2025,6,3주,2025-06-21,강원,양구군 남면 구암리,기타,LED1,Anopheles spp.,14,7,2,14,2,0,,Y,2025-07-02,2025-06-27,최연희(chldusgmlek),2025년,06월,3주
1424,말라리아매개모기조사감시,강원도보건환경연구원,2025,6,3주,2025-06-21,강원,인제군 인제읍 덕산리,기타,LED1,Culex pipiens,2,7,0,0,0,0,,Y,2025-07-02,2025-06-27,최연희(chldusgmlek),2025년,06월,3주
1425,말라리아매개모기조사감시,강원도보건환경연구원,2025,6,3주,2025-06-21,강원,인제군 인제읍 덕산리,기타,LED1,Culex orientalis,2,7,0,0,0,0,,Y,2025-07-02,2025-06-27,최연희(chldusgmlek),2025년,06월,3주
1426,말라리아매개모기조사감시,강원도보건환경연구원,2025,6,3주,2025-06-21,강원,인제군 인제읍 덕산리,기타,LED1,Culex bitaeniorhynchus,2,7,0,0,0,0,,Y,2025-07-02,2025-06-27,최연희(chldusgmlek),2025년,06월,3주
1427,말라리아매개모기조사감시,강원도보건환경연구원,2025,6,3주,2025-06-21,강원,인제군 인제읍 덕산리,기타,LED1,Armigeres subalbatus,1,7,0,0,0,0,,Y,2025-07-02,2025-06-27,최연희(chldusgmlek),2025년,06월,3주
1428,말라리아매개모기조사감시,강원도보건환경연구원,2025,6,3주,2025-06-21,강원,인제군 인제읍 덕산리,기타,LED1,Aedes vexans,1,7,0,0,0,0,,Y,2025-07-02,2025-06-27,최연희(chldusgmlek),2025년,06월,3주
1429,말라리아매개모기조사감시,강원도보건환경연구원,2025,6,3주,2025-06-21,강원,인제군 인제읍 덕산리,기타,LED1,Anopheles spp.,1,7,0,1,1,0,,Y,2025-07-02,2025-06-27,최연희(chldusgmlek),2025년,06월,3주
1430,말라리아매개모기조사감시,강원도보건환경연구원,2025,6,3주,2025-06-21,강원,춘천시 신북읍 지내리,기타,LED1,Culex pipiens,3,7,0,0,0,0,,Y,2025-07-02,2025-06-27,최연희(chldusgmlek),2025년,06월,3주
1431,말라리아매개모기조사감시,강원도보건환경연구원,2025,6,3주,2025-06-21,강원,춘천시 신북읍 지내리,기타,LED1,Culex orientalis,1,7,0,0,0,0,,Y,2025-07-02,2025-06-27,최연희(chldusgmlek),2025년,06월,3주
1432,말라리아매개모기조사감시,강원도보건환경연구원,2025,6,3주,2025-06-21,강원,춘천시 신북읍 지내리,기타,LED1,Aedes vexans,1,7,0,0,0,0,,Y,2025-07-02,2025-06-27,최연희(chldusgmlek),2025년,06월,3주
1433,말라리아매개모기조사감시,강원도보건환경연구원,2025,6,3주,2025-06-21,강원,춘천시 신북읍 지내리,기타,LED1,Ochlerotatus koreicus,1,7,0,0,0,0,,Y,2025-07-02,2025-06-27,최연희(chldusgmlek),2025년,06월,3주
1434,말라리아매개모기조사감시,강원도보건환경연구원,2025,6,3주,2025-06-21,강원,춘천시 신북읍 지내리,기타,LED1,Anopheles spp.,7,7,1,7,1,0,,Y,2025-07-02,2025-06-27,최연희(chldusgmlek),2025년,06월,3주
1435,말라리아매개모기조사감시,강원도보건환경연구원,2025,6,3주,2025-06-21,강원,춘천시 중앙동,기타,LED1,Culex pipiens,83,7,11,0,0,0,,Y,2025-07-02,2025-06-27,최연희(chldusgmlek),2025년,06월,3주
1436,말라리아매개모기조사감시,강원도보건환경연구원,2025,6,3주,2025-06-21,강원,춘천시 중앙동,기타,LED1,Culex orientalis,1,7,0,0,0,0,,Y,2025-07-02,2025-06-27,최연희(chldusgmlek),2025년,06월,3주
1437,말라리아매개모기조사감시,강원도보건환경연구원,2025,6,3주,2025-06-21,강원,춘천시 중앙동,기타,LED1,Armigeres subalbatus,1,7,0,0,0,0,,Y,2025-07-02,2025-06-27,최연희(chldusgmlek),2025년,06월,3주
1438,말라리아매개모기조사감시,강원도보건환경연구원,2025,6,3주,2025-06-21,강원,춘천시 중앙동,기타,LED1,Aedes vexans,3,7,0,0,0,0,,Y,2025-07-02,2025-06-27,최연희(chldusgmlek),2025년,06월,3주
1439,말라리아매개모기조사감시,강원도보건환경연구원,2025,6,3주,2025-06-21,강원,춘천시 중앙동,기타,LED1,Ochlerotatus koreicus,3,7,0,0,0,0,,Y,2025-07-02,2025-06-27,최연희(chldusgmlek),2025년,06월,3주
1440,말라리아매개모기조사감시,강원도보건환경연구원,2025,6,3주,2025-06-21,강원,춘천시 중앙동,기타,LED1,Aedes albopictus,5,7,0,0,0,0,,Y,2025-07-02,2025-06-27,최연희(chldusgmlek),2025년,06월,3주
1441,말라리아매개모기조사감시,강원도보건환경연구원,2025,6,3주,2025-06-21,강원,철원군 김화읍 학사리,기타,LED1,Tripteroides bambusa,1,7,0,0,0,0,,Y,2025-07-02,2025-06-27,최연희(chldusgmlek),2025년,06월,3주
1442,말라리아매개모기조사감시,강원도보건환경연구원,2025,6,3주,2025-06-21,강원,철원군 김화읍 학사리,기타,LED1,Culex pipiens,2,7,0,0,0,0,,Y,2025-07-02,2025-06-27,최연희(chldusgmlek),2025년,06월,3주
1443,말라리아매개모기조사감시,강원도보건환경연구원,2025,6,3주,2025-06-21,강원,철원군 김화읍 학사리,기타,LED1,Culex orientalis,1,7,0,0,0,0,,Y,2025-07-02,2025-06-27,최연희(chldusgmlek),2025년,06월,3주
1444,말라리아매개모기조사감시,강원도보건환경연구원,2025,6,3주,2025-06-21,강원,철원군 김화읍 학사리,기타,LED1,Aedes vexans,2,7,0,0,0,0,,Y,2025-07-02,2025-06-27,최연희(chldusgmlek),2025년,06월,3주
1445,말라리아매개모기조사감시,강원도보건환경연구원,2025,6,3주,2025-06-21,강원,철원군 김화읍 학사리,기타,LED1,Ochlerotatus koreicus,107,7,15,0,0,0,,Y,2025-07-02,2025-06-27,최연희(chldusgmlek),2025년,06월,3주
1446,말라리아매개모기조사감시,강원도보건환경연구원,2025,6,3주,2025-06-21,강원,철원군 김화읍 학사리,기타,LED1,Aedes albopictus,6,7,0,0,0,0,,Y,2025-07-02,2025-06-27,최연희(chldusgmlek),2025년,06월,3주
1447,말라리아매개모기조사감시,강원도보건환경연구원,2025,6,3주,2025-06-21,강원,철원군 철원읍 대마리,기타,LED1,Culex pipiens,14,7,2,0,0,0,,Y,2025-07-02,2025-06-27,최연희(chldusgmlek),2025년,06월,3주
1448,말라리아매개모기조사감시,강원도보건환경연구원,2025,6,3주,2025-06-21,강원,철원군 철원읍 대마리,기타,LED1,Culex orientalis,4,7,0,0,0,0,,Y,2025-07-02,2025-06-27,최연희(chldusgmlek),2025년,06월,3주
1449,말라리아매개모기조사감시,강원도보건환경연구원,2025,6,3주,2025-06-21,강원,철원군 철원읍 대마리,기타,LED1,Armigeres subalbatus,1,7,0,0,0,0,,Y,2025-07-02,2025-06-27,최연희(chldusgmlek),2025년,06월,3주
1450,말라리아매개모기조사감시,강원도보건환경연구원,2025,6,3주,2025-06-21,강원,철원군 철원읍 대마리,기타,LED1,Aedes vexans,16,7,2,0,0,0,,Y,2025-07-02,2025-06-27,최연희(chldusgmlek),2025년,06월,3주
1451,말라리아매개모기조사감시,강원도보건환경연구원,2025,6,3주,2025-06-21,강원,철원군 철원읍 대마리,기타,LED1,Ochlerotatus koreicus,2,7,0,0,0,0,,Y,2025-07-02,2025-06-27,최연희(chldusgmlek),2025년,06월,3주
1452,말라리아매개모기조사감시,강원도보건환경연구원,2025,6,3주,2025-06-21,강원,철원군 철원읍 대마리,기타,LED1,Anopheles spp.,3,7,0,3,1,0,,Y,2025-07-02,2025-06-27,최연희(chldusgmlek),2025년,06월,3주
1453,말라리아매개모기조사감시,강원도보건환경연구원,2025,6,2주,2025-06-14,강원,고성군 현내면 명파리,기타,LED1,Culex pipiens,2,7,0,0,0,0,,Y,2025-06-24,2025-06-19,최연희(chldusgmlek),2025년,06월,2주
1454,말라리아매개모기조사감시,강원도보건환경연구원,2025,6,2주,2025-06-14,강원,고성군 현내면 명파리,기타,LED1,Aedes vexans,18,7,2,0,0,0,,Y,2025-06-24,2025-06-19,최연희(chldusgmlek),2025년,06월,2주
1455,말라리아매개모기조사감시,강원도보건환경연구원,2025,6,2주,2025-06-14,강원,고성군 현내면 명파리,기타,LED1,Ochlerotatus togoi,5,7,0,0,0,0,,Y,2025-06-24,2025-06-19,최연희(chldusgmlek),2025년,06월,2주
1456,말라리아매개모기조사감시,강원도보건환경연구원,2025,6,2주,2025-06-14,강원,화천군 화천읍 신읍리,기타,LED1,Aedes vexans,68,7,9,0,0,0,,Y,2025-06-24,2025-06-19,최연희(chldusgmlek),2025년,06월,2주
1457,말라리아매개모기조사감시,강원도보건환경연구원,2025,6,2주,2025-06-14,강원,화천군 화천읍 신읍리,기타,LED1,Ochlerotatus koreicus,10,7,1,0,0,0,,Y,2025-06-24,2025-06-19,최연희(chldusgmlek),2025년,06월,2주
1458,말라리아매개모기조사감시,강원도보건환경연구원,2025,6,2주,2025-06-14,강원,화천군 화천읍 신읍리,기타,LED1,Anopheles spp.,4,7,0,4,1,0,,Y,2025-06-24,2025-06-19,최연희(chldusgmlek),2025년,06월,2주
1459,말라리아매개모기조사감시,강원도보건환경연구원,2025,6,2주,2025-06-14,강원,양구군 남면 구암리,기타,LED1,Culex pipiens,1,7,0,0,0,0,,Y,2025-06-24,2025-06-19,최연희(chldusgmlek),2025년,06월,2주
1460,말라리아매개모기조사감시,강원도보건환경연구원,2025,6,2주,2025-06-14,강원,양구군 남면 구암리,기타,LED1,Culex orientalis,1,7,0,0,0,0,,Y,2025-06-24,2025-06-19,최연희(chldusgmlek),2025년,06월,2주
1461,말라리아매개모기조사감시,강원도보건환경연구원,2025,6,2주,2025-06-14,강원,양구군 남면 구암리,기타,LED1,Aedes vexans,37,7,5,0,0,0,,Y,2025-06-24,2025-06-19,최연희(chldusgmlek),2025년,06월,2주
1462,말라리아매개모기조사감시,강원도보건환경연구원,2025,6,2주,2025-06-14,강원,양구군 남면 구암리,기타,LED1,Anopheles spp.,2,7,0,2,1,0,,Y,2025-06-24,2025-06-19,최연희(chldusgmlek),2025년,06월,2주
1463,말라리아매개모기조사감시,강원도보건환경연구원,2025,6,2주,2025-06-14,강원,인제군 인제읍 덕산리,기타,LED1,Culex pipiens,1,7,0,0,0,0,,Y,2025-06-24,2025-06-19,최연희(chldusgmlek),2025년,06월,2주
1464,말라리아매개모기조사감시,강원도보건환경연구원,2025,6,2주,2025-06-14,강원,인제군 인제읍 덕산리,기타,LED1,Culex bitaeniorhynchus,2,7,0,0,0,0,,Y,2025-06-24,2025-06-19,최연희(chldusgmlek),2025년,06월,2주
1465,말라리아매개모기조사감시,강원도보건환경연구원,2025,6,2주,2025-06-14,강원,인제군 인제읍 덕산리,기타,LED1,Aedes vexans,1,7,0,0,0,0,,Y,2025-06-24,2025-06-19,최연희(chldusgmlek),2025년,06월,2주
1466,말라리아매개모기조사감시,강원도보건환경연구원,2025,6,2주,2025-06-14,강원,인제군 인제읍 덕산리,기타,LED1,Ochlerotatus koreicus,3,7,0,0,0,0,,Y,2025-06-24,2025-06-19,최연희(chldusgmlek),2025년,06월,2주
1467,말라리아매개모기조사감시,강원도보건환경연구원,2025,6,2주,2025-06-14,강원,춘천시 신북읍 지내리,기타,LED1,Culex pipiens,4,7,0,0,0,0,,Y,2025-06-24,2025-06-19,최연희(chldusgmlek),2025년,06월,2주
1468,말라리아매개모기조사감시,강원도보건환경연구원,2025,6,2주,2025-06-14,강원,춘천시 신북읍 지내리,기타,LED1,Aedes vexans,1,7,0,0,0,0,,Y,2025-06-24,2025-06-19,최연희(chldusgmlek),2025년,06월,2주
1469,말라리아매개모기조사감시,강원도보건환경연구원,2025,6,2주,2025-06-14,강원,춘천시 신북읍 지내리,기타,LED1,Ochlerotatus koreicus,2,7,0,0,0,0,,Y,2025-06-24,2025-06-19,최연희(chldusgmlek),2025년,06월,2주
1470,말라리아매개모기조사감시,강원도보건환경연구원,2025,6,2주,2025-06-14,강원,춘천시 신북읍 지내리,기타,LED1,Anopheles spp.,1,7,0,1,1,0,,Y,2025-06-24,2025-06-19,최연희(chldusgmlek),2025년,06월,2주
1471,말라리아매개모기조사감시,강원도보건환경연구원,2025,6,2주,2025-06-14,강원,춘천시 중앙동,기타,LED1,Culex pipiens,30,7,4,0,0,0,,Y,2025-06-24,2025-06-19,최연희(chldusgmlek),2025년,06월,2주
1472,말라리아매개모기조사감시,강원도보건환경연구원,2025,6,2주,2025-06-14,강원,춘천시 중앙동,기타,LED1,Aedes vexans,5,7,0,0,0,0,,Y,2025-06-24,2025-06-19,최연희(chldusgmlek),2025년,06월,2주
1473,말라리아매개모기조사감시,강원도보건환경연구원,2025,6,2주,2025-06-14,강원,춘천시 중앙동,기타,LED1,Ochlerotatus koreicus,2,7,0,0,0,0,,Y,2025-06-24,2025-06-19,최연희(chldusgmlek),2025년,06월,2주
1474,말라리아매개모기조사감시,강원도보건환경연구원,2025,6,2주,2025-06-14,강원,춘천시 중앙동,기타,LED1,Aedes albopictus,4,7,0,0,0,0,,Y,2025-06-24,2025-06-19,최연희(chldusgmlek),2025년,06월,2주
1475,말라리아매개모기조사감시,강원도보건환경연구원,2025,6,2주,2025-06-14,강원,철원군 김화읍 학사리,기타,LED1,Aedes vexans,1,7,0,0,0,0,,Y,2025-06-24,2025-06-19,최연희(chldusgmlek),2025년,06월,2주
1476,말라리아매개모기조사감시,강원도보건환경연구원,2025,6,2주,2025-06-14,강원,철원군 김화읍 학사리,기타,LED1,Ochlerotatus koreicus,56,7,8,0,0,0,,Y,2025-06-24,2025-06-19,최연희(chldusgmlek),2025년,06월,2주
1477,말라리아매개모기조사감시,강원도보건환경연구원,2025,6,2주,2025-06-14,강원,철원군 김화읍 학사리,기타,LED1,Aedes albopictus,2,7,0,0,0,0,,Y,2025-06-24,2025-06-19,최연희(chldusgmlek),2025년,06월,2주
1478,말라리아매개모기조사감시,강원도보건환경연구원,2025,6,2주,2025-06-14,강원,철원군 철원읍 대마리,기타,LED1,Culex pipiens,3,7,0,0,0,0,,Y,2025-06-24,2025-06-19,최연희(chldusgmlek),2025년,06월,2주
1479,말라리아매개모기조사감시,강원도보건환경연구원,2025,6,2주,2025-06-14,강원,철원군 철원읍 대마리,기타,LED1,Culex orientalis,3,7,0,0,0,0,,Y,2025-06-24,2025-06-19,최연희(chldusgmlek),2025년,06월,2주
1480,말라리아매개모기조사감시,강원도보건환경연구원,2025,6,2주,2025-06-14,강원,철원군 철원읍 대마리,기타,LED1,Culex bitaeniorhynchus,2,7,0,0,0,0,,Y,2025-06-24,2025-06-19,최연희(chldusgmlek),2025년,06월,2주
1481,말라리아매개모기조사감시,강원도보건환경연구원,2025,6,2주,2025-06-14,강원,철원군 철원읍 대마리,기타,LED1,Aedes vexans,39,7,5,0,0,0,,Y,2025-06-24,2025-06-19,최연희(chldusgmlek),2025년,06월,2주
1482,말라리아매개모기조사감시,강원도보건환경연구원,2025,6,2주,2025-06-14,강원,철원군 철원읍 대마리,기타,LED1,Ochlerotatus koreicus,3,7,0,0,0,0,,Y,2025-06-24,2025-06-19,최연희(chldusgmlek),2025년,06월,2주
1483,말라리아매개모기조사감시,강원도보건환경연구원,2025,6,2주,2025-06-14,강원,철원군 철원읍 대마리,기타,LED1,Anopheles spp.,12,7,1,12,2,0,,Y,2025-06-24,2025-06-19,최연희(chldusgmlek),2025년,06월,2주
1484,말라리아매개모기조사감시,강원도보건환경연구원,2025,6,1주,2025-06-07,강원,고성군 현내면 명파리,기타,LED1,Culex pipiens,3,7,0,0,0,0,,N,,2025-06-12,최연희(chldusgmlek),2025년,06월,1주
1485,말라리아매개모기조사감시,강원도보건환경연구원,2025,6,1주,2025-06-07,강원,고성군 현내면 명파리,기타,LED1,Aedes vexans,35,7,5,0,0,0,,N,,2025-06-12,최연희(chldusgmlek),2025년,06월,1주
1486,말라리아매개모기조사감시,강원도보건환경연구원,2025,6,1주,2025-06-07,강원,고성군 현내면 명파리,기타,LED1,Ochlerotatus koreicus,5,7,0,0,0,0,,N,,2025-06-12,최연희(chldusgmlek),2025년,06월,1주
1487,말라리아매개모기조사감시,강원도보건환경연구원,2025,6,1주,2025-06-07,강원,화천군 화천읍 신읍리,기타,LED1,Culex pipiens,1,7,0,0,0,0,,N,,2025-06-12,최연희(chldusgmlek),2025년,06월,1주
1488,말라리아매개모기조사감시,강원도보건환경연구원,2025,6,1주,2025-06-07,강원,화천군 화천읍 신읍리,기타,LED1,Culex orientalis,1,7,0,0,0,0,,N,,2025-06-12,최연희(chldusgmlek),2025년,06월,1주
1489,말라리아매개모기조사감시,강원도보건환경연구원,2025,6,1주,2025-06-07,강원,화천군 화천읍 신읍리,기타,LED1,Aedes vexans,94,7,13,0,0,0,,N,,2025-06-12,최연희(chldusgmlek),2025년,06월,1주
1490,말라리아매개모기조사감시,강원도보건환경연구원,2025,6,1주,2025-06-07,강원,화천군 화천읍 신읍리,기타,LED1,Ochlerotatus koreicus,7,7,1,0,0,0,,N,,2025-06-12,최연희(chldusgmlek),2025년,06월,1주
1491,말라리아매개모기조사감시,강원도보건환경연구원,2025,6,1주,2025-06-07,강원,양구군 남면 구암리,기타,LED1,Culex pipiens,4,7,0,0,0,0,,N,,2025-06-12,최연희(chldusgmlek),2025년,06월,1주
1492,말라리아매개모기조사감시,강원도보건환경연구원,2025,6,1주,2025-06-07,강원,양구군 남면 구암리,기타,LED1,Aedes vexans,17,7,2,0,0,0,,N,,2025-06-12,최연희(chldusgmlek),2025년,06월,1주
1493,말라리아매개모기조사감시,강원도보건환경연구원,2025,6,1주,2025-06-07,강원,양구군 남면 구암리,기타,LED1,Ochlerotatus koreicus,2,7,0,0,0,0,,N,,2025-06-12,최연희(chldusgmlek),2025년,06월,1주
1494,말라리아매개모기조사감시,강원도보건환경연구원,2025,6,1주,2025-06-07,강원,양구군 남면 구암리,기타,LED1,Anopheles spp.,2,7,0,2,1,0,,N,,2025-06-12,최연희(chldusgmlek),2025년,06월,1주
1495,말라리아매개모기조사감시,강원도보건환경연구원,2025,6,1주,2025-06-07,강원,인제군 인제읍 덕산리,기타,LED1,Culex pipiens,1,7,0,0,0,0,,N,,2025-06-12,최연희(chldusgmlek),2025년,06월,1주
1496,말라리아매개모기조사감시,강원도보건환경연구원,2025,6,1주,2025-06-07,강원,인제군 인제읍 덕산리,기타,LED1,Aedes vexans,5,7,0,0,0,0,,N,,2025-06-12,최연희(chldusgmlek),2025년,06월,1주
1497,말라리아매개모기조사감시,강원도보건환경연구원,2025,6,1주,2025-06-07,강원,인제군 인제읍 덕산리,기타,LED1,Ochlerotatus koreicus,7,7,1,0,0,0,,N,,2025-06-12,최연희(chldusgmlek),2025년,06월,1주
1498,말라리아매개모기조사감시,강원도보건환경연구원,2025,6,1주,2025-06-07,강원,춘천시 신북읍 지내리,기타,LED1,Culex pipiens,3,7,0,0,0,0,,N,,2025-06-12,최연희(chldusgmlek),2025년,06월,1주
1499,말라리아매개모기조사감시,강원도보건환경연구원,2025,6,1주,2025-06-07,강원,춘천시 신북읍 지내리,기타,LED1,Aedes vexans,4,7,0,0,0,0,,N,,2025-06-12,최연희(chldusgmlek),2025년,06월,1주
1500,말라리아매개모기조사감시,강원도보건환경연구원,2025,6,1주,2025-06-07,강원,춘천시 중앙동,기타,LED1,Culex pipiens,23,7,3,0,0,0,,N,,2025-06-12,최연희(chldusgmlek),2025년,06월,1주
1501,말라리아매개모기조사감시,강원도보건환경연구원,2025,6,1주,2025-06-07,강원,춘천시 중앙동,기타,LED1,Culex orientalis,1,7,0,0,0,0,,N,,2025-06-12,최연희(chldusgmlek),2025년,06월,1주
1502,말라리아매개모기조사감시,강원도보건환경연구원,2025,6,1주,2025-06-07,강원,춘천시 중앙동,기타,LED1,Aedes vexans,3,7,0,0,0,0,,N,,2025-06-12,최연희(chldusgmlek),2025년,06월,1주
1503,말라리아매개모기조사감시,강원도보건환경연구원,2025,6,1주,2025-06-07,강원,춘천시 중앙동,기타,LED1,Ochlerotatus koreicus,2,7,0,0,0,0,,N,,2025-06-12,최연희(chldusgmlek),2025년,06월,1주
1504,말라리아매개모기조사감시,강원도보건환경연구원,2025,6,1주,2025-06-07,강원,춘천시 중앙동,기타,LED1,Aedes albopictus,6,7,0,0,0,0,,N,,2025-06-12,최연희(chldusgmlek),2025년,06월,1주
1505,말라리아매개모기조사감시,강원도보건환경연구원,2025,6,1주,2025-06-07,강원,철원군 김화읍 학사리,기타,LED1,Culex orientalis,1,7,0,0,0,0,,N,,2025-06-12,최연희(chldusgmlek),2025년,06월,1주
1506,말라리아매개모기조사감시,강원도보건환경연구원,2025,6,1주,2025-06-07,강원,철원군 김화읍 학사리,기타,LED1,Aedes vexans,1,7,0,0,0,0,,N,,2025-06-12,최연희(chldusgmlek),2025년,06월,1주
1507,말라리아매개모기조사감시,강원도보건환경연구원,2025,6,1주,2025-06-07,강원,철원군 김화읍 학사리,기타,LED1,Ochlerotatus koreicus,48,7,6,0,0,0,,N,,2025-06-12,최연희(chldusgmlek),2025년,06월,1주
1508,말라리아매개모기조사감시,강원도보건환경연구원,2025,6,1주,2025-06-07,강원,철원군 김화읍 학사리,기타,LED1,Aedes albopictus,1,7,0,0,0,0,,N,,2025-06-12,최연희(chldusgmlek),2025년,06월,1주
1509,말라리아매개모기조사감시,강원도보건환경연구원,2025,6,1주,2025-06-07,강원,철원군 철원읍 대마리,기타,LED1,Culex pipiens,1,7,0,0,0,0,,N,,2025-06-12,최연희(chldusgmlek),2025년,06월,1주
1510,말라리아매개모기조사감시,강원도보건환경연구원,2025,6,1주,2025-06-07,강원,철원군 철원읍 대마리,기타,LED1,Culex orientalis,1,7,0,0,0,0,,N,,2025-06-12,최연희(chldusgmlek),2025년,06월,1주
1511,말라리아매개모기조사감시,강원도보건환경연구원,2025,6,1주,2025-06-07,강원,철원군 철원읍 대마리,기타,LED1,Armigeres subalbatus,1,7,0,0,0,0,,N,,2025-06-12,최연희(chldusgmlek),2025년,06월,1주
1512,말라리아매개모기조사감시,강원도보건환경연구원,2025,6,1주,2025-06-07,강원,철원군 철원읍 대마리,기타,LED1,Aedes vexans,30,7,4,0,0,0,,N,,2025-06-12,최연희(chldusgmlek),2025년,06월,1주
1513,말라리아매개모기조사감시,강원도보건환경연구원,2025,6,1주,2025-06-07,강원,철원군 철원읍 대마리,기타,LED1,Ochlerotatus koreicus,2,7,0,0,0,0,,N,,2025-06-12,최연희(chldusgmlek),2025년,06월,1주
1514,말라리아매개모기조사감시,강원도보건환경연구원,2025,6,1주,2025-06-07,강원,철원군 철원읍 대마리,기타,LED1,Anopheles spp.,2,7,0,2,1,0,,N,,2025-06-12,최연희(chldusgmlek),2025년,06월,1주
1515,말라리아매개모기조사감시,강원도보건환경연구원,2025,5,4주,2025-05-31,강원,고성군 현내면 명파리,기타,LED1,Aedes vexans,5,7,0,0,0,0,,N,,2025-06-06,최연희(chldusgmlek),2025년,05월,4주
1516,말라리아매개모기조사감시,강원도보건환경연구원,2025,5,4주,2025-05-31,강원,고성군 현내면 명파리,기타,LED1,Ochlerotatus koreicus,2,7,0,0,0,0,,N,,2025-06-06,최연희(chldusgmlek),2025년,05월,4주
1517,말라리아매개모기조사감시,강원도보건환경연구원,2025,5,4주,2025-05-31,강원,화천군 화천읍 신읍리,기타,LED1,Culex pipiens,1,7,0,0,0,0,,N,,2025-06-06,최연희(chldusgmlek),2025년,05월,4주
1518,말라리아매개모기조사감시,강원도보건환경연구원,2025,5,4주,2025-05-31,강원,화천군 화천읍 신읍리,기타,LED1,Aedes vexans,42,7,6,0,0,0,,N,,2025-06-06,최연희(chldusgmlek),2025년,05월,4주
1519,말라리아매개모기조사감시,강원도보건환경연구원,2025,5,4주,2025-05-31,강원,화천군 화천읍 신읍리,기타,LED1,Ochlerotatus koreicus,8,7,1,0,0,0,,N,,2025-06-06,최연희(chldusgmlek),2025년,05월,4주
1520,말라리아매개모기조사감시,강원도보건환경연구원,2025,5,4주,2025-05-31,강원,화천군 화천읍 신읍리,기타,LED1,Anopheles spp.,2,7,0,2,1,0,,N,,2025-06-06,최연희(chldusgmlek),2025년,05월,4주
1521,말라리아매개모기조사감시,강원도보건환경연구원,2025,5,4주,2025-05-31,강원,양구군 남면 구암리,기타,LED1,Culex pipiens,8,7,1,0,0,0,,N,,2025-06-06,최연희(chldusgmlek),2025년,05월,4주
1522,말라리아매개모기조사감시,강원도보건환경연구원,2025,5,4주,2025-05-31,강원,양구군 남면 구암리,기타,LED1,Culex orientalis,1,7,0,0,0,0,,N,,2025-06-06,최연희(chldusgmlek),2025년,05월,4주
1523,말라리아매개모기조사감시,강원도보건환경연구원,2025,5,4주,2025-05-31,강원,양구군 남면 구암리,기타,LED1,Aedes vexans,6,7,0,0,0,0,,N,,2025-06-06,최연희(chldusgmlek),2025년,05월,4주
1524,말라리아매개모기조사감시,강원도보건환경연구원,2025,5,4주,2025-05-31,강원,양구군 남면 구암리,기타,LED1,Ochlerotatus koreicus,1,7,0,0,0,0,,N,,2025-06-06,최연희(chldusgmlek),2025년,05월,4주
1525,말라리아매개모기조사감시,강원도보건환경연구원,2025,5,4주,2025-05-31,강원,인제군 인제읍 덕산리,기타,LED1,Culex pipiens,10,7,1,0,0,0,,N,,2025-06-06,최연희(chldusgmlek),2025년,05월,4주
1526,말라리아매개모기조사감시,강원도보건환경연구원,2025,5,4주,2025-05-31,강원,인제군 인제읍 덕산리,기타,LED1,Culex bitaeniorhynchus,1,7,0,0,0,0,,N,,2025-06-06,최연희(chldusgmlek),2025년,05월,4주
1527,말라리아매개모기조사감시,강원도보건환경연구원,2025,5,4주,2025-05-31,강원,인제군 인제읍 덕산리,기타,LED1,Ochlerotatus koreicus,3,7,0,0,0,0,,N,,2025-06-06,최연희(chldusgmlek),2025년,05월,4주
1528,말라리아매개모기조사감시,강원도보건환경연구원,2025,5,4주,2025-05-31,강원,춘천시 신북읍 지내리,기타,LED1,Culex pipiens,5,7,0,0,0,0,,N,,2025-06-06,최연희(chldusgmlek),2025년,05월,4주
1529,말라리아매개모기조사감시,강원도보건환경연구원,2025,5,4주,2025-05-31,강원,춘천시 신북읍 지내리,기타,LED1,Aedes vexans,17,7,2,0,0,0,,N,,2025-06-06,최연희(chldusgmlek),2025년,05월,4주
1530,말라리아매개모기조사감시,강원도보건환경연구원,2025,5,4주,2025-05-31,강원,춘천시 신북읍 지내리,기타,LED1,Ochlerotatus koreicus,1,7,0,0,0,0,,N,,2025-06-06,최연희(chldusgmlek),2025년,05월,4주
1531,말라리아매개모기조사감시,강원도보건환경연구원,2025,5,4주,2025-05-31,강원,춘천시 중앙동,기타,LED1,Culex pipiens,43,7,6,0,0,0,,N,,2025-06-06,최연희(chldusgmlek),2025년,05월,4주
1532,말라리아매개모기조사감시,강원도보건환경연구원,2025,5,4주,2025-05-31,강원,춘천시 중앙동,기타,LED1,Aedes vexans,11,7,1,0,0,0,,N,,2025-06-06,최연희(chldusgmlek),2025년,05월,4주
1533,말라리아매개모기조사감시,강원도보건환경연구원,2025,5,4주,2025-05-31,강원,춘천시 중앙동,기타,LED1,Ochlerotatus koreicus,4,7,0,0,0,0,,N,,2025-06-06,최연희(chldusgmlek),2025년,05월,4주
1534,말라리아매개모기조사감시,강원도보건환경연구원,2025,5,4주,2025-05-31,강원,춘천시 중앙동,기타,LED1,Aedes albopictus,3,7,0,0,0,0,,N,,2025-06-06,최연희(chldusgmlek),2025년,05월,4주
1535,말라리아매개모기조사감시,강원도보건환경연구원,2025,5,4주,2025-05-31,강원,철원군 김화읍 학사리,기타,LED1,Culex pipiens,1,7,0,0,0,0,,N,,2025-06-06,최연희(chldusgmlek),2025년,05월,4주
1536,말라리아매개모기조사감시,강원도보건환경연구원,2025,5,4주,2025-05-31,강원,철원군 김화읍 학사리,기타,LED1,Aedes vexans,2,7,0,0,0,0,,N,,2025-06-06,최연희(chldusgmlek),2025년,05월,4주
1537,말라리아매개모기조사감시,강원도보건환경연구원,2025,5,4주,2025-05-31,강원,철원군 김화읍 학사리,기타,LED1,Ochlerotatus koreicus,41,7,5,0,0,0,,N,,2025-06-06,최연희(chldusgmlek),2025년,05월,4주
1538,말라리아매개모기조사감시,강원도보건환경연구원,2025,5,4주,2025-05-31,강원,철원군 김화읍 학사리,기타,LED1,Aedes albopictus,5,7,0,0,0,0,,N,,2025-06-06,최연희(chldusgmlek),2025년,05월,4주
1539,말라리아매개모기조사감시,강원도보건환경연구원,2025,5,4주,2025-05-31,강원,철원군 철원읍 대마리,기타,LED1,Culex pipiens,5,7,0,0,0,0,,N,,2025-06-06,최연희(chldusgmlek),2025년,05월,4주
1540,말라리아매개모기조사감시,강원도보건환경연구원,2025,5,4주,2025-05-31,강원,철원군 철원읍 대마리,기타,LED1,Aedes vexans,116,7,16,0,0,0,,N,,2025-06-06,최연희(chldusgmlek),2025년,05월,4주
1541,말라리아매개모기조사감시,강원도보건환경연구원,2025,5,4주,2025-05-31,강원,철원군 철원읍 대마리,기타,LED1,Ochlerotatus koreicus,6,7,0,0,0,0,,N,,2025-06-06,최연희(chldusgmlek),2025년,05월,4주
1542,말라리아매개모기조사감시,강원도보건환경연구원,2025,5,4주,2025-05-31,강원,철원군 철원읍 대마리,기타,LED1,Anopheles spp.,6,7,0,6,1,0,,N,,2025-06-06,최연희(chldusgmlek),2025년,05월,4주
1543,말라리아매개모기조사감시,강원도보건환경연구원,2025,5,3주,2025-05-24,강원,고성군 현내면 명파리,기타,LED1,Culex pipiens,10,7,1,0,0,0,,N,,2025-05-29,정태동(skyjtd15),2025년,05월,3주
1544,말라리아매개모기조사감시,강원도보건환경연구원,2025,5,3주,2025-05-24,강원,고성군 현내면 명파리,기타,LED1,Aedes vexans,25,7,3,0,0,0,,N,,2025-05-29,정태동(skyjtd15),2025년,05월,3주
1545,말라리아매개모기조사감시,강원도보건환경연구원,2025,5,3주,2025-05-24,강원,고성군 현내면 명파리,기타,LED1,Ochlerotatus koreicus,2,7,0,0,0,0,,N,,2025-05-29,정태동(skyjtd15),2025년,05월,3주
1546,말라리아매개모기조사감시,강원도보건환경연구원,2025,5,3주,2025-05-24,강원,화천군 화천읍 신읍리,기타,LED1,Culex pipiens,1,7,0,0,0,0,,N,,2025-05-29,정태동(skyjtd15),2025년,05월,3주
1547,말라리아매개모기조사감시,강원도보건환경연구원,2025,5,3주,2025-05-24,강원,화천군 화천읍 신읍리,기타,LED1,Aedes vexans,6,7,0,0,0,0,,N,,2025-05-29,정태동(skyjtd15),2025년,05월,3주
1548,말라리아매개모기조사감시,강원도보건환경연구원,2025,5,3주,2025-05-24,강원,화천군 화천읍 신읍리,기타,LED1,Ochlerotatus koreicus,8,7,1,0,0,0,,N,,2025-05-29,정태동(skyjtd15),2025년,05월,3주
1549,말라리아매개모기조사감시,강원도보건환경연구원,2025,5,3주,2025-05-24,강원,화천군 화천읍 신읍리,기타,LED1,Anopheles spp.,3,7,0,3,1,0,,N,,2025-05-29,정태동(skyjtd15),2025년,05월,3주
1550,말라리아매개모기조사감시,강원도보건환경연구원,2025,5,3주,2025-05-24,강원,양구군 남면 구암리,기타,LED1,Culex pipiens,3,7,0,0,0,0,,N,,2025-05-29,정태동(skyjtd15),2025년,05월,3주
1551,말라리아매개모기조사감시,강원도보건환경연구원,2025,5,3주,2025-05-24,강원,양구군 남면 구암리,기타,LED1,Aedes vexans,12,7,1,0,0,0,,N,,2025-05-29,정태동(skyjtd15),2025년,05월,3주
1552,말라리아매개모기조사감시,강원도보건환경연구원,2025,5,3주,2025-05-24,강원,양구군 남면 구암리,기타,LED1,Ochlerotatus koreicus,1,7,0,0,0,0,,N,,2025-05-29,정태동(skyjtd15),2025년,05월,3주
1553,말라리아매개모기조사감시,강원도보건환경연구원,2025,5,3주,2025-05-24,강원,인제군 인제읍 덕산리,기타,LED1,Culex pipiens,6,7,0,0,0,0,,N,,2025-05-29,정태동(skyjtd15),2025년,05월,3주
1554,말라리아매개모기조사감시,강원도보건환경연구원,2025,5,3주,2025-05-24,강원,인제군 인제읍 덕산리,기타,LED1,Aedes vexans,1,7,0,0,0,0,,N,,2025-05-29,정태동(skyjtd15),2025년,05월,3주
1555,말라리아매개모기조사감시,강원도보건환경연구원,2025,5,3주,2025-05-24,강원,인제군 인제읍 덕산리,기타,LED1,Ochlerotatus koreicus,1,7,0,0,0,0,,N,,2025-05-29,정태동(skyjtd15),2025년,05월,3주
1556,말라리아매개모기조사감시,강원도보건환경연구원,2025,5,3주,2025-05-24,강원,춘천시 신북읍 지내리,기타,LED1,Culex pipiens,5,7,0,0,0,0,,N,,2025-05-29,정태동(skyjtd15),2025년,05월,3주
1557,말라리아매개모기조사감시,강원도보건환경연구원,2025,5,3주,2025-05-24,강원,춘천시 신북읍 지내리,기타,LED1,Aedes vexans,5,7,0,0,0,0,,N,,2025-05-29,정태동(skyjtd15),2025년,05월,3주
1558,말라리아매개모기조사감시,강원도보건환경연구원,2025,5,3주,2025-05-24,강원,춘천시 중앙동,기타,LED1,Culex pipiens,21,7,3,0,0,0,,N,,2025-05-29,정태동(skyjtd15),2025년,05월,3주
1559,말라리아매개모기조사감시,강원도보건환경연구원,2025,5,3주,2025-05-24,강원,춘천시 중앙동,기타,LED1,Aedes vexans,2,7,0,0,0,0,,N,,2025-05-29,정태동(skyjtd15),2025년,05월,3주
1560,말라리아매개모기조사감시,강원도보건환경연구원,2025,5,3주,2025-05-24,강원,춘천시 중앙동,기타,LED1,Ochlerotatus koreicus,5,7,0,0,0,0,,N,,2025-05-29,정태동(skyjtd15),2025년,05월,3주
1561,말라리아매개모기조사감시,강원도보건환경연구원,2025,5,3주,2025-05-24,강원,철원군 김화읍 학사리,기타,LED1,Culex pipiens,1,7,0,0,0,0,,N,,2025-05-29,정태동(skyjtd15),2025년,05월,3주
1562,말라리아매개모기조사감시,강원도보건환경연구원,2025,5,3주,2025-05-24,강원,철원군 김화읍 학사리,기타,LED1,Aedes vexans,1,7,0,0,0,0,,N,,2025-05-29,정태동(skyjtd15),2025년,05월,3주
1563,말라리아매개모기조사감시,강원도보건환경연구원,2025,5,3주,2025-05-24,강원,철원군 김화읍 학사리,기타,LED1,Ochlerotatus koreicus,38,7,5,0,0,0,,N,,2025-05-29,정태동(skyjtd15),2025년,05월,3주
1564,말라리아매개모기조사감시,강원도보건환경연구원,2025,5,3주,2025-05-24,강원,철원군 철원읍 대마리,기타,LED1,Culex pipiens,6,7,0,0,0,0,,N,,2025-05-29,정태동(skyjtd15),2025년,05월,3주
1565,말라리아매개모기조사감시,강원도보건환경연구원,2025,5,3주,2025-05-24,강원,철원군 철원읍 대마리,기타,LED1,Aedes vexans,27,7,3,0,0,0,,N,,2025-05-29,정태동(skyjtd15),2025년,05월,3주
1566,말라리아매개모기조사감시,강원도보건환경연구원,2025,5,3주,2025-05-24,강원,철원군 철원읍 대마리,기타,LED1,Anopheles spp.,1,7,0,1,1,0,,N,,2025-05-29,정태동(skyjtd15),2025년,05월,3주
1567,말라리아매개모기조사감시,강원도보건환경연구원,2025,5,2주,2025-05-17,강원,고성군 현내면 명파리,기타,LED1,Culex pipiens,19,7,2,0,0,0,,N,,2025-05-23,최연희(chldusgmlek),2025년,05월,2주
1568,말라리아매개모기조사감시,강원도보건환경연구원,2025,5,2주,2025-05-17,강원,고성군 현내면 명파리,기타,LED1,Aedes vexans,9,7,1,0,0,0,,N,,2025-05-23,최연희(chldusgmlek),2025년,05월,2주
1569,말라리아매개모기조사감시,강원도보건환경연구원,2025,5,2주,2025-05-17,강원,화천군 화천읍 신읍리,기타,LED1,Culex pipiens,2,7,0,0,0,0,,N,,2025-05-23,최연희(chldusgmlek),2025년,05월,2주
1570,말라리아매개모기조사감시,강원도보건환경연구원,2025,5,2주,2025-05-17,강원,화천군 화천읍 신읍리,기타,LED1,Aedes vexans,6,7,0,0,0,0,,N,,2025-05-23,최연희(chldusgmlek),2025년,05월,2주
1571,말라리아매개모기조사감시,강원도보건환경연구원,2025,5,2주,2025-05-17,강원,화천군 화천읍 신읍리,기타,LED1,Ochlerotatus koreicus,3,7,0,0,0,0,,N,,2025-05-23,최연희(chldusgmlek),2025년,05월,2주
1572,말라리아매개모기조사감시,강원도보건환경연구원,2025,5,2주,2025-05-17,강원,양구군 남면 구암리,기타,LED1,Culex pipiens,9,7,1,0,0,0,,N,,2025-05-23,최연희(chldusgmlek),2025년,05월,2주
1573,말라리아매개모기조사감시,강원도보건환경연구원,2025,5,2주,2025-05-17,강원,양구군 남면 구암리,기타,LED1,Aedes vexans,3,7,0,0,0,0,,N,,2025-05-23,최연희(chldusgmlek),2025년,05월,2주
1574,말라리아매개모기조사감시,강원도보건환경연구원,2025,5,2주,2025-05-17,강원,양구군 남면 구암리,기타,LED1,Ochlerotatus koreicus,1,7,0,0,0,0,,N,,2025-05-23,최연희(chldusgmlek),2025년,05월,2주
1575,말라리아매개모기조사감시,강원도보건환경연구원,2025,5,2주,2025-05-17,강원,인제군 인제읍 덕산리,기타,LED1,Culex pipiens,17,7,2,0,0,0,,N,,2025-05-23,최연희(chldusgmlek),2025년,05월,2주
1576,말라리아매개모기조사감시,강원도보건환경연구원,2025,5,2주,2025-05-17,강원,춘천시 신북읍 지내리,기타,LED1,Culex pipiens,22,7,3,0,0,0,,N,,2025-05-23,최연희(chldusgmlek),2025년,05월,2주
1577,말라리아매개모기조사감시,강원도보건환경연구원,2025,5,2주,2025-05-17,강원,춘천시 신북읍 지내리,기타,LED1,Aedes vexans,2,7,0,0,0,0,,N,,2025-05-23,최연희(chldusgmlek),2025년,05월,2주
1578,말라리아매개모기조사감시,강원도보건환경연구원,2025,5,2주,2025-05-17,강원,춘천시 중앙동,기타,LED1,Culex pipiens,32,7,4,0,0,0,,N,,2025-05-23,최연희(chldusgmlek),2025년,05월,2주
1579,말라리아매개모기조사감시,강원도보건환경연구원,2025,5,2주,2025-05-17,강원,춘천시 중앙동,기타,LED1,Aedes vexans,1,7,0,0,0,0,,N,,2025-05-23,최연희(chldusgmlek),2025년,05월,2주
1580,말라리아매개모기조사감시,강원도보건환경연구원,2025,5,2주,2025-05-17,강원,춘천시 중앙동,기타,LED1,Ochlerotatus koreicus,5,7,0,0,0,0,,N,,2025-05-23,최연희(chldusgmlek),2025년,05월,2주
1581,말라리아매개모기조사감시,강원도보건환경연구원,2025,5,2주,2025-05-17,강원,철원군 김화읍 학사리,기타,LED1,Culex pipiens,7,7,1,0,0,0,,N,,2025-05-23,최연희(chldusgmlek),2025년,05월,2주
1582,말라리아매개모기조사감시,강원도보건환경연구원,2025,5,2주,2025-05-17,강원,철원군 김화읍 학사리,기타,LED1,Culex orientalis,1,7,0,0,0,0,,N,,2025-05-23,최연희(chldusgmlek),2025년,05월,2주
1583,말라리아매개모기조사감시,강원도보건환경연구원,2025,5,2주,2025-05-17,강원,철원군 김화읍 학사리,기타,LED1,Aedes vexans,4,7,0,0,0,0,,N,,2025-05-23,최연희(chldusgmlek),2025년,05월,2주
1584,말라리아매개모기조사감시,강원도보건환경연구원,2025,5,2주,2025-05-17,강원,철원군 김화읍 학사리,기타,LED1,Ochlerotatus koreicus,15,7,2,0,0,0,,N,,2025-05-23,최연희(chldusgmlek),2025년,05월,2주
1585,말라리아매개모기조사감시,강원도보건환경연구원,2025,5,2주,2025-05-17,강원,철원군 철원읍 대마리,기타,LED1,Culex pipiens,20,7,2,0,0,0,,N,,2025-05-23,최연희(chldusgmlek),2025년,05월,2주
1586,말라리아매개모기조사감시,강원도보건환경연구원,2025,5,2주,2025-05-17,강원,철원군 철원읍 대마리,기타,LED1,Aedes vexans,29,7,4,0,0,0,,N,,2025-05-23,최연희(chldusgmlek),2025년,05월,2주
1587,말라리아매개모기조사감시,강원도보건환경연구원,2025,5,2주,2025-05-17,강원,철원군 철원읍 대마리,기타,LED1,Ochlerotatus koreicus,1,7,0,0,0,0,,N,,2025-05-23,최연희(chldusgmlek),2025년,05월,2주
1588,말라리아매개모기조사감시,강원도보건환경연구원,2025,5,1주,2025-05-10,강원,고성군 현내면 명파리,기타,LED1,Culex pipiens,3,5,0,0,0,0,,N,,2025-05-16,정태동(skyjtd15),2025년,05월,1주
1589,말라리아매개모기조사감시,강원도보건환경연구원,2025,5,1주,2025-05-10,강원,화천군 화천읍 신읍리,기타,LED1,Culex pipiens,8,5,1,0,0,0,,N,,2025-05-16,정태동(skyjtd15),2025년,05월,1주
1590,말라리아매개모기조사감시,강원도보건환경연구원,2025,5,1주,2025-05-10,강원,양구군 남면 구암리,기타,LED1,Culex pipiens,5,5,1,0,0,0,,N,,2025-05-16,정태동(skyjtd15),2025년,05월,1주
1591,말라리아매개모기조사감시,강원도보건환경연구원,2025,5,1주,2025-05-10,강원,인제군 인제읍 덕산리,기타,LED1,Culex pipiens,5,5,1,0,0,0,,N,,2025-05-16,정태동(skyjtd15),2025년,05월,1주
1592,말라리아매개모기조사감시,강원도보건환경연구원,2025,5,1주,2025-05-10,강원,춘천시 신북읍 지내리,기타,LED1,Culex pipiens,10,5,2,0,0,0,,N,,2025-05-16,정태동(skyjtd15),2025년,05월,1주
1593,말라리아매개모기조사감시,강원도보건환경연구원,2025,5,1주,2025-05-10,강원,춘천시 중앙동,기타,LED1,Culex pipiens,14,5,2,0,0,0,,N,,2025-05-16,정태동(skyjtd15),2025년,05월,1주
1594,말라리아매개모기조사감시,강원도보건환경연구원,2025,5,1주,2025-05-10,강원,춘천시 중앙동,기타,LED1,Culex orientalis,1,5,0,0,0,0,,N,,2025-05-16,정태동(skyjtd15),2025년,05월,1주
1595,말라리아매개모기조사감시,강원도보건환경연구원,2025,5,1주,2025-05-10,강원,춘천시 중앙동,기타,LED1,Aedes vexans,1,5,0,0,0,0,,N,,2025-05-16,정태동(skyjtd15),2025년,05월,1주
1596,말라리아매개모기조사감시,강원도보건환경연구원,2025,5,1주,2025-05-10,강원,춘천시 중앙동,기타,LED1,Ochlerotatus koreicus,1,5,0,0,0,0,,N,,2025-05-16,정태동(skyjtd15),2025년,05월,1주
1597,말라리아매개모기조사감시,강원도보건환경연구원,2025,5,1주,2025-05-10,강원,철원군 김화읍 학사리,기타,LED1,Ochlerotatus koreicus,3,5,0,0,0,0,,N,,2025-05-16,정태동(skyjtd15),2025년,05월,1주
1598,말라리아매개모기조사감시,강원도보건환경연구원,2025,5,1주,2025-05-10,강원,철원군 김화읍 학사리,기타,LED1,Culex pipiens,1,5,0,0,0,0,,N,,2025-05-16,정태동(skyjtd15),2025년,05월,1주
1599,말라리아매개모기조사감시,강원도보건환경연구원,2025,5,1주,2025-05-10,강원,철원군 철원읍 대마리,기타,LED1,Culex pipiens,14,5,2,0,0,0,,N,,2025-05-16,정태동(skyjtd15),2025년,05월,1주
1600,말라리아매개모기조사감시,강원도보건환경연구원,2025,5,1주,2025-05-10,강원,철원군 철원읍 대마리,기타,LED1,Aedes vexans,4,5,0,0,0,0,,N,,2025-05-16,정태동(skyjtd15),2025년,05월,1주
1601,말라리아매개모기조사감시,강원도보건환경연구원,2025,5,1주,2025-05-10,강원,철원군 철원읍 대마리,기타,LED1,Ochlerotatus koreicus,1,5,0,0,0,0,,N,,2025-05-16,정태동(skyjtd15),2025년,05월,1주
1602,말라리아매개모기조사감시,강원도보건환경연구원,2025,5,4주,2025-05-03,강원,고성군 현내면 명파리,기타,LED1,Culex pipiens,8,9,0,0,0,0,,N,,2025-05-09,최연희(chldusgmlek),2025년,04월,4주
1603,말라리아매개모기조사감시,강원도보건환경연구원,2025,5,4주,2025-05-03,강원,화천군 화천읍 신읍리,기타,LED1,Culex pipiens,3,9,0,0,0,0,,N,,2025-05-09,최연희(chldusgmlek),2025년,04월,4주
1604,말라리아매개모기조사감시,강원도보건환경연구원,2025,5,4주,2025-05-03,강원,화천군 화천읍 신읍리,기타,LED1,Culex orientalis,1,9,0,0,0,0,,N,,2025-05-09,최연희(chldusgmlek),2025년,04월,4주
1605,말라리아매개모기조사감시,강원도보건환경연구원,2025,5,4주,2025-05-03,강원,양구군 남면 구암리,기타,LED1,Culex pipiens,7,9,0,0,0,0,,N,,2025-05-09,최연희(chldusgmlek),2025년,04월,4주
1606,말라리아매개모기조사감시,강원도보건환경연구원,2025,5,4주,2025-05-03,강원,인제군 인제읍 덕산리,기타,LED1,Culex pipiens,28,9,3,0,0,0,,N,,2025-05-09,최연희(chldusgmlek),2025년,04월,4주
1607,말라리아매개모기조사감시,강원도보건환경연구원,2025,5,4주,2025-05-03,강원,춘천시 신북읍 지내리,기타,LED1,Culex pipiens,8,9,0,0,0,0,,N,,2025-05-09,최연희(chldusgmlek),2025년,04월,4주
1608,말라리아매개모기조사감시,강원도보건환경연구원,2025,5,4주,2025-05-03,강원,춘천시 중앙동,기타,LED1,Culex orientalis,2,9,0,0,0,0,,N,,2025-05-09,최연희(chldusgmlek),2025년,04월,4주
1609,말라리아매개모기조사감시,강원도보건환경연구원,2025,5,4주,2025-05-03,강원,춘천시 중앙동,기타,LED1,Culex pipiens,35,9,3,0,0,0,,N,,2025-05-09,최연희(chldusgmlek),2025년,04월,4주
1610,말라리아매개모기조사감시,강원도보건환경연구원,2025,5,4주,2025-05-03,강원,철원군 김화읍 학사리,기타,LED1,Ochlerotatus koreicus,2,9,0,0,0,0,,N,,2025-05-09,최연희(chldusgmlek),2025년,04월,4주
1611,말라리아매개모기조사감시,강원도보건환경연구원,2025,5,4주,2025-05-03,강원,철원군 김화읍 학사리,기타,LED1,Culex orientalis,2,9,0,0,0,0,,N,,2025-05-09,최연희(chldusgmlek),2025년,04월,4주
1612,말라리아매개모기조사감시,강원도보건환경연구원,2025,5,4주,2025-05-03,강원,철원군 김화읍 학사리,기타,LED1,Culex pipiens,1,9,0,0,0,0,,N,,2025-05-09,최연희(chldusgmlek),2025년,04월,4주
1613,말라리아매개모기조사감시,강원도보건환경연구원,2025,5,4주,2025-05-03,강원,철원군 철원읍 대마리,기타,LED1,Culex pipiens,6,9,0,0,0,0,,N,,2025-05-09,최연희(chldusgmlek),2025년,04월,4주
1614,말라리아매개모기조사감시,강원도보건환경연구원,2025,4,4주,2025-04-26,강원,고성군 현내면 명파리,기타,LED1,Culex pipiens,10,7,1,0,0,0,,N,,2025-05-02,최연희(chldusgmlek),2025년,04월,4주
1615,말라리아매개모기조사감시,강원도보건환경연구원,2025,4,4주,2025-04-26,강원,화천군 화천읍 신읍리,기타,LED1,Culex pipiens,8,7,1,0,0,0,,N,,2025-05-02,최연희(chldusgmlek),2025년,04월,4주
1616,말라리아매개모기조사감시,강원도보건환경연구원,2025,4,4주,2025-04-26,강원,화천군 화천읍 신읍리,기타,LED1,Culex orientalis,2,7,0,0,0,0,,N,,2025-05-02,최연희(chldusgmlek),2025년,04월,4주
1617,말라리아매개모기조사감시,강원도보건환경연구원,2025,4,4주,2025-04-26,강원,양구군 남면 구암리,기타,LED1,Culex pipiens,5,7,0,0,0,0,,N,,2025-05-02,최연희(chldusgmlek),2025년,04월,4주
1618,말라리아매개모기조사감시,강원도보건환경연구원,2025,4,4주,2025-04-26,강원,인제군 인제읍 덕산리,기타,LED1,Culex pipiens,7,7,1,0,0,0,,N,,2025-05-02,최연희(chldusgmlek),2025년,04월,4주
1619,말라리아매개모기조사감시,강원도보건환경연구원,2025,4,4주,2025-04-26,강원,춘천시 신북읍 지내리,기타,LED1,Culex orientalis,1,7,0,0,0,0,,N,,2025-05-02,최연희(chldusgmlek),2025년,04월,4주
1620,말라리아매개모기조사감시,강원도보건환경연구원,2025,4,4주,2025-04-26,강원,춘천시 신북읍 지내리,기타,LED1,Culex pipiens,17,7,2,0,0,0,,N,,2025-05-02,최연희(chldusgmlek),2025년,04월,4주
1621,말라리아매개모기조사감시,강원도보건환경연구원,2025,4,4주,2025-04-26,강원,춘천시 신북읍 지내리,기타,LED1,Anopheles spp.,1,7,0,1,1,0,,N,,2025-05-02,최연희(chldusgmlek),2025년,04월,4주
1622,말라리아매개모기조사감시,강원도보건환경연구원,2025,4,4주,2025-04-26,강원,춘천시 중앙동,기타,LED1,Culex orientalis,1,7,0,0,0,0,,N,,2025-05-02,최연희(chldusgmlek),2025년,04월,4주
1623,말라리아매개모기조사감시,강원도보건환경연구원,2025,4,4주,2025-04-26,강원,춘천시 중앙동,기타,LED1,Culex pipiens,45,7,6,0,0,0,,N,,2025-05-02,최연희(chldusgmlek),2025년,04월,4주
1624,말라리아매개모기조사감시,강원도보건환경연구원,2025,4,4주,2025-04-26,강원,철원군 김화읍 학사리,기타,LED1,Culex pipiens,9,7,1,0,0,0,,N,,2025-05-02,최연희(chldusgmlek),2025년,04월,4주
1625,말라리아매개모기조사감시,강원도보건환경연구원,2025,4,4주,2025-04-26,강원,철원군 철원읍 대마리,기타,LED1,Culex pipiens,16,7,2,0,0,0,,N,,2025-05-02,최연희(chldusgmlek),2025년,04월,4주
1626,말라리아매개모기조사감시,강원도보건환경연구원,2025,4,3주,2025-04-19,강원,춘천시 신북읍 지내리,기타,LED1,Culex pipiens,3,7,0,0,0,0,,N,,2025-04-29,최연희(chldusgmlek),2025년,04월,3주
1627,말라리아매개모기조사감시,강원도보건환경연구원,2025,4,3주,2025-04-19,강원,춘천시 중앙동,기타,LED1,Culex orientalis,1,7,0,0,0,0,,N,,2025-04-29,최연희(chldusgmlek),2025년,04월,3주
1628,말라리아매개모기조사감시,강원도보건환경연구원,2025,4,3주,2025-04-19,강원,춘천시 중앙동,기타,LED1,Culex pipiens,55,7,7,0,0,0,,N,,2025-04-29,최연희(chldusgmlek),2025년,04월,3주
1629,말라리아매개모기조사감시,강원도보건환경연구원,2025,4,3주,2025-04-19,강원,고성군 현내면 명파리,기타,LED1,Culex pipiens,7,7,1,0,0,0,,Y,2025-04-25,2025-04-25,최연희(chldusgmlek),2025년,04월,3주
1630,말라리아매개모기조사감시,강원도보건환경연구원,2025,4,3주,2025-04-19,강원,고성군 현내면 명파리,기타,LED1,Culex orientalis,3,7,0,0,0,0,,Y,2025-04-25,2025-04-25,최연희(chldusgmlek),2025년,04월,3주
1631,말라리아매개모기조사감시,강원도보건환경연구원,2025,4,3주,2025-04-19,강원,고성군 현내면 명파리,기타,LED1,Culex bitaeniorhynchus,1,7,0,0,0,0,,Y,2025-04-25,2025-04-25,최연희(chldusgmlek),2025년,04월,3주
1632,말라리아매개모기조사감시,강원도보건환경연구원,2025,4,3주,2025-04-19,강원,고성군 현내면 명파리,기타,LED1,Armigeres subalbatus,1,7,0,0,0,0,,Y,2025-04-25,2025-04-25,최연희(chldusgmlek),2025년,04월,3주
1633,말라리아매개모기조사감시,강원도보건환경연구원,2025,4,3주,2025-04-19,강원,고성군 현내면 명파리,기타,LED1,Ochlerotatus koreicus,1,7,0,0,0,0,,Y,2025-04-25,2025-04-25,최연희(chldusgmlek),2025년,04월,3주
1634,말라리아매개모기조사감시,강원도보건환경연구원,2025,4,3주,2025-04-19,강원,고성군 현내면 명파리,기타,LED1,Anopheles spp.,1,7,0,1,1,0,,Y,2025-04-25,2025-04-25,최연희(chldusgmlek),2025년,04월,3주
1635,말라리아매개모기조사감시,강원도보건환경연구원,2025,4,3주,2025-04-19,강원,화천군 화천읍 신읍리,기타,LED1,Culex pipiens,2,7,0,0,0,0,,Y,2025-04-25,2025-04-25,최연희(chldusgmlek),2025년,04월,3주
1636,말라리아매개모기조사감시,강원도보건환경연구원,2025,4,3주,2025-04-19,강원,양구군 남면 구암리,기타,LED1,Culex orientalis,1,7,0,0,0,0,,Y,2025-04-25,2025-04-25,최연희(chldusgmlek),2025년,04월,3주
1637,말라리아매개모기조사감시,강원도보건환경연구원,2025,4,3주,2025-04-19,강원,양구군 남면 구암리,기타,LED1,Culex pipiens,12,7,1,0,0,0,,Y,2025-04-25,2025-04-25,최연희(chldusgmlek),2025년,04월,3주
1638,말라리아매개모기조사감시,강원도보건환경연구원,2025,4,3주,2025-04-19,강원,양구군 남면 구암리,기타,LED1,Anopheles spp.,1,7,0,1,1,0,,Y,2025-04-25,2025-04-25,최연희(chldusgmlek),2025년,04월,3주
1639,말라리아매개모기조사감시,강원도보건환경연구원,2025,4,3주,2025-04-19,강원,인제군 인제읍 덕산리,기타,LED1,Anopheles spp.,1,7,0,1,1,0,,Y,2025-04-25,2025-04-25,최연희(chldusgmlek),2025년,04월,3주
1640,말라리아매개모기조사감시,강원도보건환경연구원,2025,4,3주,2025-04-19,강원,인제군 인제읍 덕산리,기타,LED1,Culex pipiens,5,7,0,0,0,0,,Y,2025-04-25,2025-04-25,최연희(chldusgmlek),2025년,04월,3주
1641,말라리아매개모기조사감시,강원도보건환경연구원,2025,4,3주,2025-04-19,강원,인제군 인제읍 덕산리,기타,LED1,Armigeres subalbatus,3,7,0,0,0,0,,Y,2025-04-25,2025-04-25,최연희(chldusgmlek),2025년,04월,3주
1642,말라리아매개모기조사감시,강원도보건환경연구원,2025,4,3주,2025-04-19,강원,철원군 김화읍 학사리,기타,LED1,Culex orientalis,1,7,0,0,0,0,,Y,2025-04-25,2025-04-25,최연희(chldusgmlek),2025년,04월,3주
1643,말라리아매개모기조사감시,강원도보건환경연구원,2025,4,3주,2025-04-19,강원,철원군 김화읍 학사리,기타,LED1,Culex pipiens,8,7,1,0,0,0,,Y,2025-04-25,2025-04-25,최연희(chldusgmlek),2025년,04월,3주
1644,말라리아매개모기조사감시,강원도보건환경연구원,2025,4,3주,2025-04-19,강원,철원군 철원읍 대마리,기타,LED1,Anopheles spp.,1,7,0,1,1,0,,Y,2025-04-25,2025-04-25,최연희(chldusgmlek),2025년,04월,3주
1645,말라리아매개모기조사감시,강원도보건환경연구원,2025,4,3주,2025-04-19,강원,철원군 철원읍 대마리,기타,LED1,Culex pipiens,12,7,1,0,0,0,,Y,2025-04-25,2025-04-25,최연희(chldusgmlek),2025년,04월,3주
1646,말라리아매개모기조사감시,강원도보건환경연구원,2025,4,2주,2025-04-12,강원,고성군 현내면 명파리,기타,LED1,미채집,0,7,0,0,0,0,모기채집안됨,Y,2025-04-25,2025-04-18,최연희(chldusgmlek),2025년,04월,2주
1647,말라리아매개모기조사감시,강원도보건환경연구원,2025,4,2주,2025-04-12,강원,화천군 화천읍 신읍리,기타,LED1,Culex pipiens,5,7,0,0,0,0,,Y,2025-04-25,2025-04-18,최연희(chldusgmlek),2025년,04월,2주
1648,말라리아매개모기조사감시,강원도보건환경연구원,2025,4,2주,2025-04-12,강원,양구군 남면 구암리,기타,LED1,미채집,0,7,0,0,0,0,모기채집안됨,Y,2025-04-25,2025-04-18,최연희(chldusgmlek),2025년,04월,2주
1649,말라리아매개모기조사감시,강원도보건환경연구원,2025,4,2주,2025-04-12,강원,인제군 인제읍 덕산리,기타,LED1,Anopheles spp.,1,7,0,1,1,0,,Y,2025-04-25,2025-04-18,최연희(chldusgmlek),2025년,04월,2주
1650,말라리아매개모기조사감시,강원도보건환경연구원,2025,4,2주,2025-04-12,강원,인제군 인제읍 덕산리,기타,LED1,Culex pipiens,6,7,0,0,0,0,,Y,2025-04-25,2025-04-18,최연희(chldusgmlek),2025년,04월,2주
1651,말라리아매개모기조사감시,강원도보건환경연구원,2025,4,2주,2025-04-12,강원,인제군 인제읍 덕산리,기타,LED1,Armigeres subalbatus,1,7,0,0,0,0,,Y,2025-04-25,2025-04-18,최연희(chldusgmlek),2025년,04월,2주
1652,말라리아매개모기조사감시,강원도보건환경연구원,2025,4,2주,2025-04-12,강원,춘천시 신북읍 지내리,기타,LED1,Culex pipiens,4,7,0,0,0,0,,Y,2025-04-25,2025-04-18,최연희(chldusgmlek),2025년,04월,2주
1653,말라리아매개모기조사감시,강원도보건환경연구원,2025,4,2주,2025-04-12,강원,춘천시 중앙동,기타,LED1,Anopheles spp.,1,7,0,1,1,0,,Y,2025-04-25,2025-04-18,최연희(chldusgmlek),2025년,04월,2주
1654,말라리아매개모기조사감시,강원도보건환경연구원,2025,4,2주,2025-04-12,강원,춘천시 중앙동,기타,LED1,Culex pipiens,42,7,6,0,0,0,,Y,2025-04-25,2025-04-18,최연희(chldusgmlek),2025년,04월,2주
1655,말라리아매개모기조사감시,강원도보건환경연구원,2025,4,2주,2025-04-12,강원,철원군 김화읍 학사리,기타,LED1,Culex pipiens,3,7,0,0,0,0,,Y,2025-04-25,2025-04-18,최연희(chldusgmlek),2025년,04월,2주
1656,말라리아매개모기조사감시,강원도보건환경연구원,2025,4,2주,2025-04-12,강원,철원군 철원읍 대마리,기타,LED1,Anopheles spp.,1,7,0,1,1,0,,Y,2025-04-25,2025-04-18,최연희(chldusgmlek),2025년,04월,2주
1657,말라리아매개모기조사감시,강원도보건환경연구원,2025,4,2주,2025-04-12,강원,철원군 철원읍 대마리,기타,LED1,Culex pipiens,8,7,1,0,0,0,,Y,2025-04-25,2025-04-18,최연희(chldusgmlek),2025년,04월,2주
1658,말라리아매개모기조사감시,강원도보건환경연구원,2025,4,1주,2025-04-05,강원,고성군 현내면 명파리,기타,LED1,미채집,0,7,0,0,0,0,모기채집안됨,Y,2025-04-25,2025-04-09,최연희(chldusgmlek),2025년,04월,1주
1659,말라리아매개모기조사감시,강원도보건환경연구원,2025,4,1주,2025-04-05,강원,화천군 화천읍 신읍리,기타,LED1,미채집,0,7,0,0,0,0,모기채집안됨,Y,2025-04-25,2025-04-09,최연희(chldusgmlek),2025년,04월,1주
1660,말라리아매개모기조사감시,강원도보건환경연구원,2025,4,1주,2025-04-05,강원,양구군 남면 구암리,기타,LED1,미채집,0,7,0,0,0,0,모기채집안됨,Y,2025-04-25,2025-04-09,최연희(chldusgmlek),2025년,04월,1주
1661,말라리아매개모기조사감시,강원도보건환경연구원,2025,4,1주,2025-04-05,강원,인제군 인제읍 덕산리,기타,LED1,Culex pipiens,1,7,0,0,0,0,,Y,2025-04-25,2025-04-09,최연희(chldusgmlek),2025년,04월,1주
1662,말라리아매개모기조사감시,강원도보건환경연구원,2025,4,1주,2025-04-05,강원,인제군 인제읍 덕산리,기타,LED1,Armigeres subalbatus,1,7,0,0,0,0,,Y,2025-04-25,2025-04-09,최연희(chldusgmlek),2025년,04월,1주
1663,말라리아매개모기조사감시,강원도보건환경연구원,2025,4,1주,2025-04-05,강원,춘천시 신북읍 지내리,기타,LED1,미채집,0,7,0,0,0,0,모기채집안됨,Y,2025-04-25,2025-04-09,최연희(chldusgmlek),2025년,04월,1주
1664,말라리아매개모기조사감시,강원도보건환경연구원,2025,4,1주,2025-04-05,강원,춘천시 중앙동,기타,LED1,Culex pipiens,6,7,0,0,0,0,,Y,2025-04-25,2025-04-09,최연희(chldusgmlek),2025년,04월,1주
1665,말라리아매개모기조사감시,강원도보건환경연구원,2025,4,1주,2025-04-05,강원,철원군 김화읍 학사리,기타,LED1,Culex pipiens,1,7,0,0,0,0,,Y,2025-04-25,2025-04-09,최연희(chldusgmlek),2025년,04월,1주
1666,말라리아매개모기조사감시,강원도보건환경연구원,2025,4,1주,2025-04-05,강원,철원군 철원읍 대마리,기타,LED1,미채집,0,7,0,0,0,0,모기채집안됨,Y,2025-04-25,2025-04-09,최연희(chldusgmlek),2025년,04월,1주
